[debug] [2025-09-24T17:12:32.366Z] ----------------------------------------------------------------------
[debug] [2025-09-24T17:12:32.371Z] Command:       /opt/homebrew/Cellar/node/24.1.0/bin/node /opt/homebrew/bin/firebase deploy --only functions
[debug] [2025-09-24T17:12:32.372Z] CLI Version:   14.5.1
[debug] [2025-09-24T17:12:32.372Z] Platform:      darwin
[debug] [2025-09-24T17:12:32.372Z] Node Version:  v24.1.0
[debug] [2025-09-24T17:12:32.372Z] Time:          Wed Sep 24 2025 19:12:32 GMT+0200 (heure d’été d’Europe centrale)
[debug] [2025-09-24T17:12:32.372Z] ----------------------------------------------------------------------
[debug] 
[debug] [2025-09-24T17:12:32.471Z] Object "" in "firebase.json" has unknown property: {"additionalProperty":"flutter"}
[debug] [2025-09-24T17:12:32.473Z] > command requires scopes: ["email","openid","https://www.googleapis.com/auth/cloudplatformprojects.readonly","https://www.googleapis.com/auth/firebase","https://www.googleapis.com/auth/cloud-platform"]
[debug] [2025-09-24T17:12:32.473Z] > authorizing via signed-in user (cbeylet06@gmail.com)
[debug] [2025-09-24T17:12:32.474Z] [iam] checking project poppin-s-app for permissions ["cloudfunctions.functions.create","cloudfunctions.functions.delete","cloudfunctions.functions.get","cloudfunctions.functions.list","cloudfunctions.functions.update","cloudfunctions.operations.get","firebase.projects.get"]
[debug] [2025-09-24T17:12:32.474Z] Checked if tokens are valid: true, expires at: 1758736880538
[debug] [2025-09-24T17:12:32.474Z] Checked if tokens are valid: true, expires at: 1758736880538
[debug] [2025-09-24T17:12:32.475Z] >>> [apiv2][query] POST https://cloudresourcemanager.googleapis.com/v1/projects/poppin-s-app:testIamPermissions [none]
[debug] [2025-09-24T17:12:32.475Z] >>> [apiv2][(partial)header] POST https://cloudresourcemanager.googleapis.com/v1/projects/poppin-s-app:testIamPermissions x-goog-quota-user=projects/poppin-s-app
[debug] [2025-09-24T17:12:32.475Z] >>> [apiv2][body] POST https://cloudresourcemanager.googleapis.com/v1/projects/poppin-s-app:testIamPermissions {"permissions":["cloudfunctions.functions.create","cloudfunctions.functions.delete","cloudfunctions.functions.get","cloudfunctions.functions.list","cloudfunctions.functions.update","cloudfunctions.operations.get","firebase.projects.get"]}
[debug] [2025-09-24T17:12:33.242Z] <<< [apiv2][status] POST https://cloudresourcemanager.googleapis.com/v1/projects/poppin-s-app:testIamPermissions 200
[debug] [2025-09-24T17:12:33.242Z] <<< [apiv2][body] POST https://cloudresourcemanager.googleapis.com/v1/projects/poppin-s-app:testIamPermissions {"permissions":["cloudfunctions.functions.create","cloudfunctions.functions.delete","cloudfunctions.functions.get","cloudfunctions.functions.list","cloudfunctions.functions.update","cloudfunctions.operations.get","firebase.projects.get"]}
[debug] [2025-09-24T17:12:33.242Z] Checked if tokens are valid: true, expires at: 1758736880538
[debug] [2025-09-24T17:12:33.242Z] Checked if tokens are valid: true, expires at: 1758736880538
[debug] [2025-09-24T17:12:33.242Z] >>> [apiv2][query] POST https://iam.googleapis.com/v1/projects/poppin-s-app/serviceAccounts/poppin-s-app@appspot.gserviceaccount.com:testIamPermissions [none]
[debug] [2025-09-24T17:12:33.242Z] >>> [apiv2][body] POST https://iam.googleapis.com/v1/projects/poppin-s-app/serviceAccounts/poppin-s-app@appspot.gserviceaccount.com:testIamPermissions {"permissions":["iam.serviceAccounts.actAs"]}
[debug] [2025-09-24T17:12:33.956Z] <<< [apiv2][status] POST https://iam.googleapis.com/v1/projects/poppin-s-app/serviceAccounts/poppin-s-app@appspot.gserviceaccount.com:testIamPermissions 200
[debug] [2025-09-24T17:12:33.957Z] <<< [apiv2][body] POST https://iam.googleapis.com/v1/projects/poppin-s-app/serviceAccounts/poppin-s-app@appspot.gserviceaccount.com:testIamPermissions {"permissions":["iam.serviceAccounts.actAs"]}
[info] 
[info] === Deploying to 'poppin-s-app'...
[info] 
[info] i  deploying functions 
[info] Running command: npm --prefix "$RESOURCE_DIR" run lint
[info] ✔  functions: Finished running predeploy script. 
[debug] [2025-09-24T17:12:34.287Z] Checked if tokens are valid: true, expires at: 1758736880538
[debug] [2025-09-24T17:12:34.288Z] Checked if tokens are valid: true, expires at: 1758736880538
[debug] [2025-09-24T17:12:34.288Z] >>> [apiv2][query] GET https://serviceusage.googleapis.com/v1/projects/poppin-s-app/services/cloudresourcemanager.googleapis.com [none]
[debug] [2025-09-24T17:12:34.288Z] >>> [apiv2][(partial)header] GET https://serviceusage.googleapis.com/v1/projects/poppin-s-app/services/cloudresourcemanager.googleapis.com x-goog-quota-user=projects/poppin-s-app
[debug] [2025-09-24T17:12:35.276Z] <<< [apiv2][status] GET https://serviceusage.googleapis.com/v1/projects/poppin-s-app/services/cloudresourcemanager.googleapis.com 200
[debug] [2025-09-24T17:12:35.277Z] <<< [apiv2][body] GET https://serviceusage.googleapis.com/v1/projects/poppin-s-app/services/cloudresourcemanager.googleapis.com [omitted]
[debug] [2025-09-24T17:12:35.277Z] Checked if tokens are valid: true, expires at: 1758736880538
[debug] [2025-09-24T17:12:35.277Z] Checked if tokens are valid: true, expires at: 1758736880538
[debug] [2025-09-24T17:12:35.277Z] >>> [apiv2][query] GET https://cloudresourcemanager.googleapis.com/v1/projects/poppin-s-app [none]
[debug] [2025-09-24T17:12:35.456Z] <<< [apiv2][status] GET https://cloudresourcemanager.googleapis.com/v1/projects/poppin-s-app 200
[debug] [2025-09-24T17:12:35.456Z] <<< [apiv2][body] GET https://cloudresourcemanager.googleapis.com/v1/projects/poppin-s-app {"projectNumber":"402812477660","projectId":"poppin-s-app","lifecycleState":"ACTIVE","name":"Poppin-s app","labels":{"firebase":"enabled","firebase-core":"disabled"},"createTime":"2025-01-28T20:17:05.695588Z"}
[info] i  functions: preparing codebase default for deployment 
[info] i  functions: ensuring required API cloudfunctions.googleapis.com is enabled... 
[debug] [2025-09-24T17:12:35.458Z] Checked if tokens are valid: true, expires at: 1758736880538
[debug] [2025-09-24T17:12:35.458Z] Checked if tokens are valid: true, expires at: 1758736880538
[debug] [2025-09-24T17:12:35.459Z] Checked if tokens are valid: true, expires at: 1758736880538
[debug] [2025-09-24T17:12:35.459Z] Checked if tokens are valid: true, expires at: 1758736880538
[info] i  functions: ensuring required API cloudbuild.googleapis.com is enabled... 
[debug] [2025-09-24T17:12:35.459Z] Checked if tokens are valid: true, expires at: 1758736880538
[debug] [2025-09-24T17:12:35.459Z] Checked if tokens are valid: true, expires at: 1758736880538
[info] i  artifactregistry: ensuring required API artifactregistry.googleapis.com is enabled... 
[debug] [2025-09-24T17:12:35.459Z] Checked if tokens are valid: true, expires at: 1758736880538
[debug] [2025-09-24T17:12:35.459Z] Checked if tokens are valid: true, expires at: 1758736880538
[debug] [2025-09-24T17:12:35.460Z] >>> [apiv2][query] GET https://serviceusage.googleapis.com/v1/projects/poppin-s-app/services/cloudfunctions.googleapis.com [none]
[debug] [2025-09-24T17:12:35.460Z] >>> [apiv2][(partial)header] GET https://serviceusage.googleapis.com/v1/projects/poppin-s-app/services/cloudfunctions.googleapis.com x-goog-quota-user=projects/poppin-s-app
[debug] [2025-09-24T17:12:35.460Z] >>> [apiv2][query] GET https://serviceusage.googleapis.com/v1/projects/poppin-s-app/services/runtimeconfig.googleapis.com [none]
[debug] [2025-09-24T17:12:35.460Z] >>> [apiv2][(partial)header] GET https://serviceusage.googleapis.com/v1/projects/poppin-s-app/services/runtimeconfig.googleapis.com x-goog-quota-user=projects/poppin-s-app
[debug] [2025-09-24T17:12:35.462Z] >>> [apiv2][query] GET https://serviceusage.googleapis.com/v1/projects/poppin-s-app/services/cloudbuild.googleapis.com [none]
[debug] [2025-09-24T17:12:35.462Z] >>> [apiv2][(partial)header] GET https://serviceusage.googleapis.com/v1/projects/poppin-s-app/services/cloudbuild.googleapis.com x-goog-quota-user=projects/poppin-s-app
[debug] [2025-09-24T17:12:35.464Z] >>> [apiv2][query] GET https://serviceusage.googleapis.com/v1/projects/poppin-s-app/services/artifactregistry.googleapis.com [none]
[debug] [2025-09-24T17:12:35.464Z] >>> [apiv2][(partial)header] GET https://serviceusage.googleapis.com/v1/projects/poppin-s-app/services/artifactregistry.googleapis.com x-goog-quota-user=projects/poppin-s-app
[debug] [2025-09-24T17:12:36.288Z] <<< [apiv2][status] GET https://serviceusage.googleapis.com/v1/projects/poppin-s-app/services/cloudfunctions.googleapis.com 200
[debug] [2025-09-24T17:12:36.288Z] <<< [apiv2][body] GET https://serviceusage.googleapis.com/v1/projects/poppin-s-app/services/cloudfunctions.googleapis.com [omitted]
[info] ✔  functions: required API cloudfunctions.googleapis.com is enabled 
[debug] [2025-09-24T17:12:36.318Z] <<< [apiv2][status] GET https://serviceusage.googleapis.com/v1/projects/poppin-s-app/services/artifactregistry.googleapis.com 200
[debug] [2025-09-24T17:12:36.318Z] <<< [apiv2][body] GET https://serviceusage.googleapis.com/v1/projects/poppin-s-app/services/artifactregistry.googleapis.com [omitted]
[info] ✔  artifactregistry: required API artifactregistry.googleapis.com is enabled 
[debug] [2025-09-24T17:12:36.319Z] <<< [apiv2][status] GET https://serviceusage.googleapis.com/v1/projects/poppin-s-app/services/runtimeconfig.googleapis.com 200
[debug] [2025-09-24T17:12:36.319Z] <<< [apiv2][body] GET https://serviceusage.googleapis.com/v1/projects/poppin-s-app/services/runtimeconfig.googleapis.com [omitted]
[debug] [2025-09-24T17:12:36.320Z] <<< [apiv2][status] GET https://serviceusage.googleapis.com/v1/projects/poppin-s-app/services/cloudbuild.googleapis.com 200
[debug] [2025-09-24T17:12:36.320Z] <<< [apiv2][body] GET https://serviceusage.googleapis.com/v1/projects/poppin-s-app/services/cloudbuild.googleapis.com [omitted]
[info] ✔  functions: required API cloudbuild.googleapis.com is enabled 
[debug] [2025-09-24T17:12:36.321Z] Checked if tokens are valid: true, expires at: 1758736880538
[debug] [2025-09-24T17:12:36.321Z] Checked if tokens are valid: true, expires at: 1758736880538
[debug] [2025-09-24T17:12:36.321Z] >>> [apiv2][query] GET https://firebase.googleapis.com/v1beta1/projects/poppin-s-app/adminSdkConfig [none]
[debug] [2025-09-24T17:12:36.845Z] <<< [apiv2][status] GET https://firebase.googleapis.com/v1beta1/projects/poppin-s-app/adminSdkConfig 200
[debug] [2025-09-24T17:12:36.845Z] <<< [apiv2][body] GET https://firebase.googleapis.com/v1beta1/projects/poppin-s-app/adminSdkConfig {"projectId":"poppin-s-app","storageBucket":"poppin-s-app.firebasestorage.app"}
[debug] [2025-09-24T17:12:36.846Z] Checked if tokens are valid: true, expires at: 1758736880538
[debug] [2025-09-24T17:12:36.846Z] Checked if tokens are valid: true, expires at: 1758736880538
[debug] [2025-09-24T17:12:36.846Z] >>> [apiv2][query] GET https://runtimeconfig.googleapis.com/v1beta1/projects/poppin-s-app/configs [none]
[debug] [2025-09-24T17:12:37.155Z] <<< [apiv2][status] GET https://runtimeconfig.googleapis.com/v1beta1/projects/poppin-s-app/configs 200
[debug] [2025-09-24T17:12:37.155Z] <<< [apiv2][body] GET https://runtimeconfig.googleapis.com/v1beta1/projects/poppin-s-app/configs {"configs":[{"name":"projects/poppin-s-app/configs/email"}]}
[debug] [2025-09-24T17:12:37.156Z] Checked if tokens are valid: true, expires at: 1758736880538
[debug] [2025-09-24T17:12:37.156Z] Checked if tokens are valid: true, expires at: 1758736880538
[debug] [2025-09-24T17:12:37.156Z] >>> [apiv2][query] GET https://runtimeconfig.googleapis.com/v1beta1/projects/poppin-s-app/configs/email/variables [none]
[debug] [2025-09-24T17:12:37.369Z] <<< [apiv2][status] GET https://runtimeconfig.googleapis.com/v1beta1/projects/poppin-s-app/configs/email/variables 200
[debug] [2025-09-24T17:12:37.370Z] <<< [apiv2][body] GET https://runtimeconfig.googleapis.com/v1beta1/projects/poppin-s-app/configs/email/variables {"variables":[{"name":"projects/poppin-s-app/configs/email/variables/user","updateTime":"2025-03-09T18:06:10.398865328Z"}]}
[debug] [2025-09-24T17:12:37.370Z] Checked if tokens are valid: true, expires at: 1758736880538
[debug] [2025-09-24T17:12:37.370Z] Checked if tokens are valid: true, expires at: 1758736880538
[debug] [2025-09-24T17:12:37.370Z] >>> [apiv2][query] GET https://runtimeconfig.googleapis.com/v1beta1/projects/poppin-s-app/configs/email/variables/user [none]
[debug] [2025-09-24T17:12:37.598Z] <<< [apiv2][status] GET https://runtimeconfig.googleapis.com/v1beta1/projects/poppin-s-app/configs/email/variables/user 200
[debug] [2025-09-24T17:12:37.599Z] <<< [apiv2][body] GET https://runtimeconfig.googleapis.com/v1beta1/projects/poppin-s-app/configs/email/variables/user {"name":"projects/poppin-s-app/configs/email/variables/user","updateTime":"2025-03-09T18:06:10.398865328Z","text":"contact@poppin-s.app"}
[debug] [2025-09-24T17:12:37.602Z] Validating nodejs source
[warn] ⚠  functions: package.json indicates an outdated version of firebase-functions. Please upgrade using npm install --save firebase-functions@latest in your functions directory. 
[debug] [2025-09-24T17:12:38.103Z] > [functions] package.json contents: {
  "name": "functions",
  "description": "Cloud Functions for Firebase",
  "scripts": {
    "lint": "echo 'Lint disabled'",
    "serve": "firebase emulators:start --only functions",
    "shell": "firebase functions:shell",
    "start": "npm run shell",
    "deploy": "firebase deploy --only functions",
    "logs": "firebase functions:log"
  },
  "engines": {
    "node": "22"
  },
  "main": "index.js",
  "dependencies": {
    "firebase-admin": "^12.6.0",
    "firebase-functions": "^6.0.1",
    "handlebars": "^4.7.8",
    "node-mailjet": "^6.0.8"
  },
  "devDependencies": {
    "firebase-functions-test": "^3.1.0"
  },
  "private": true
}
[debug] [2025-09-24T17:12:38.103Z] Building nodejs source
[info] i  functions: Loading and analyzing source code for codebase default to determine what to deploy 
[debug] [2025-09-24T17:12:38.104Z] Could not find functions.yaml. Must use http discovery
[debug] [2025-09-24T17:12:38.110Z] Found firebase-functions binary at '/Users/chrismac/poppins/functions/node_modules/.bin/firebase-functions'
[info] Serving at port 8681

[debug] [2025-09-24T17:12:38.464Z] Got response from /__/functions.yaml {"endpoints":{"sendEmailToParent":{"availableMemoryMb":null,"timeoutSeconds":null,"minInstances":null,"maxInstances":null,"ingressSettings":null,"concurrency":null,"serviceAccountEmail":null,"vpc":null,"platform":"gcfv2","region":["europe-west1"],"labels":{},"callableTrigger":{},"entryPoint":"sendEmailToParent"},"acceptDelegation":{"availableMemoryMb":null,"timeoutSeconds":null,"minInstances":null,"maxInstances":null,"ingressSettings":null,"concurrency":null,"serviceAccountEmail":null,"vpc":null,"platform":"gcfv2","region":["europe-west1"],"labels":{},"callableTrigger":{},"entryPoint":"acceptDelegation"},"declineDelegation":{"availableMemoryMb":null,"timeoutSeconds":null,"minInstances":null,"maxInstances":null,"ingressSettings":null,"concurrency":null,"serviceAccountEmail":null,"vpc":null,"platform":"gcfv2","region":["europe-west1"],"labels":{},"callableTrigger":{},"entryPoint":"declineDelegation"},"cancelDelegation":{"availableMemoryMb":null,"timeoutSeconds":null,"minInstances":null,"maxInstances":null,"ingressSettings":null,"concurrency":null,"serviceAccountEmail":null,"vpc":null,"platform":"gcfv2","region":["europe-west1"],"labels":{},"callableTrigger":{},"entryPoint":"cancelDelegation"},"onDelegationCreated":{"availableMemoryMb":null,"timeoutSeconds":null,"minInstances":null,"maxInstances":null,"ingressSettings":null,"concurrency":null,"serviceAccountEmail":null,"vpc":null,"platform":"gcfv2","region":["europe-west1"],"labels":{},"eventTrigger":{"eventType":"google.cloud.firestore.document.v1.created","eventFilters":{"database":"(default)","namespace":"(default)"},"eventFilterPathPatterns":{"document":"structures/{structureId}/delegations/{delegationId}"},"retry":false},"entryPoint":"onDelegationCreated"},"processEmailQueue":{"availableMemoryMb":null,"timeoutSeconds":null,"minInstances":null,"maxInstances":null,"ingressSettings":null,"concurrency":null,"serviceAccountEmail":null,"vpc":null,"platform":"gcfv2","region":["europe-west1"],"labels":{},"eventTrigger":{"eventType":"google.cloud.firestore.document.v1.created","eventFilters":{"database":"(default)","namespace":"(default)"},"eventFilterPathPatterns":{"document":"emailQueue/{emailId}"},"retry":false},"entryPoint":"processEmailQueue"},"retryFailedEmails":{"availableMemoryMb":null,"timeoutSeconds":null,"minInstances":null,"maxInstances":null,"ingressSettings":null,"concurrency":null,"serviceAccountEmail":null,"vpc":null,"platform":"gcfv2","region":["europe-west1"],"labels":{},"scheduleTrigger":{"schedule":"every 2 hours","retryConfig":{}},"entryPoint":"retryFailedEmails"},"sendNotification":{"availableMemoryMb":null,"timeoutSeconds":null,"minInstances":null,"maxInstances":null,"ingressSettings":null,"concurrency":null,"serviceAccountEmail":null,"vpc":null,"platform":"gcfv2","region":["europe-west1"],"labels":{},"eventTrigger":{"eventType":"google.cloud.firestore.document.v1.created","eventFilters":{"database":"(default)","namespace":"(default)"},"eventFilterPathPatterns":{"document":"notifications/{notificationId}"},"retry":false},"entryPoint":"sendNotification"},"onNewMessage":{"availableMemoryMb":null,"timeoutSeconds":null,"minInstances":null,"maxInstances":null,"ingressSettings":null,"concurrency":null,"serviceAccountEmail":null,"vpc":null,"platform":"gcfv2","region":["europe-west1"],"labels":{},"eventTrigger":{"eventType":"google.cloud.firestore.document.v1.created","eventFilters":{"database":"(default)","namespace":"(default)"},"eventFilterPathPatterns":{"document":"exchanges/{messageId}"},"retry":false},"entryPoint":"onNewMessage"},"testNotification":{"availableMemoryMb":null,"timeoutSeconds":null,"minInstances":null,"maxInstances":null,"ingressSettings":null,"concurrency":null,"serviceAccountEmail":null,"vpc":null,"platform":"gcfv2","region":["europe-west1"],"labels":{},"callableTrigger":{},"entryPoint":"testNotification"},"cleanupOldNotifications":{"availableMemoryMb":null,"timeoutSeconds":null,"minInstances":null,"maxInstances":null,"ingressSettings":null,"concurrency":null,"serviceAccountEmail":null,"vpc":null,"platform":"gcfv2","region":["europe-west1"],"labels":{},"scheduleTrigger":{"schedule":"every 24 hours","retryConfig":{}},"entryPoint":"cleanupOldNotifications"},"onStockNeedsUpdated":{"availableMemoryMb":null,"timeoutSeconds":null,"minInstances":null,"maxInstances":null,"ingressSettings":null,"concurrency":null,"serviceAccountEmail":null,"vpc":null,"platform":"gcfv2","region":["europe-west1"],"labels":{},"eventTrigger":{"eventType":"google.cloud.firestore.document.v1.written","eventFilters":{"database":"(default)","namespace":"(default)"},"eventFilterPathPatterns":{"document":"structures/{structureId}/children/{childId}/stocks/current"},"retry":false},"entryPoint":"onStockNeedsUpdated"}},"specVersion":"v1alpha1","requiredAPIs":[{"api":"cloudscheduler.googleapis.com","reason":"Needed for scheduled functions."}],"extensions":{}}
[info] i  extensions: ensuring required API firebaseextensions.googleapis.com is enabled... 
[debug] [2025-09-24T17:12:42.485Z] Checked if tokens are valid: true, expires at: 1758736880538
[debug] [2025-09-24T17:12:42.485Z] Checked if tokens are valid: true, expires at: 1758736880538
[debug] [2025-09-24T17:12:42.486Z] >>> [apiv2][query] GET https://serviceusage.googleapis.com/v1/projects/poppin-s-app/services/firebaseextensions.googleapis.com [none]
[debug] [2025-09-24T17:12:42.486Z] >>> [apiv2][(partial)header] GET https://serviceusage.googleapis.com/v1/projects/poppin-s-app/services/firebaseextensions.googleapis.com x-goog-quota-user=projects/poppin-s-app
[debug] [2025-09-24T17:12:43.401Z] <<< [apiv2][status] GET https://serviceusage.googleapis.com/v1/projects/poppin-s-app/services/firebaseextensions.googleapis.com 200
[debug] [2025-09-24T17:12:43.401Z] <<< [apiv2][body] GET https://serviceusage.googleapis.com/v1/projects/poppin-s-app/services/firebaseextensions.googleapis.com [omitted]
[info] ✔  extensions: required API firebaseextensions.googleapis.com is enabled 
[debug] [2025-09-24T17:12:43.402Z] > command requires scopes: ["email","openid","https://www.googleapis.com/auth/cloudplatformprojects.readonly","https://www.googleapis.com/auth/firebase","https://www.googleapis.com/auth/cloud-platform"]
[debug] [2025-09-24T17:12:43.402Z] > authorizing via signed-in user (cbeylet06@gmail.com)
[debug] [2025-09-24T17:12:43.402Z] [iam] checking project poppin-s-app for permissions ["firebase.projects.get","firebaseextensions.instances.list"]
[debug] [2025-09-24T17:12:43.402Z] Checked if tokens are valid: true, expires at: 1758736880538
[debug] [2025-09-24T17:12:43.402Z] Checked if tokens are valid: true, expires at: 1758736880538
[debug] [2025-09-24T17:12:43.403Z] >>> [apiv2][query] POST https://cloudresourcemanager.googleapis.com/v1/projects/poppin-s-app:testIamPermissions [none]
[debug] [2025-09-24T17:12:43.403Z] >>> [apiv2][(partial)header] POST https://cloudresourcemanager.googleapis.com/v1/projects/poppin-s-app:testIamPermissions x-goog-quota-user=projects/poppin-s-app
[debug] [2025-09-24T17:12:43.403Z] >>> [apiv2][body] POST https://cloudresourcemanager.googleapis.com/v1/projects/poppin-s-app:testIamPermissions {"permissions":["firebase.projects.get","firebaseextensions.instances.list"]}
[debug] [2025-09-24T17:12:44.088Z] <<< [apiv2][status] POST https://cloudresourcemanager.googleapis.com/v1/projects/poppin-s-app:testIamPermissions 200
[debug] [2025-09-24T17:12:44.089Z] <<< [apiv2][body] POST https://cloudresourcemanager.googleapis.com/v1/projects/poppin-s-app:testIamPermissions {"permissions":["firebase.projects.get","firebaseextensions.instances.list"]}
[debug] [2025-09-24T17:12:44.090Z] Checked if tokens are valid: true, expires at: 1758736880538
[debug] [2025-09-24T17:12:44.090Z] Checked if tokens are valid: true, expires at: 1758736880538
[debug] [2025-09-24T17:12:44.090Z] >>> [apiv2][query] GET https://firebaseextensions.googleapis.com/v1beta/projects/poppin-s-app/instances pageSize=100&pageToken=
[debug] [2025-09-24T17:12:44.949Z] <<< [apiv2][status] GET https://firebaseextensions.googleapis.com/v1beta/projects/poppin-s-app/instances 200
[debug] [2025-09-24T17:12:44.949Z] <<< [apiv2][body] GET https://firebaseextensions.googleapis.com/v1beta/projects/poppin-s-app/instances {}
[info] i  functions: Loaded environment variables from .env. 
[info] i  functions: preparing functions directory for uploading... 
[info] i  functions: packaged /Users/chrismac/poppins/functions (946 KB) for uploading 
[debug] [2025-09-24T17:12:45.047Z] Checked if tokens are valid: true, expires at: 1758736880538
[debug] [2025-09-24T17:12:45.047Z] Checked if tokens are valid: true, expires at: 1758736880538
[debug] [2025-09-24T17:12:45.047Z] >>> [apiv2][query] GET https://cloudfunctions.googleapis.com/v1/projects/poppin-s-app/locations/-/functions [none]
[debug] [2025-09-24T17:12:45.648Z] <<< [apiv2][status] GET https://cloudfunctions.googleapis.com/v1/projects/poppin-s-app/locations/-/functions 200
[debug] [2025-09-24T17:12:45.648Z] <<< [apiv2][body] GET https://cloudfunctions.googleapis.com/v1/projects/poppin-s-app/locations/-/functions {}
[debug] [2025-09-24T17:12:45.649Z] Checked if tokens are valid: true, expires at: 1758736880538
[debug] [2025-09-24T17:12:45.649Z] Checked if tokens are valid: true, expires at: 1758736880538
[debug] [2025-09-24T17:12:45.649Z] >>> [apiv2][query] GET https://cloudfunctions.googleapis.com/v2/projects/poppin-s-app/locations/-/functions filter=environment%3D%22GEN_2%22
[debug] [2025-09-24T17:12:46.608Z] <<< [apiv2][status] GET https://cloudfunctions.googleapis.com/v2/projects/poppin-s-app/locations/-/functions 200
[debug] [2025-09-24T17:12:46.608Z] <<< [apiv2][body] GET https://cloudfunctions.googleapis.com/v2/projects/poppin-s-app/locations/-/functions {"functions":[{"name":"projects/poppin-s-app/locations/europe-west1/functions/declineDelegation","buildConfig":{"build":"projects/402812477660/locations/europe-west1/builds/b7a6b983-7c73-46a1-8db3-ced561d589a9","runtime":"nodejs20","entryPoint":"declineDelegation","source":{"storageSource":{"bucket":"gcf-v2-sources-402812477660-europe-west1","object":"declineDelegation/function-source.zip","generation":"1758733376216560"}},"environmentVariables":{"GOOGLE_NODE_RUN_SCRIPTS":""},"dockerRepository":"projects/poppin-s-app/locations/europe-west1/repositories/gcf-artifacts","sourceProvenance":{"resolvedStorageSource":{"bucket":"gcf-v2-sources-402812477660-europe-west1","object":"declineDelegation/function-source.zip","generation":"1758733376216560"}},"dockerRegistry":"ARTIFACT_REGISTRY","serviceAccount":"projects/poppin-s-app/serviceAccounts/402812477660-compute@developer.gserviceaccount.com","automaticUpdatePolicy":{}},"serviceConfig":{"service":"projects/poppin-s-app/locations/europe-west1/services/declinedelegation","timeoutSeconds":60,"environmentVariables":{"EMAIL_USER":"votre_email@gmail.com","EMAIL_PASSWORD":"votre_mot_de_passe_securise","FIREBASE_CONFIG":"{\"projectId\":\"poppin-s-app\",\"storageBucket\":\"poppin-s-app.firebasestorage.app\"}","GCLOUD_PROJECT":"poppin-s-app","EVENTARC_CLOUD_EVENT_SOURCE":"projects/poppin-s-app/locations/europe-west1/services/declineDelegation","FUNCTION_TARGET":"declineDelegation","LOG_EXECUTION_ID":"true","FUNCTION_SIGNATURE_TYPE":"http"},"maxInstanceCount":3,"ingressSettings":"ALLOW_ALL","uri":"https://declinedelegation-j3na7x5n2a-ew.a.run.app","serviceAccountEmail":"402812477660-compute@developer.gserviceaccount.com","availableMemory":"256Mi","allTrafficOnLatestRevision":true,"revision":"declinedelegation-00004-jos","maxInstanceRequestConcurrency":80,"availableCpu":"1"},"state":"ACTIVE","updateTime":"2025-09-24T17:03:06.575301584Z","labels":{"deployment-callable":"true","firebase-functions-hash":"8c1b14dd04bc4fd9fc9a5ddd92d8358a9d0116a7","deployment-tool":"cli-firebase"},"environment":"GEN_2","url":"https://europe-west1-poppin-s-app.cloudfunctions.net/declineDelegation","createTime":"2025-09-13T20:19:58.976331644Z","satisfiesPzi":true},{"name":"projects/poppin-s-app/locations/europe-west1/functions/retryFailedEmails","buildConfig":{"build":"projects/402812477660/locations/europe-west1/builds/b7a6b983-7c73-46a1-8db3-ced561d589a9","runtime":"nodejs20","entryPoint":"retryFailedEmails","source":{"storageSource":{"bucket":"gcf-v2-sources-402812477660-europe-west1","object":"retryFailedEmails/function-source.zip","generation":"1758733376031637"}},"environmentVariables":{"GOOGLE_NODE_RUN_SCRIPTS":""},"dockerRepository":"projects/poppin-s-app/locations/europe-west1/repositories/gcf-artifacts","sourceProvenance":{"resolvedStorageSource":{"bucket":"gcf-v2-sources-402812477660-europe-west1","object":"retryFailedEmails/function-source.zip","generation":"1758733376031637"}},"dockerRegistry":"ARTIFACT_REGISTRY","serviceAccount":"projects/poppin-s-app/serviceAccounts/402812477660-compute@developer.gserviceaccount.com","automaticUpdatePolicy":{}},"serviceConfig":{"service":"projects/poppin-s-app/locations/europe-west1/services/retryfailedemails","timeoutSeconds":60,"environmentVariables":{"EMAIL_USER":"votre_email@gmail.com","EMAIL_PASSWORD":"votre_mot_de_passe_securise","FIREBASE_CONFIG":"{\"projectId\":\"poppin-s-app\",\"storageBucket\":\"poppin-s-app.firebasestorage.app\"}","GCLOUD_PROJECT":"poppin-s-app","EVENTARC_CLOUD_EVENT_SOURCE":"projects/poppin-s-app/locations/europe-west1/services/retryFailedEmails","FUNCTION_TARGET":"retryFailedEmails","LOG_EXECUTION_ID":"true","FUNCTION_SIGNATURE_TYPE":"http"},"maxInstanceCount":3,"ingressSettings":"ALLOW_ALL","uri":"https://retryfailedemails-j3na7x5n2a-ew.a.run.app","serviceAccountEmail":"402812477660-compute@developer.gserviceaccount.com","availableMemory":"256Mi","allTrafficOnLatestRevision":true,"revision":"retryfailedemails-00013-tip","maxInstanceRequestConcurrency":80,"availableCpu":"1"},"state":"ACTIVE","updateTime":"2025-09-24T17:03:03.018688177Z","labels":{"deployment-scheduled":"true","firebase-functions-hash":"8c1b14dd04bc4fd9fc9a5ddd92d8358a9d0116a7","deployment-tool":"cli-firebase"},"environment":"GEN_2","url":"https://europe-west1-poppin-s-app.cloudfunctions.net/retryFailedEmails","createTime":"2025-06-02T14:51:54.376421419Z","satisfiesPzi":true},{"name":"projects/poppin-s-app/locations/europe-west1/functions/cancelDelegation","buildConfig":{"build":"projects/402812477660/locations/europe-west1/builds/b7a6b983-7c73-46a1-8db3-ced561d589a9","runtime":"nodejs20","entryPoint":"cancelDelegation","source":{"storageSource":{"bucket":"gcf-v2-sources-402812477660-europe-west1","object":"cancelDelegation/function-source.zip","generation":"1758733376075305"}},"environmentVariables":{"GOOGLE_NODE_RUN_SCRIPTS":""},"dockerRepository":"projects/poppin-s-app/locations/europe-west1/repositories/gcf-artifacts","sourceProvenance":{"resolvedStorageSource":{"bucket":"gcf-v2-sources-402812477660-europe-west1","object":"cancelDelegation/function-source.zip","generation":"1758733376075305"}},"dockerRegistry":"ARTIFACT_REGISTRY","serviceAccount":"projects/poppin-s-app/serviceAccounts/402812477660-compute@developer.gserviceaccount.com","automaticUpdatePolicy":{}},"serviceConfig":{"service":"projects/poppin-s-app/locations/europe-west1/services/canceldelegation","timeoutSeconds":60,"environmentVariables":{"EMAIL_USER":"votre_email@gmail.com","EMAIL_PASSWORD":"votre_mot_de_passe_securise","FIREBASE_CONFIG":"{\"projectId\":\"poppin-s-app\",\"storageBucket\":\"poppin-s-app.firebasestorage.app\"}","GCLOUD_PROJECT":"poppin-s-app","EVENTARC_CLOUD_EVENT_SOURCE":"projects/poppin-s-app/locations/europe-west1/services/cancelDelegation","FUNCTION_TARGET":"cancelDelegation","LOG_EXECUTION_ID":"true","FUNCTION_SIGNATURE_TYPE":"http"},"maxInstanceCount":3,"ingressSettings":"ALLOW_ALL","uri":"https://canceldelegation-j3na7x5n2a-ew.a.run.app","serviceAccountEmail":"402812477660-compute@developer.gserviceaccount.com","availableMemory":"256Mi","allTrafficOnLatestRevision":true,"revision":"canceldelegation-00004-ruw","maxInstanceRequestConcurrency":80,"availableCpu":"1"},"state":"ACTIVE","updateTime":"2025-09-24T17:03:05.584171305Z","labels":{"deployment-callable":"true","firebase-functions-hash":"8c1b14dd04bc4fd9fc9a5ddd92d8358a9d0116a7","deployment-tool":"cli-firebase"},"environment":"GEN_2","url":"https://europe-west1-poppin-s-app.cloudfunctions.net/cancelDelegation","createTime":"2025-09-13T20:19:58.776399503Z","satisfiesPzi":true},{"name":"projects/poppin-s-app/locations/europe-west1/functions/cleanupOldNotifications","buildConfig":{"build":"projects/402812477660/locations/europe-west1/builds/b7a6b983-7c73-46a1-8db3-ced561d589a9","runtime":"nodejs20","entryPoint":"cleanupOldNotifications","source":{"storageSource":{"bucket":"gcf-v2-sources-402812477660-europe-west1","object":"cleanupOldNotifications/function-source.zip","generation":"1758733376222472"}},"environmentVariables":{"GOOGLE_NODE_RUN_SCRIPTS":""},"dockerRepository":"projects/poppin-s-app/locations/europe-west1/repositories/gcf-artifacts","sourceProvenance":{"resolvedStorageSource":{"bucket":"gcf-v2-sources-402812477660-europe-west1","object":"cleanupOldNotifications/function-source.zip","generation":"1758733376222472"}},"dockerRegistry":"ARTIFACT_REGISTRY","serviceAccount":"projects/poppin-s-app/serviceAccounts/402812477660-compute@developer.gserviceaccount.com","automaticUpdatePolicy":{}},"serviceConfig":{"service":"projects/poppin-s-app/locations/europe-west1/services/cleanupoldnotifications","timeoutSeconds":60,"environmentVariables":{"EMAIL_USER":"votre_email@gmail.com","EMAIL_PASSWORD":"votre_mot_de_passe_securise","FIREBASE_CONFIG":"{\"projectId\":\"poppin-s-app\",\"storageBucket\":\"poppin-s-app.firebasestorage.app\"}","GCLOUD_PROJECT":"poppin-s-app","EVENTARC_CLOUD_EVENT_SOURCE":"projects/poppin-s-app/locations/europe-west1/services/cleanupOldNotifications","FUNCTION_TARGET":"cleanupOldNotifications","LOG_EXECUTION_ID":"true","FUNCTION_SIGNATURE_TYPE":"http"},"maxInstanceCount":3,"ingressSettings":"ALLOW_ALL","uri":"https://cleanupoldnotifications-j3na7x5n2a-ew.a.run.app","serviceAccountEmail":"402812477660-compute@developer.gserviceaccount.com","availableMemory":"256Mi","allTrafficOnLatestRevision":true,"revision":"cleanupoldnotifications-00007-qus","maxInstanceRequestConcurrency":80,"availableCpu":"1"},"state":"ACTIVE","updateTime":"2025-09-24T17:03:06.167858442Z","labels":{"firebase-functions-hash":"8c1b14dd04bc4fd9fc9a5ddd92d8358a9d0116a7","deployment-tool":"cli-firebase","deployment-scheduled":"true"},"environment":"GEN_2","url":"https://europe-west1-poppin-s-app.cloudfunctions.net/cleanupOldNotifications","createTime":"2025-09-04T16:07:28.778530291Z","satisfiesPzi":true},{"name":"projects/poppin-s-app/locations/europe-west1/functions/sendNotification","buildConfig":{"build":"projects/402812477660/locations/europe-west1/builds/b7a6b983-7c73-46a1-8db3-ced561d589a9","runtime":"nodejs20","entryPoint":"sendNotification","source":{"storageSource":{"bucket":"gcf-v2-sources-402812477660-europe-west1","object":"sendNotification/function-source.zip","generation":"1758733376204936"}},"environmentVariables":{"GOOGLE_NODE_RUN_SCRIPTS":""},"dockerRepository":"projects/poppin-s-app/locations/europe-west1/repositories/gcf-artifacts","sourceProvenance":{"resolvedStorageSource":{"bucket":"gcf-v2-sources-402812477660-europe-west1","object":"sendNotification/function-source.zip","generation":"1758733376204936"}},"dockerRegistry":"ARTIFACT_REGISTRY","serviceAccount":"projects/poppin-s-app/serviceAccounts/402812477660-compute@developer.gserviceaccount.com","automaticUpdatePolicy":{}},"serviceConfig":{"service":"projects/poppin-s-app/locations/europe-west1/services/sendnotification","timeoutSeconds":60,"environmentVariables":{"EMAIL_USER":"votre_email@gmail.com","EMAIL_PASSWORD":"votre_mot_de_passe_securise","FIREBASE_CONFIG":"{\"projectId\":\"poppin-s-app\",\"storageBucket\":\"poppin-s-app.firebasestorage.app\"}","GCLOUD_PROJECT":"poppin-s-app","EVENTARC_CLOUD_EVENT_SOURCE":"projects/poppin-s-app/locations/europe-west1/services/sendNotification","FUNCTION_SIGNATURE_TYPE":"cloudevent","FUNCTION_TARGET":"sendNotification","LOG_EXECUTION_ID":"true"},"maxInstanceCount":3,"ingressSettings":"ALLOW_ALL","uri":"https://sendnotification-j3na7x5n2a-ew.a.run.app","serviceAccountEmail":"402812477660-compute@developer.gserviceaccount.com","availableMemory":"256Mi","allTrafficOnLatestRevision":true,"revision":"sendnotification-00007-moq","maxInstanceRequestConcurrency":80,"availableCpu":"1"},"eventTrigger":{"trigger":"projects/poppin-s-app/locations/europe-west9/triggers/sendnotification-959171","triggerRegion":"europe-west9","eventType":"google.cloud.firestore.document.v1.created","eventFilters":[{"attribute":"database","value":"(default)"},{"attribute":"namespace","value":"(default)"},{"attribute":"document","value":"notifications/{notificationId}","operator":"match-path-pattern"}],"pubsubTopic":"projects/poppin-s-app/topics/eventarc-europe-west9-sendnotification-959171-415","serviceAccountEmail":"402812477660-compute@developer.gserviceaccount.com","retryPolicy":"RETRY_POLICY_DO_NOT_RETRY"},"state":"ACTIVE","updateTime":"2025-09-24T17:03:06.705964526Z","labels":{"deployment-tool":"cli-firebase","firebase-functions-hash":"8c1b14dd04bc4fd9fc9a5ddd92d8358a9d0116a7"},"environment":"GEN_2","url":"https://europe-west1-poppin-s-app.cloudfunctions.net/sendNotification","createTime":"2025-09-04T16:06:01.181580768Z","satisfiesPzi":true},{"name":"projects/poppin-s-app/locations/europe-west1/functions/onNewMessage","buildConfig":{"build":"projects/402812477660/locations/europe-west1/builds/b7a6b983-7c73-46a1-8db3-ced561d589a9","runtime":"nodejs20","entryPoint":"onNewMessage","source":{"storageSource":{"bucket":"gcf-v2-sources-402812477660-europe-west1","object":"onNewMessage/function-source.zip","generation":"1758733376447997"}},"environmentVariables":{"GOOGLE_NODE_RUN_SCRIPTS":""},"dockerRepository":"projects/poppin-s-app/locations/europe-west1/repositories/gcf-artifacts","sourceProvenance":{"resolvedStorageSource":{"bucket":"gcf-v2-sources-402812477660-europe-west1","object":"onNewMessage/function-source.zip","generation":"1758733376447997"}},"dockerRegistry":"ARTIFACT_REGISTRY","serviceAccount":"projects/poppin-s-app/serviceAccounts/402812477660-compute@developer.gserviceaccount.com","automaticUpdatePolicy":{}},"serviceConfig":{"service":"projects/poppin-s-app/locations/europe-west1/services/onnewmessage","timeoutSeconds":60,"environmentVariables":{"EMAIL_USER":"votre_email@gmail.com","EMAIL_PASSWORD":"votre_mot_de_passe_securise","FIREBASE_CONFIG":"{\"projectId\":\"poppin-s-app\",\"storageBucket\":\"poppin-s-app.firebasestorage.app\"}","GCLOUD_PROJECT":"poppin-s-app","EVENTARC_CLOUD_EVENT_SOURCE":"projects/poppin-s-app/locations/europe-west1/services/onNewMessage","FUNCTION_SIGNATURE_TYPE":"cloudevent","FUNCTION_TARGET":"onNewMessage","LOG_EXECUTION_ID":"true"},"maxInstanceCount":3,"ingressSettings":"ALLOW_ALL","uri":"https://onnewmessage-j3na7x5n2a-ew.a.run.app","serviceAccountEmail":"402812477660-compute@developer.gserviceaccount.com","availableMemory":"256Mi","allTrafficOnLatestRevision":true,"revision":"onnewmessage-00007-paf","maxInstanceRequestConcurrency":80,"availableCpu":"1"},"eventTrigger":{"trigger":"projects/poppin-s-app/locations/europe-west9/triggers/onnewmessage-930037","triggerRegion":"europe-west9","eventType":"google.cloud.firestore.document.v1.created","eventFilters":[{"attribute":"document","value":"exchanges/{messageId}","operator":"match-path-pattern"},{"attribute":"database","value":"(default)"},{"attribute":"namespace","value":"(default)"}],"pubsubTopic":"projects/poppin-s-app/topics/eventarc-europe-west9-onnewmessage-930037-538","serviceAccountEmail":"402812477660-compute@developer.gserviceaccount.com","retryPolicy":"RETRY_POLICY_DO_NOT_RETRY"},"state":"ACTIVE","updateTime":"2025-09-24T17:03:05.597401035Z","labels":{"deployment-tool":"cli-firebase","firebase-functions-hash":"8c1b14dd04bc4fd9fc9a5ddd92d8358a9d0116a7"},"environment":"GEN_2","url":"https://europe-west1-poppin-s-app.cloudfunctions.net/onNewMessage","createTime":"2025-09-04T16:07:28.776307743Z","satisfiesPzi":true},{"name":"projects/poppin-s-app/locations/europe-west1/functions/testNotification","buildConfig":{"build":"projects/402812477660/locations/europe-west1/builds/b7a6b983-7c73-46a1-8db3-ced561d589a9","runtime":"nodejs20","entryPoint":"testNotification","source":{"storageSource":{"bucket":"gcf-v2-sources-402812477660-europe-west1","object":"testNotification/function-source.zip","generation":"1758733376162763"}},"environmentVariables":{"GOOGLE_NODE_RUN_SCRIPTS":""},"dockerRepository":"projects/poppin-s-app/locations/europe-west1/repositories/gcf-artifacts","sourceProvenance":{"resolvedStorageSource":{"bucket":"gcf-v2-sources-402812477660-europe-west1","object":"testNotification/function-source.zip","generation":"1758733376162763"}},"dockerRegistry":"ARTIFACT_REGISTRY","serviceAccount":"projects/poppin-s-app/serviceAccounts/402812477660-compute@developer.gserviceaccount.com","automaticUpdatePolicy":{}},"serviceConfig":{"service":"projects/poppin-s-app/locations/europe-west1/services/testnotification","timeoutSeconds":60,"environmentVariables":{"EMAIL_USER":"votre_email@gmail.com","EMAIL_PASSWORD":"votre_mot_de_passe_securise","FIREBASE_CONFIG":"{\"projectId\":\"poppin-s-app\",\"storageBucket\":\"poppin-s-app.firebasestorage.app\"}","GCLOUD_PROJECT":"poppin-s-app","EVENTARC_CLOUD_EVENT_SOURCE":"projects/poppin-s-app/locations/europe-west1/services/testNotification","FUNCTION_TARGET":"testNotification","LOG_EXECUTION_ID":"true","FUNCTION_SIGNATURE_TYPE":"http"},"maxInstanceCount":3,"ingressSettings":"ALLOW_ALL","uri":"https://testnotification-j3na7x5n2a-ew.a.run.app","serviceAccountEmail":"402812477660-compute@developer.gserviceaccount.com","availableMemory":"256Mi","allTrafficOnLatestRevision":true,"revision":"testnotification-00007-nuf","maxInstanceRequestConcurrency":80,"availableCpu":"1"},"state":"ACTIVE","updateTime":"2025-09-24T17:03:05.587425258Z","labels":{"deployment-tool":"cli-firebase","deployment-callable":"true","firebase-functions-hash":"8c1b14dd04bc4fd9fc9a5ddd92d8358a9d0116a7"},"environment":"GEN_2","url":"https://europe-west1-poppin-s-app.cloudfunctions.net/testNotification","createTime":"2025-09-04T16:07:28.737038751Z","satisfiesPzi":true},{"name":"projects/poppin-s-app/locations/europe-west1/functions/onDelegationCreated","buildConfig":{"build":"projects/402812477660/locations/europe-west1/builds/b7a6b983-7c73-46a1-8db3-ced561d589a9","runtime":"nodejs20","entryPoint":"onDelegationCreated","source":{"storageSource":{"bucket":"gcf-v2-sources-402812477660-europe-west1","object":"onDelegationCreated/function-source.zip","generation":"1758733376459632"}},"environmentVariables":{"GOOGLE_NODE_RUN_SCRIPTS":""},"dockerRepository":"projects/poppin-s-app/locations/europe-west1/repositories/gcf-artifacts","sourceProvenance":{"resolvedStorageSource":{"bucket":"gcf-v2-sources-402812477660-europe-west1","object":"onDelegationCreated/function-source.zip","generation":"1758733376459632"}},"dockerRegistry":"ARTIFACT_REGISTRY","serviceAccount":"projects/poppin-s-app/serviceAccounts/402812477660-compute@developer.gserviceaccount.com","automaticUpdatePolicy":{}},"serviceConfig":{"service":"projects/poppin-s-app/locations/europe-west1/services/ondelegationcreated","timeoutSeconds":60,"environmentVariables":{"EMAIL_USER":"votre_email@gmail.com","EMAIL_PASSWORD":"votre_mot_de_passe_securise","FIREBASE_CONFIG":"{\"projectId\":\"poppin-s-app\",\"storageBucket\":\"poppin-s-app.firebasestorage.app\"}","GCLOUD_PROJECT":"poppin-s-app","EVENTARC_CLOUD_EVENT_SOURCE":"projects/poppin-s-app/locations/europe-west1/services/onDelegationCreated","FUNCTION_SIGNATURE_TYPE":"cloudevent","FUNCTION_TARGET":"onDelegationCreated","LOG_EXECUTION_ID":"true"},"maxInstanceCount":3,"ingressSettings":"ALLOW_ALL","uri":"https://ondelegationcreated-j3na7x5n2a-ew.a.run.app","serviceAccountEmail":"402812477660-compute@developer.gserviceaccount.com","availableMemory":"256Mi","allTrafficOnLatestRevision":true,"revision":"ondelegationcreated-00003-zeg","maxInstanceRequestConcurrency":80,"availableCpu":"1"},"eventTrigger":{"trigger":"projects/poppin-s-app/locations/europe-west9/triggers/ondelegationcreated-613746","triggerRegion":"europe-west9","eventType":"google.cloud.firestore.document.v1.created","eventFilters":[{"attribute":"database","value":"(default)"},{"attribute":"namespace","value":"(default)"},{"attribute":"document","value":"structures/{structureId}/delegations/{delegationId}","operator":"match-path-pattern"}],"pubsubTopic":"projects/poppin-s-app/topics/eventarc-europe-west9-ondelegationcreated-613746-417","serviceAccountEmail":"402812477660-compute@developer.gserviceaccount.com","retryPolicy":"RETRY_POLICY_DO_NOT_RETRY"},"state":"ACTIVE","updateTime":"2025-09-24T17:03:06.304100979Z","labels":{"firebase-functions-hash":"8c1b14dd04bc4fd9fc9a5ddd92d8358a9d0116a7","deployment-tool":"cli-firebase"},"environment":"GEN_2","url":"https://europe-west1-poppin-s-app.cloudfunctions.net/onDelegationCreated","createTime":"2025-09-13T21:07:19.405396745Z","satisfiesPzi":true},{"name":"projects/poppin-s-app/locations/europe-west1/functions/processEmailQueue","buildConfig":{"build":"projects/402812477660/locations/europe-west1/builds/b7a6b983-7c73-46a1-8db3-ced561d589a9","runtime":"nodejs20","entryPoint":"processEmailQueue","source":{"storageSource":{"bucket":"gcf-v2-sources-402812477660-europe-west1","object":"processEmailQueue/function-source.zip","generation":"1758733376362802"}},"environmentVariables":{"GOOGLE_NODE_RUN_SCRIPTS":""},"dockerRepository":"projects/poppin-s-app/locations/europe-west1/repositories/gcf-artifacts","sourceProvenance":{"resolvedStorageSource":{"bucket":"gcf-v2-sources-402812477660-europe-west1","object":"processEmailQueue/function-source.zip","generation":"1758733376362802"}},"dockerRegistry":"ARTIFACT_REGISTRY","serviceAccount":"projects/poppin-s-app/serviceAccounts/402812477660-compute@developer.gserviceaccount.com","automaticUpdatePolicy":{}},"serviceConfig":{"service":"projects/poppin-s-app/locations/europe-west1/services/processemailqueue","timeoutSeconds":60,"environmentVariables":{"EMAIL_USER":"votre_email@gmail.com","EMAIL_PASSWORD":"votre_mot_de_passe_securise","FIREBASE_CONFIG":"{\"projectId\":\"poppin-s-app\",\"storageBucket\":\"poppin-s-app.firebasestorage.app\"}","GCLOUD_PROJECT":"poppin-s-app","EVENTARC_CLOUD_EVENT_SOURCE":"projects/poppin-s-app/locations/europe-west1/services/processEmailQueue","FUNCTION_SIGNATURE_TYPE":"cloudevent","FUNCTION_TARGET":"processEmailQueue","LOG_EXECUTION_ID":"true"},"maxInstanceCount":3,"ingressSettings":"ALLOW_ALL","uri":"https://processemailqueue-j3na7x5n2a-ew.a.run.app","serviceAccountEmail":"402812477660-compute@developer.gserviceaccount.com","availableMemory":"256Mi","allTrafficOnLatestRevision":true,"revision":"processemailqueue-00013-kub","maxInstanceRequestConcurrency":80,"availableCpu":"1"},"eventTrigger":{"trigger":"projects/poppin-s-app/locations/europe-west9/triggers/processemailqueue-666587","triggerRegion":"europe-west9","eventType":"google.cloud.firestore.document.v1.created","eventFilters":[{"attribute":"namespace","value":"(default)"},{"attribute":"document","value":"emailQueue/{emailId}","operator":"match-path-pattern"},{"attribute":"database","value":"(default)"}],"pubsubTopic":"projects/poppin-s-app/topics/eventarc-europe-west9-processemailqueue-666587-377","serviceAccountEmail":"402812477660-compute@developer.gserviceaccount.com","retryPolicy":"RETRY_POLICY_DO_NOT_RETRY"},"state":"ACTIVE","updateTime":"2025-09-24T17:03:06.027998682Z","labels":{"deployment-tool":"cli-firebase","firebase-functions-hash":"8c1b14dd04bc4fd9fc9a5ddd92d8358a9d0116a7"},"environment":"GEN_2","url":"https://europe-west1-poppin-s-app.cloudfunctions.net/processEmailQueue","createTime":"2025-06-02T14:50:57.381214105Z","satisfiesPzi":true},{"name":"projects/poppin-s-app/locations/europe-west1/functions/onStockNeedsUpdated","buildConfig":{"build":"projects/402812477660/locations/europe-west1/builds/b7a6b983-7c73-46a1-8db3-ced561d589a9","runtime":"nodejs20","entryPoint":"onStockNeedsUpdated","source":{"storageSource":{"bucket":"gcf-v2-sources-402812477660-europe-west1","object":"onStockNeedsUpdated/function-source.zip","generation":"1758733376321180"}},"environmentVariables":{"GOOGLE_NODE_RUN_SCRIPTS":""},"dockerRepository":"projects/poppin-s-app/locations/europe-west1/repositories/gcf-artifacts","sourceProvenance":{"resolvedStorageSource":{"bucket":"gcf-v2-sources-402812477660-europe-west1","object":"onStockNeedsUpdated/function-source.zip","generation":"1758733376321180"}},"dockerRegistry":"ARTIFACT_REGISTRY","serviceAccount":"projects/poppin-s-app/serviceAccounts/402812477660-compute@developer.gserviceaccount.com","automaticUpdatePolicy":{}},"serviceConfig":{"service":"projects/poppin-s-app/locations/europe-west1/services/onstockneedsupdated","timeoutSeconds":60,"environmentVariables":{"EMAIL_USER":"votre_email@gmail.com","EMAIL_PASSWORD":"votre_mot_de_passe_securise","FIREBASE_CONFIG":"{\"projectId\":\"poppin-s-app\",\"storageBucket\":\"poppin-s-app.firebasestorage.app\"}","GCLOUD_PROJECT":"poppin-s-app","EVENTARC_CLOUD_EVENT_SOURCE":"projects/poppin-s-app/locations/europe-west1/services/onStockNeedsUpdated","FUNCTION_SIGNATURE_TYPE":"cloudevent","FUNCTION_TARGET":"onStockNeedsUpdated","LOG_EXECUTION_ID":"true"},"maxInstanceCount":3,"ingressSettings":"ALLOW_ALL","uri":"https://onstockneedsupdated-j3na7x5n2a-ew.a.run.app","serviceAccountEmail":"402812477660-compute@developer.gserviceaccount.com","availableMemory":"256Mi","allTrafficOnLatestRevision":true,"revision":"onstockneedsupdated-00006-kew","maxInstanceRequestConcurrency":80,"availableCpu":"1"},"eventTrigger":{"trigger":"projects/poppin-s-app/locations/europe-west9/triggers/onstockneedsupdated-763256","triggerRegion":"europe-west9","eventType":"google.cloud.firestore.document.v1.written","eventFilters":[{"attribute":"database","value":"(default)"},{"attribute":"namespace","value":"(default)"},{"attribute":"document","value":"structures/{structureId}/children/{childId}/stocks/current","operator":"match-path-pattern"}],"pubsubTopic":"projects/poppin-s-app/topics/eventarc-europe-west9-onstockneedsupdated-763256-289","serviceAccountEmail":"402812477660-compute@developer.gserviceaccount.com","retryPolicy":"RETRY_POLICY_DO_NOT_RETRY"},"state":"ACTIVE","updateTime":"2025-09-24T17:03:06.757051639Z","labels":{"deployment-tool":"cli-firebase","firebase-functions-hash":"8c1b14dd04bc4fd9fc9a5ddd92d8358a9d0116a7"},"environment":"GEN_2","url":"https://europe-west1-poppin-s-app.cloudfunctions.net/onStockNeedsUpdated","createTime":"2025-09-06T17:53:42.226011776Z","satisfiesPzi":true},{"name":"projects/poppin-s-app/locations/europe-west1/functions/acceptDelegation","buildConfig":{"build":"projects/402812477660/locations/europe-west1/builds/b7a6b983-7c73-46a1-8db3-ced561d589a9","runtime":"nodejs20","entryPoint":"acceptDelegation","source":{"storageSource":{"bucket":"gcf-v2-sources-402812477660-europe-west1","object":"acceptDelegation/function-source.zip","generation":"1758733375803976"}},"environmentVariables":{"GOOGLE_NODE_RUN_SCRIPTS":""},"dockerRepository":"projects/poppin-s-app/locations/europe-west1/repositories/gcf-artifacts","sourceProvenance":{"resolvedStorageSource":{"bucket":"gcf-v2-sources-402812477660-europe-west1","object":"acceptDelegation/function-source.zip","generation":"1758733375803976"}},"dockerRegistry":"ARTIFACT_REGISTRY","serviceAccount":"projects/poppin-s-app/serviceAccounts/402812477660-compute@developer.gserviceaccount.com","automaticUpdatePolicy":{}},"serviceConfig":{"service":"projects/poppin-s-app/locations/europe-west1/services/acceptdelegation","timeoutSeconds":60,"environmentVariables":{"EMAIL_USER":"votre_email@gmail.com","EMAIL_PASSWORD":"votre_mot_de_passe_securise","FIREBASE_CONFIG":"{\"projectId\":\"poppin-s-app\",\"storageBucket\":\"poppin-s-app.firebasestorage.app\"}","GCLOUD_PROJECT":"poppin-s-app","EVENTARC_CLOUD_EVENT_SOURCE":"projects/poppin-s-app/locations/europe-west1/services/acceptDelegation","FUNCTION_TARGET":"acceptDelegation","LOG_EXECUTION_ID":"true","FUNCTION_SIGNATURE_TYPE":"http"},"maxInstanceCount":3,"ingressSettings":"ALLOW_ALL","uri":"https://acceptdelegation-j3na7x5n2a-ew.a.run.app","serviceAccountEmail":"402812477660-compute@developer.gserviceaccount.com","availableMemory":"256Mi","allTrafficOnLatestRevision":true,"revision":"acceptdelegation-00004-zug","maxInstanceRequestConcurrency":80,"availableCpu":"1"},"state":"ACTIVE","updateTime":"2025-09-24T17:03:03.420143803Z","labels":{"deployment-tool":"cli-firebase","deployment-callable":"true","firebase-functions-hash":"8c1b14dd04bc4fd9fc9a5ddd92d8358a9d0116a7"},"environment":"GEN_2","url":"https://europe-west1-poppin-s-app.cloudfunctions.net/acceptDelegation","createTime":"2025-09-13T20:19:00.585695253Z","satisfiesPzi":true},{"name":"projects/poppin-s-app/locations/europe-west1/functions/sendEmailToParent","buildConfig":{"build":"projects/402812477660/locations/europe-west1/builds/b7a6b983-7c73-46a1-8db3-ced561d589a9","runtime":"nodejs20","entryPoint":"sendEmailToParent","source":{"storageSource":{"bucket":"gcf-v2-sources-402812477660-europe-west1","object":"sendEmailToParent/function-source.zip","generation":"1758733307791464"}},"environmentVariables":{"GOOGLE_NODE_RUN_SCRIPTS":""},"dockerRepository":"projects/poppin-s-app/locations/europe-west1/repositories/gcf-artifacts","sourceProvenance":{"resolvedStorageSource":{"bucket":"gcf-v2-sources-402812477660-europe-west1","object":"sendEmailToParent/function-source.zip","generation":"1758733307791464"}},"dockerRegistry":"ARTIFACT_REGISTRY","serviceAccount":"projects/poppin-s-app/serviceAccounts/402812477660-compute@developer.gserviceaccount.com","automaticUpdatePolicy":{}},"serviceConfig":{"service":"projects/poppin-s-app/locations/europe-west1/services/sendemailtoparent","timeoutSeconds":60,"environmentVariables":{"EMAIL_USER":"votre_email@gmail.com","EMAIL_PASSWORD":"votre_mot_de_passe_securise","FIREBASE_CONFIG":"{\"projectId\":\"poppin-s-app\",\"storageBucket\":\"poppin-s-app.firebasestorage.app\"}","GCLOUD_PROJECT":"poppin-s-app","EVENTARC_CLOUD_EVENT_SOURCE":"projects/poppin-s-app/locations/europe-west1/services/sendEmailToParent","FUNCTION_TARGET":"sendEmailToParent","LOG_EXECUTION_ID":"true"},"maxInstanceCount":3,"ingressSettings":"ALLOW_ALL","uri":"https://sendemailtoparent-j3na7x5n2a-ew.a.run.app","serviceAccountEmail":"402812477660-compute@developer.gserviceaccount.com","availableMemory":"256Mi","allTrafficOnLatestRevision":true,"revision":"sendemailtoparent-00013-riv","maxInstanceRequestConcurrency":80,"availableCpu":"1"},"state":"ACTIVE","updateTime":"2025-09-24T17:02:57.397356999Z","labels":{"deployment-tool":"cli-firebase","deployment-callable":"true","firebase-functions-hash":"8c1b14dd04bc4fd9fc9a5ddd92d8358a9d0116a7"},"environment":"GEN_2","url":"https://europe-west1-poppin-s-app.cloudfunctions.net/sendEmailToParent","createTime":"2025-06-25T20:52:30.689153625Z","satisfiesPzi":true}]}
[debug] [2025-09-24T17:12:46.612Z] Checked if tokens are valid: true, expires at: 1758736880538
[debug] [2025-09-24T17:12:46.612Z] Checked if tokens are valid: true, expires at: 1758736880538
[debug] [2025-09-24T17:12:46.612Z] Checked if tokens are valid: true, expires at: 1758736880538
[debug] [2025-09-24T17:12:46.612Z] Checked if tokens are valid: true, expires at: 1758736880538
[debug] [2025-09-24T17:12:46.612Z] Checked if tokens are valid: true, expires at: 1758736880538
[debug] [2025-09-24T17:12:46.612Z] Checked if tokens are valid: true, expires at: 1758736880538
[debug] [2025-09-24T17:12:46.612Z] Checked if tokens are valid: true, expires at: 1758736880538
[debug] [2025-09-24T17:12:46.612Z] Checked if tokens are valid: true, expires at: 1758736880538
[debug] [2025-09-24T17:12:46.612Z] Checked if tokens are valid: true, expires at: 1758736880538
[debug] [2025-09-24T17:12:46.612Z] Checked if tokens are valid: true, expires at: 1758736880538
[debug] [2025-09-24T17:12:46.612Z] >>> [apiv2][query] GET https://firestore.googleapis.com/v1/projects/poppin-s-app/databases/(default) [none]
[debug] [2025-09-24T17:12:46.614Z] >>> [apiv2][query] GET https://firestore.googleapis.com/v1/projects/poppin-s-app/databases/(default) [none]
[debug] [2025-09-24T17:12:46.615Z] >>> [apiv2][query] GET https://firestore.googleapis.com/v1/projects/poppin-s-app/databases/(default) [none]
[debug] [2025-09-24T17:12:46.616Z] >>> [apiv2][query] GET https://firestore.googleapis.com/v1/projects/poppin-s-app/databases/(default) [none]
[debug] [2025-09-24T17:12:46.616Z] >>> [apiv2][query] GET https://firestore.googleapis.com/v1/projects/poppin-s-app/databases/(default) [none]
[debug] [2025-09-24T17:12:46.809Z] <<< [apiv2][status] GET https://firestore.googleapis.com/v1/projects/poppin-s-app/databases/(default) 200
[debug] [2025-09-24T17:12:46.810Z] <<< [apiv2][body] GET https://firestore.googleapis.com/v1/projects/poppin-s-app/databases/(default) {"name":"projects/poppin-s-app/databases/(default)","uid":"07b76115-896e-466b-88da-947ba3c866d4","createTime":"2025-01-28T20:18:57.298018Z","updateTime":"2025-01-28T20:18:57.298018Z","locationId":"europe-west9","type":"FIRESTORE_NATIVE","concurrencyMode":"PESSIMISTIC","versionRetentionPeriod":"3600s","earliestVersionTime":"2025-09-24T16:12:46.810148Z","appEngineIntegrationMode":"DISABLED","pointInTimeRecoveryEnablement":"POINT_IN_TIME_RECOVERY_DISABLED","deleteProtectionState":"DELETE_PROTECTION_DISABLED","databaseEdition":"STANDARD","freeTier":true,"etag":"IJG14sry8Y8DMJLI9MqcqYwD"}
[debug] [2025-09-24T17:12:46.810Z] <<< [apiv2][status] GET https://firestore.googleapis.com/v1/projects/poppin-s-app/databases/(default) 200
[debug] [2025-09-24T17:12:46.810Z] <<< [apiv2][body] GET https://firestore.googleapis.com/v1/projects/poppin-s-app/databases/(default) {"name":"projects/poppin-s-app/databases/(default)","uid":"07b76115-896e-466b-88da-947ba3c866d4","createTime":"2025-01-28T20:18:57.298018Z","updateTime":"2025-01-28T20:18:57.298018Z","locationId":"europe-west9","type":"FIRESTORE_NATIVE","concurrencyMode":"PESSIMISTIC","versionRetentionPeriod":"3600s","earliestVersionTime":"2025-09-24T16:12:46.811542Z","appEngineIntegrationMode":"DISABLED","pointInTimeRecoveryEnablement":"POINT_IN_TIME_RECOVERY_DISABLED","deleteProtectionState":"DELETE_PROTECTION_DISABLED","databaseEdition":"STANDARD","freeTier":true,"etag":"IKC94sry8Y8DMJLI9MqcqYwD"}
[debug] [2025-09-24T17:12:46.810Z] <<< [apiv2][status] GET https://firestore.googleapis.com/v1/projects/poppin-s-app/databases/(default) 200
[debug] [2025-09-24T17:12:46.811Z] <<< [apiv2][body] GET https://firestore.googleapis.com/v1/projects/poppin-s-app/databases/(default) {"name":"projects/poppin-s-app/databases/(default)","uid":"07b76115-896e-466b-88da-947ba3c866d4","createTime":"2025-01-28T20:18:57.298018Z","updateTime":"2025-01-28T20:18:57.298018Z","locationId":"europe-west9","type":"FIRESTORE_NATIVE","concurrencyMode":"PESSIMISTIC","versionRetentionPeriod":"3600s","earliestVersionTime":"2025-09-24T16:12:46.807777Z","appEngineIntegrationMode":"DISABLED","pointInTimeRecoveryEnablement":"POINT_IN_TIME_RECOVERY_DISABLED","deleteProtectionState":"DELETE_PROTECTION_DISABLED","databaseEdition":"STANDARD","freeTier":true,"etag":"IMWh4sry8Y8DMJLI9MqcqYwD"}
[debug] [2025-09-24T17:12:46.813Z] <<< [apiv2][status] GET https://firestore.googleapis.com/v1/projects/poppin-s-app/databases/(default) 200
[debug] [2025-09-24T17:12:46.813Z] <<< [apiv2][body] GET https://firestore.googleapis.com/v1/projects/poppin-s-app/databases/(default) {"name":"projects/poppin-s-app/databases/(default)","uid":"07b76115-896e-466b-88da-947ba3c866d4","createTime":"2025-01-28T20:18:57.298018Z","updateTime":"2025-01-28T20:18:57.298018Z","locationId":"europe-west9","type":"FIRESTORE_NATIVE","concurrencyMode":"PESSIMISTIC","versionRetentionPeriod":"3600s","earliestVersionTime":"2025-09-24T16:12:46.816303Z","appEngineIntegrationMode":"DISABLED","pointInTimeRecoveryEnablement":"POINT_IN_TIME_RECOVERY_DISABLED","deleteProtectionState":"DELETE_PROTECTION_DISABLED","databaseEdition":"STANDARD","freeTier":true,"etag":"ILLj4sry8Y8DMJLI9MqcqYwD"}
[debug] [2025-09-24T17:12:46.900Z] <<< [apiv2][status] GET https://firestore.googleapis.com/v1/projects/poppin-s-app/databases/(default) 200
[debug] [2025-09-24T17:12:46.900Z] <<< [apiv2][body] GET https://firestore.googleapis.com/v1/projects/poppin-s-app/databases/(default) {"name":"projects/poppin-s-app/databases/(default)","uid":"07b76115-896e-466b-88da-947ba3c866d4","createTime":"2025-01-28T20:18:57.298018Z","updateTime":"2025-01-28T20:18:57.298018Z","locationId":"europe-west9","type":"FIRESTORE_NATIVE","concurrencyMode":"PESSIMISTIC","versionRetentionPeriod":"3600s","earliestVersionTime":"2025-09-24T16:12:46.900894Z","appEngineIntegrationMode":"DISABLED","pointInTimeRecoveryEnablement":"POINT_IN_TIME_RECOVERY_DISABLED","deleteProtectionState":"DELETE_PROTECTION_DISABLED","databaseEdition":"STANDARD","freeTier":true,"etag":"IN7458ry8Y8DMJLI9MqcqYwD"}
[info] i  functions: ensuring required API cloudscheduler.googleapis.com is enabled... 
[debug] [2025-09-24T17:12:46.903Z] Checked if tokens are valid: true, expires at: 1758736880538
[debug] [2025-09-24T17:12:46.903Z] Checked if tokens are valid: true, expires at: 1758736880538
[debug] [2025-09-24T17:12:46.903Z] >>> [apiv2][query] GET https://serviceusage.googleapis.com/v1/projects/402812477660/services/cloudscheduler.googleapis.com [none]
[debug] [2025-09-24T17:12:46.903Z] >>> [apiv2][(partial)header] GET https://serviceusage.googleapis.com/v1/projects/402812477660/services/cloudscheduler.googleapis.com x-goog-quota-user=projects/402812477660
[debug] [2025-09-24T17:12:47.237Z] <<< [apiv2][status] GET https://serviceusage.googleapis.com/v1/projects/402812477660/services/cloudscheduler.googleapis.com 200
[debug] [2025-09-24T17:12:47.237Z] <<< [apiv2][body] GET https://serviceusage.googleapis.com/v1/projects/402812477660/services/cloudscheduler.googleapis.com [omitted]
[info] ✔  functions: required API cloudscheduler.googleapis.com is enabled 
[info] i  functions: ensuring required API run.googleapis.com is enabled... 
[debug] [2025-09-24T17:12:47.238Z] Checked if tokens are valid: true, expires at: 1758736880538
[debug] [2025-09-24T17:12:47.238Z] Checked if tokens are valid: true, expires at: 1758736880538
[info] i  functions: ensuring required API eventarc.googleapis.com is enabled... 
[debug] [2025-09-24T17:12:47.238Z] Checked if tokens are valid: true, expires at: 1758736880538
[debug] [2025-09-24T17:12:47.238Z] Checked if tokens are valid: true, expires at: 1758736880538
[info] i  functions: ensuring required API pubsub.googleapis.com is enabled... 
[debug] [2025-09-24T17:12:47.239Z] Checked if tokens are valid: true, expires at: 1758736880538
[debug] [2025-09-24T17:12:47.239Z] Checked if tokens are valid: true, expires at: 1758736880538
[info] i  functions: ensuring required API storage.googleapis.com is enabled... 
[debug] [2025-09-24T17:12:47.239Z] Checked if tokens are valid: true, expires at: 1758736880538
[debug] [2025-09-24T17:12:47.239Z] Checked if tokens are valid: true, expires at: 1758736880538
[debug] [2025-09-24T17:12:47.239Z] >>> [apiv2][query] GET https://serviceusage.googleapis.com/v1/projects/402812477660/services/run.googleapis.com [none]
[debug] [2025-09-24T17:12:47.239Z] >>> [apiv2][(partial)header] GET https://serviceusage.googleapis.com/v1/projects/402812477660/services/run.googleapis.com x-goog-quota-user=projects/402812477660
[debug] [2025-09-24T17:12:47.239Z] >>> [apiv2][query] GET https://serviceusage.googleapis.com/v1/projects/402812477660/services/eventarc.googleapis.com [none]
[debug] [2025-09-24T17:12:47.240Z] >>> [apiv2][(partial)header] GET https://serviceusage.googleapis.com/v1/projects/402812477660/services/eventarc.googleapis.com x-goog-quota-user=projects/402812477660
[debug] [2025-09-24T17:12:47.241Z] >>> [apiv2][query] GET https://serviceusage.googleapis.com/v1/projects/402812477660/services/pubsub.googleapis.com [none]
[debug] [2025-09-24T17:12:47.241Z] >>> [apiv2][(partial)header] GET https://serviceusage.googleapis.com/v1/projects/402812477660/services/pubsub.googleapis.com x-goog-quota-user=projects/402812477660
[debug] [2025-09-24T17:12:47.242Z] >>> [apiv2][query] GET https://serviceusage.googleapis.com/v1/projects/402812477660/services/storage.googleapis.com [none]
[debug] [2025-09-24T17:12:47.242Z] >>> [apiv2][(partial)header] GET https://serviceusage.googleapis.com/v1/projects/402812477660/services/storage.googleapis.com x-goog-quota-user=projects/402812477660
[debug] [2025-09-24T17:12:48.044Z] <<< [apiv2][status] GET https://serviceusage.googleapis.com/v1/projects/402812477660/services/run.googleapis.com 200
[debug] [2025-09-24T17:12:48.044Z] <<< [apiv2][body] GET https://serviceusage.googleapis.com/v1/projects/402812477660/services/run.googleapis.com [omitted]
[info] ✔  functions: required API run.googleapis.com is enabled 
[debug] [2025-09-24T17:12:48.093Z] <<< [apiv2][status] GET https://serviceusage.googleapis.com/v1/projects/402812477660/services/eventarc.googleapis.com 200
[debug] [2025-09-24T17:12:48.093Z] <<< [apiv2][body] GET https://serviceusage.googleapis.com/v1/projects/402812477660/services/eventarc.googleapis.com [omitted]
[info] ✔  functions: required API eventarc.googleapis.com is enabled 
[debug] [2025-09-24T17:12:48.104Z] <<< [apiv2][status] GET https://serviceusage.googleapis.com/v1/projects/402812477660/services/storage.googleapis.com 200
[debug] [2025-09-24T17:12:48.104Z] <<< [apiv2][body] GET https://serviceusage.googleapis.com/v1/projects/402812477660/services/storage.googleapis.com [omitted]
[info] ✔  functions: required API storage.googleapis.com is enabled 
[debug] [2025-09-24T17:12:48.121Z] <<< [apiv2][status] GET https://serviceusage.googleapis.com/v1/projects/402812477660/services/pubsub.googleapis.com 200
[debug] [2025-09-24T17:12:48.121Z] <<< [apiv2][body] GET https://serviceusage.googleapis.com/v1/projects/402812477660/services/pubsub.googleapis.com [omitted]
[info] ✔  functions: required API pubsub.googleapis.com is enabled 
[info] i  functions: generating the service identity for pubsub.googleapis.com... 
[debug] [2025-09-24T17:12:48.122Z] Checked if tokens are valid: true, expires at: 1758736880538
[debug] [2025-09-24T17:12:48.122Z] Checked if tokens are valid: true, expires at: 1758736880538
[info] i  functions: generating the service identity for eventarc.googleapis.com... 
[debug] [2025-09-24T17:12:48.122Z] Checked if tokens are valid: true, expires at: 1758736880538
[debug] [2025-09-24T17:12:48.122Z] Checked if tokens are valid: true, expires at: 1758736880538
[debug] [2025-09-24T17:12:48.122Z] >>> [apiv2][query] POST https://serviceusage.googleapis.com/v1beta1/projects/402812477660/services/pubsub.googleapis.com:generateServiceIdentity [none]
[debug] [2025-09-24T17:12:48.123Z] >>> [apiv2][query] POST https://serviceusage.googleapis.com/v1beta1/projects/402812477660/services/eventarc.googleapis.com:generateServiceIdentity [none]
[debug] [2025-09-24T17:12:48.518Z] <<< [apiv2][status] POST https://serviceusage.googleapis.com/v1beta1/projects/402812477660/services/eventarc.googleapis.com:generateServiceIdentity 200
[debug] [2025-09-24T17:12:48.518Z] <<< [apiv2][body] POST https://serviceusage.googleapis.com/v1beta1/projects/402812477660/services/eventarc.googleapis.com:generateServiceIdentity {"name":"operations/finished.DONE_OPERATION","done":true,"response":{"@type":"type.googleapis.com/google.api.serviceusage.v1beta1.ServiceIdentity","email":"service-402812477660@gcp-sa-eventarc.iam.gserviceaccount.com","uniqueId":"106501477116080728665"}}
[debug] [2025-09-24T17:12:48.977Z] <<< [apiv2][status] POST https://serviceusage.googleapis.com/v1beta1/projects/402812477660/services/pubsub.googleapis.com:generateServiceIdentity 200
[debug] [2025-09-24T17:12:48.977Z] <<< [apiv2][body] POST https://serviceusage.googleapis.com/v1beta1/projects/402812477660/services/pubsub.googleapis.com:generateServiceIdentity {"name":"operations/finished.DONE_OPERATION","done":true,"response":{"@type":"type.googleapis.com/google.api.serviceusage.v1beta1.ServiceIdentity","email":"service-402812477660@gcp-sa-pubsub.iam.gserviceaccount.com","uniqueId":"114940622571709809013"}}
[debug] [2025-09-24T17:12:48.979Z] Checked if tokens are valid: true, expires at: 1758736880538
[debug] [2025-09-24T17:12:48.980Z] Checked if tokens are valid: true, expires at: 1758736880538
[debug] [2025-09-24T17:12:48.980Z] >>> [apiv2][query] GET https://serviceusage.googleapis.com/v1/projects/poppin-s-app/services/cloudresourcemanager.googleapis.com [none]
[debug] [2025-09-24T17:12:48.980Z] >>> [apiv2][(partial)header] GET https://serviceusage.googleapis.com/v1/projects/poppin-s-app/services/cloudresourcemanager.googleapis.com x-goog-quota-user=projects/poppin-s-app
[debug] [2025-09-24T17:12:49.347Z] <<< [apiv2][status] GET https://serviceusage.googleapis.com/v1/projects/poppin-s-app/services/cloudresourcemanager.googleapis.com 200
[debug] [2025-09-24T17:12:49.348Z] <<< [apiv2][body] GET https://serviceusage.googleapis.com/v1/projects/poppin-s-app/services/cloudresourcemanager.googleapis.com [omitted]
[debug] [2025-09-24T17:12:49.348Z] Checked if tokens are valid: true, expires at: 1758736880538
[debug] [2025-09-24T17:12:49.348Z] Checked if tokens are valid: true, expires at: 1758736880538
[debug] [2025-09-24T17:12:49.348Z] >>> [apiv2][query] GET https://cloudresourcemanager.googleapis.com/v1/projects/poppin-s-app [none]
[debug] [2025-09-24T17:12:50.087Z] <<< [apiv2][status] GET https://cloudresourcemanager.googleapis.com/v1/projects/poppin-s-app 200
[debug] [2025-09-24T17:12:50.087Z] <<< [apiv2][body] GET https://cloudresourcemanager.googleapis.com/v1/projects/poppin-s-app {"projectNumber":"402812477660","projectId":"poppin-s-app","lifecycleState":"ACTIVE","name":"Poppin-s app","labels":{"firebase":"enabled","firebase-core":"disabled"},"createTime":"2025-01-28T20:17:05.695588Z"}
[debug] [2025-09-24T17:12:50.088Z] Checked if tokens are valid: true, expires at: 1758736880538
[debug] [2025-09-24T17:12:50.088Z] Checked if tokens are valid: true, expires at: 1758736880538
[debug] [2025-09-24T17:12:50.088Z] >>> [apiv2][query] GET https://compute.googleapis.com/compute/v1/projects/402812477660 [none]
[debug] [2025-09-24T17:12:50.401Z] <<< [apiv2][status] GET https://compute.googleapis.com/compute/v1/projects/402812477660 403
[debug] [2025-09-24T17:12:50.401Z] <<< [apiv2][body] GET https://compute.googleapis.com/compute/v1/projects/402812477660 {"error":{"code":403,"message":"Compute Engine API has not been used in project 402812477660 before or it is disabled. Enable it by visiting https://console.developers.google.com/apis/api/compute.googleapis.com/overview?project=402812477660 then retry. If you enabled this API recently, wait a few minutes for the action to propagate to our systems and retry.","errors":[{"message":"Compute Engine API has not been used in project 402812477660 before or it is disabled. Enable it by visiting https://console.developers.google.com/apis/api/compute.googleapis.com/overview?project=402812477660 then retry. If you enabled this API recently, wait a few minutes for the action to propagate to our systems and retry.","domain":"usageLimits","reason":"accessNotConfigured","extendedHelp":"https://console.developers.google.com"}],"status":"PERMISSION_DENIED","details":[{"@type":"type.googleapis.com/google.rpc.ErrorInfo","reason":"SERVICE_DISABLED","domain":"googleapis.com","metadata":{"service":"compute.googleapis.com","containerInfo":"402812477660","consumer":"projects/402812477660","activationUrl":"https://console.developers.google.com/apis/api/compute.googleapis.com/overview?project=402812477660","serviceTitle":"Compute Engine API"}},{"@type":"type.googleapis.com/google.rpc.LocalizedMessage","locale":"en-US","message":"Compute Engine API has not been used in project 402812477660 before or it is disabled. Enable it by visiting https://console.developers.google.com/apis/api/compute.googleapis.com/overview?project=402812477660 then retry. If you enabled this API recently, wait a few minutes for the action to propagate to our systems and retry."},{"@type":"type.googleapis.com/google.rpc.Help","links":[{"description":"Google developers console API activation","url":"https://console.developers.google.com/apis/api/compute.googleapis.com/overview?project=402812477660"}]}]}}
[debug] [2025-09-24T17:12:50.402Z] unable to look up default compute service account. Falling back to 402812477660-compute@developer.gserviceaccount.com. Error: {"name":"FirebaseError","children":[],"context":{"body":{"error":{"code":403,"message":"Compute Engine API has not been used in project 402812477660 before or it is disabled. Enable it by visiting https://console.developers.google.com/apis/api/compute.googleapis.com/overview?project=402812477660 then retry. If you enabled this API recently, wait a few minutes for the action to propagate to our systems and retry.","errors":[{"message":"Compute Engine API has not been used in project 402812477660 before or it is disabled. Enable it by visiting https://console.developers.google.com/apis/api/compute.googleapis.com/overview?project=402812477660 then retry. If you enabled this API recently, wait a few minutes for the action to propagate to our systems and retry.","domain":"usageLimits","reason":"accessNotConfigured","extendedHelp":"https://console.developers.google.com"}],"status":"PERMISSION_DENIED","details":[{"@type":"type.googleapis.com/google.rpc.ErrorInfo","reason":"SERVICE_DISABLED","domain":"googleapis.com","metadata":{"service":"compute.googleapis.com","containerInfo":"402812477660","consumer":"projects/402812477660","activationUrl":"https://console.developers.google.com/apis/api/compute.googleapis.com/overview?project=402812477660","serviceTitle":"Compute Engine API"}},{"@type":"type.googleapis.com/google.rpc.LocalizedMessage","locale":"en-US","message":"Compute Engine API has not been used in project 402812477660 before or it is disabled. Enable it by visiting https://console.developers.google.com/apis/api/compute.googleapis.com/overview?project=402812477660 then retry. If you enabled this API recently, wait a few minutes for the action to propagate to our systems and retry."},{"@type":"type.googleapis.com/google.rpc.Help","links":[{"description":"Google developers console API activation","url":"https://console.developers.google.com/apis/api/compute.googleapis.com/overview?project=402812477660"}]}]}},"response":{"statusCode":403}},"exit":1,"message":"Request to https://compute.googleapis.com/compute/v1/projects/402812477660 had HTTP Error: 403, Compute Engine API has not been used in project 402812477660 before or it is disabled. Enable it by visiting https://console.developers.google.com/apis/api/compute.googleapis.com/overview?project=402812477660 then retry. If you enabled this API recently, wait a few minutes for the action to propagate to our systems and retry.","status":403}
[debug] [2025-09-24T17:12:50.402Z] Checked if tokens are valid: true, expires at: 1758736880538
[debug] [2025-09-24T17:12:50.402Z] Checked if tokens are valid: true, expires at: 1758736880538
[debug] [2025-09-24T17:12:50.402Z] >>> [apiv2][query] GET https://compute.googleapis.com/compute/v1/projects/402812477660 [none]
[debug] [2025-09-24T17:12:50.540Z] <<< [apiv2][status] GET https://compute.googleapis.com/compute/v1/projects/402812477660 403
[debug] [2025-09-24T17:12:50.540Z] <<< [apiv2][body] GET https://compute.googleapis.com/compute/v1/projects/402812477660 {"error":{"code":403,"message":"Compute Engine API has not been used in project 402812477660 before or it is disabled. Enable it by visiting https://console.developers.google.com/apis/api/compute.googleapis.com/overview?project=402812477660 then retry. If you enabled this API recently, wait a few minutes for the action to propagate to our systems and retry.","errors":[{"message":"Compute Engine API has not been used in project 402812477660 before or it is disabled. Enable it by visiting https://console.developers.google.com/apis/api/compute.googleapis.com/overview?project=402812477660 then retry. If you enabled this API recently, wait a few minutes for the action to propagate to our systems and retry.","domain":"usageLimits","reason":"accessNotConfigured","extendedHelp":"https://console.developers.google.com"}],"status":"PERMISSION_DENIED","details":[{"@type":"type.googleapis.com/google.rpc.ErrorInfo","reason":"SERVICE_DISABLED","domain":"googleapis.com","metadata":{"consumer":"projects/402812477660","activationUrl":"https://console.developers.google.com/apis/api/compute.googleapis.com/overview?project=402812477660","service":"compute.googleapis.com","serviceTitle":"Compute Engine API","containerInfo":"402812477660"}},{"@type":"type.googleapis.com/google.rpc.LocalizedMessage","locale":"en-US","message":"Compute Engine API has not been used in project 402812477660 before or it is disabled. Enable it by visiting https://console.developers.google.com/apis/api/compute.googleapis.com/overview?project=402812477660 then retry. If you enabled this API recently, wait a few minutes for the action to propagate to our systems and retry."},{"@type":"type.googleapis.com/google.rpc.Help","links":[{"description":"Google developers console API activation","url":"https://console.developers.google.com/apis/api/compute.googleapis.com/overview?project=402812477660"}]}]}}
[debug] [2025-09-24T17:12:50.540Z] unable to look up default compute service account. Falling back to 402812477660-compute@developer.gserviceaccount.com. Error: {"name":"FirebaseError","children":[],"context":{"body":{"error":{"code":403,"message":"Compute Engine API has not been used in project 402812477660 before or it is disabled. Enable it by visiting https://console.developers.google.com/apis/api/compute.googleapis.com/overview?project=402812477660 then retry. If you enabled this API recently, wait a few minutes for the action to propagate to our systems and retry.","errors":[{"message":"Compute Engine API has not been used in project 402812477660 before or it is disabled. Enable it by visiting https://console.developers.google.com/apis/api/compute.googleapis.com/overview?project=402812477660 then retry. If you enabled this API recently, wait a few minutes for the action to propagate to our systems and retry.","domain":"usageLimits","reason":"accessNotConfigured","extendedHelp":"https://console.developers.google.com"}],"status":"PERMISSION_DENIED","details":[{"@type":"type.googleapis.com/google.rpc.ErrorInfo","reason":"SERVICE_DISABLED","domain":"googleapis.com","metadata":{"consumer":"projects/402812477660","activationUrl":"https://console.developers.google.com/apis/api/compute.googleapis.com/overview?project=402812477660","service":"compute.googleapis.com","serviceTitle":"Compute Engine API","containerInfo":"402812477660"}},{"@type":"type.googleapis.com/google.rpc.LocalizedMessage","locale":"en-US","message":"Compute Engine API has not been used in project 402812477660 before or it is disabled. Enable it by visiting https://console.developers.google.com/apis/api/compute.googleapis.com/overview?project=402812477660 then retry. If you enabled this API recently, wait a few minutes for the action to propagate to our systems and retry."},{"@type":"type.googleapis.com/google.rpc.Help","links":[{"description":"Google developers console API activation","url":"https://console.developers.google.com/apis/api/compute.googleapis.com/overview?project=402812477660"}]}]}},"response":{"statusCode":403}},"exit":1,"message":"Request to https://compute.googleapis.com/compute/v1/projects/402812477660 had HTTP Error: 403, Compute Engine API has not been used in project 402812477660 before or it is disabled. Enable it by visiting https://console.developers.google.com/apis/api/compute.googleapis.com/overview?project=402812477660 then retry. If you enabled this API recently, wait a few minutes for the action to propagate to our systems and retry.","status":403}
[debug] [2025-09-24T17:12:50.541Z] Checked if tokens are valid: true, expires at: 1758736880538
[debug] [2025-09-24T17:12:50.541Z] Checked if tokens are valid: true, expires at: 1758736880538
[debug] [2025-09-24T17:12:50.541Z] >>> [apiv2][query] GET https://compute.googleapis.com/compute/v1/projects/402812477660 [none]
[debug] [2025-09-24T17:12:50.680Z] <<< [apiv2][status] GET https://compute.googleapis.com/compute/v1/projects/402812477660 403
[debug] [2025-09-24T17:12:50.681Z] <<< [apiv2][body] GET https://compute.googleapis.com/compute/v1/projects/402812477660 {"error":{"code":403,"message":"Compute Engine API has not been used in project 402812477660 before or it is disabled. Enable it by visiting https://console.developers.google.com/apis/api/compute.googleapis.com/overview?project=402812477660 then retry. If you enabled this API recently, wait a few minutes for the action to propagate to our systems and retry.","errors":[{"message":"Compute Engine API has not been used in project 402812477660 before or it is disabled. Enable it by visiting https://console.developers.google.com/apis/api/compute.googleapis.com/overview?project=402812477660 then retry. If you enabled this API recently, wait a few minutes for the action to propagate to our systems and retry.","domain":"usageLimits","reason":"accessNotConfigured","extendedHelp":"https://console.developers.google.com"}],"status":"PERMISSION_DENIED","details":[{"@type":"type.googleapis.com/google.rpc.ErrorInfo","reason":"SERVICE_DISABLED","domain":"googleapis.com","metadata":{"service":"compute.googleapis.com","consumer":"projects/402812477660","activationUrl":"https://console.developers.google.com/apis/api/compute.googleapis.com/overview?project=402812477660","serviceTitle":"Compute Engine API","containerInfo":"402812477660"}},{"@type":"type.googleapis.com/google.rpc.LocalizedMessage","locale":"en-US","message":"Compute Engine API has not been used in project 402812477660 before or it is disabled. Enable it by visiting https://console.developers.google.com/apis/api/compute.googleapis.com/overview?project=402812477660 then retry. If you enabled this API recently, wait a few minutes for the action to propagate to our systems and retry."},{"@type":"type.googleapis.com/google.rpc.Help","links":[{"description":"Google developers console API activation","url":"https://console.developers.google.com/apis/api/compute.googleapis.com/overview?project=402812477660"}]}]}}
[debug] [2025-09-24T17:12:50.681Z] unable to look up default compute service account. Falling back to 402812477660-compute@developer.gserviceaccount.com. Error: {"name":"FirebaseError","children":[],"context":{"body":{"error":{"code":403,"message":"Compute Engine API has not been used in project 402812477660 before or it is disabled. Enable it by visiting https://console.developers.google.com/apis/api/compute.googleapis.com/overview?project=402812477660 then retry. If you enabled this API recently, wait a few minutes for the action to propagate to our systems and retry.","errors":[{"message":"Compute Engine API has not been used in project 402812477660 before or it is disabled. Enable it by visiting https://console.developers.google.com/apis/api/compute.googleapis.com/overview?project=402812477660 then retry. If you enabled this API recently, wait a few minutes for the action to propagate to our systems and retry.","domain":"usageLimits","reason":"accessNotConfigured","extendedHelp":"https://console.developers.google.com"}],"status":"PERMISSION_DENIED","details":[{"@type":"type.googleapis.com/google.rpc.ErrorInfo","reason":"SERVICE_DISABLED","domain":"googleapis.com","metadata":{"service":"compute.googleapis.com","consumer":"projects/402812477660","activationUrl":"https://console.developers.google.com/apis/api/compute.googleapis.com/overview?project=402812477660","serviceTitle":"Compute Engine API","containerInfo":"402812477660"}},{"@type":"type.googleapis.com/google.rpc.LocalizedMessage","locale":"en-US","message":"Compute Engine API has not been used in project 402812477660 before or it is disabled. Enable it by visiting https://console.developers.google.com/apis/api/compute.googleapis.com/overview?project=402812477660 then retry. If you enabled this API recently, wait a few minutes for the action to propagate to our systems and retry."},{"@type":"type.googleapis.com/google.rpc.Help","links":[{"description":"Google developers console API activation","url":"https://console.developers.google.com/apis/api/compute.googleapis.com/overview?project=402812477660"}]}]}},"response":{"statusCode":403}},"exit":1,"message":"Request to https://compute.googleapis.com/compute/v1/projects/402812477660 had HTTP Error: 403, Compute Engine API has not been used in project 402812477660 before or it is disabled. Enable it by visiting https://console.developers.google.com/apis/api/compute.googleapis.com/overview?project=402812477660 then retry. If you enabled this API recently, wait a few minutes for the action to propagate to our systems and retry.","status":403}
[debug] [2025-09-24T17:12:50.681Z] Checked if tokens are valid: true, expires at: 1758736880538
[debug] [2025-09-24T17:12:50.681Z] Checked if tokens are valid: true, expires at: 1758736880538
[debug] [2025-09-24T17:12:50.682Z] >>> [apiv2][query] GET https://compute.googleapis.com/compute/v1/projects/402812477660 [none]
[debug] [2025-09-24T17:12:50.826Z] <<< [apiv2][status] GET https://compute.googleapis.com/compute/v1/projects/402812477660 403
[debug] [2025-09-24T17:12:50.826Z] <<< [apiv2][body] GET https://compute.googleapis.com/compute/v1/projects/402812477660 {"error":{"code":403,"message":"Compute Engine API has not been used in project 402812477660 before or it is disabled. Enable it by visiting https://console.developers.google.com/apis/api/compute.googleapis.com/overview?project=402812477660 then retry. If you enabled this API recently, wait a few minutes for the action to propagate to our systems and retry.","errors":[{"message":"Compute Engine API has not been used in project 402812477660 before or it is disabled. Enable it by visiting https://console.developers.google.com/apis/api/compute.googleapis.com/overview?project=402812477660 then retry. If you enabled this API recently, wait a few minutes for the action to propagate to our systems and retry.","domain":"usageLimits","reason":"accessNotConfigured","extendedHelp":"https://console.developers.google.com"}],"status":"PERMISSION_DENIED","details":[{"@type":"type.googleapis.com/google.rpc.ErrorInfo","reason":"SERVICE_DISABLED","domain":"googleapis.com","metadata":{"activationUrl":"https://console.developers.google.com/apis/api/compute.googleapis.com/overview?project=402812477660","serviceTitle":"Compute Engine API","service":"compute.googleapis.com","containerInfo":"402812477660","consumer":"projects/402812477660"}},{"@type":"type.googleapis.com/google.rpc.LocalizedMessage","locale":"en-US","message":"Compute Engine API has not been used in project 402812477660 before or it is disabled. Enable it by visiting https://console.developers.google.com/apis/api/compute.googleapis.com/overview?project=402812477660 then retry. If you enabled this API recently, wait a few minutes for the action to propagate to our systems and retry."},{"@type":"type.googleapis.com/google.rpc.Help","links":[{"description":"Google developers console API activation","url":"https://console.developers.google.com/apis/api/compute.googleapis.com/overview?project=402812477660"}]}]}}
[debug] [2025-09-24T17:12:50.827Z] unable to look up default compute service account. Falling back to 402812477660-compute@developer.gserviceaccount.com. Error: {"name":"FirebaseError","children":[],"context":{"body":{"error":{"code":403,"message":"Compute Engine API has not been used in project 402812477660 before or it is disabled. Enable it by visiting https://console.developers.google.com/apis/api/compute.googleapis.com/overview?project=402812477660 then retry. If you enabled this API recently, wait a few minutes for the action to propagate to our systems and retry.","errors":[{"message":"Compute Engine API has not been used in project 402812477660 before or it is disabled. Enable it by visiting https://console.developers.google.com/apis/api/compute.googleapis.com/overview?project=402812477660 then retry. If you enabled this API recently, wait a few minutes for the action to propagate to our systems and retry.","domain":"usageLimits","reason":"accessNotConfigured","extendedHelp":"https://console.developers.google.com"}],"status":"PERMISSION_DENIED","details":[{"@type":"type.googleapis.com/google.rpc.ErrorInfo","reason":"SERVICE_DISABLED","domain":"googleapis.com","metadata":{"activationUrl":"https://console.developers.google.com/apis/api/compute.googleapis.com/overview?project=402812477660","serviceTitle":"Compute Engine API","service":"compute.googleapis.com","containerInfo":"402812477660","consumer":"projects/402812477660"}},{"@type":"type.googleapis.com/google.rpc.LocalizedMessage","locale":"en-US","message":"Compute Engine API has not been used in project 402812477660 before or it is disabled. Enable it by visiting https://console.developers.google.com/apis/api/compute.googleapis.com/overview?project=402812477660 then retry. If you enabled this API recently, wait a few minutes for the action to propagate to our systems and retry."},{"@type":"type.googleapis.com/google.rpc.Help","links":[{"description":"Google developers console API activation","url":"https://console.developers.google.com/apis/api/compute.googleapis.com/overview?project=402812477660"}]}]}},"response":{"statusCode":403}},"exit":1,"message":"Request to https://compute.googleapis.com/compute/v1/projects/402812477660 had HTTP Error: 403, Compute Engine API has not been used in project 402812477660 before or it is disabled. Enable it by visiting https://console.developers.google.com/apis/api/compute.googleapis.com/overview?project=402812477660 then retry. If you enabled this API recently, wait a few minutes for the action to propagate to our systems and retry.","status":403}
[debug] [2025-09-24T17:12:50.827Z] Checked if tokens are valid: true, expires at: 1758736880538
[debug] [2025-09-24T17:12:50.827Z] Checked if tokens are valid: true, expires at: 1758736880538
[debug] [2025-09-24T17:12:50.827Z] >>> [apiv2][query] GET https://compute.googleapis.com/compute/v1/projects/402812477660 [none]
[debug] [2025-09-24T17:12:50.964Z] <<< [apiv2][status] GET https://compute.googleapis.com/compute/v1/projects/402812477660 403
[debug] [2025-09-24T17:12:50.965Z] <<< [apiv2][body] GET https://compute.googleapis.com/compute/v1/projects/402812477660 {"error":{"code":403,"message":"Compute Engine API has not been used in project 402812477660 before or it is disabled. Enable it by visiting https://console.developers.google.com/apis/api/compute.googleapis.com/overview?project=402812477660 then retry. If you enabled this API recently, wait a few minutes for the action to propagate to our systems and retry.","errors":[{"message":"Compute Engine API has not been used in project 402812477660 before or it is disabled. Enable it by visiting https://console.developers.google.com/apis/api/compute.googleapis.com/overview?project=402812477660 then retry. If you enabled this API recently, wait a few minutes for the action to propagate to our systems and retry.","domain":"usageLimits","reason":"accessNotConfigured","extendedHelp":"https://console.developers.google.com"}],"status":"PERMISSION_DENIED","details":[{"@type":"type.googleapis.com/google.rpc.ErrorInfo","reason":"SERVICE_DISABLED","domain":"googleapis.com","metadata":{"service":"compute.googleapis.com","serviceTitle":"Compute Engine API","containerInfo":"402812477660","activationUrl":"https://console.developers.google.com/apis/api/compute.googleapis.com/overview?project=402812477660","consumer":"projects/402812477660"}},{"@type":"type.googleapis.com/google.rpc.LocalizedMessage","locale":"en-US","message":"Compute Engine API has not been used in project 402812477660 before or it is disabled. Enable it by visiting https://console.developers.google.com/apis/api/compute.googleapis.com/overview?project=402812477660 then retry. If you enabled this API recently, wait a few minutes for the action to propagate to our systems and retry."},{"@type":"type.googleapis.com/google.rpc.Help","links":[{"description":"Google developers console API activation","url":"https://console.developers.google.com/apis/api/compute.googleapis.com/overview?project=402812477660"}]}]}}
[debug] [2025-09-24T17:12:50.965Z] unable to look up default compute service account. Falling back to 402812477660-compute@developer.gserviceaccount.com. Error: {"name":"FirebaseError","children":[],"context":{"body":{"error":{"code":403,"message":"Compute Engine API has not been used in project 402812477660 before or it is disabled. Enable it by visiting https://console.developers.google.com/apis/api/compute.googleapis.com/overview?project=402812477660 then retry. If you enabled this API recently, wait a few minutes for the action to propagate to our systems and retry.","errors":[{"message":"Compute Engine API has not been used in project 402812477660 before or it is disabled. Enable it by visiting https://console.developers.google.com/apis/api/compute.googleapis.com/overview?project=402812477660 then retry. If you enabled this API recently, wait a few minutes for the action to propagate to our systems and retry.","domain":"usageLimits","reason":"accessNotConfigured","extendedHelp":"https://console.developers.google.com"}],"status":"PERMISSION_DENIED","details":[{"@type":"type.googleapis.com/google.rpc.ErrorInfo","reason":"SERVICE_DISABLED","domain":"googleapis.com","metadata":{"service":"compute.googleapis.com","serviceTitle":"Compute Engine API","containerInfo":"402812477660","activationUrl":"https://console.developers.google.com/apis/api/compute.googleapis.com/overview?project=402812477660","consumer":"projects/402812477660"}},{"@type":"type.googleapis.com/google.rpc.LocalizedMessage","locale":"en-US","message":"Compute Engine API has not been used in project 402812477660 before or it is disabled. Enable it by visiting https://console.developers.google.com/apis/api/compute.googleapis.com/overview?project=402812477660 then retry. If you enabled this API recently, wait a few minutes for the action to propagate to our systems and retry."},{"@type":"type.googleapis.com/google.rpc.Help","links":[{"description":"Google developers console API activation","url":"https://console.developers.google.com/apis/api/compute.googleapis.com/overview?project=402812477660"}]}]}},"response":{"statusCode":403}},"exit":1,"message":"Request to https://compute.googleapis.com/compute/v1/projects/402812477660 had HTTP Error: 403, Compute Engine API has not been used in project 402812477660 before or it is disabled. Enable it by visiting https://console.developers.google.com/apis/api/compute.googleapis.com/overview?project=402812477660 then retry. If you enabled this API recently, wait a few minutes for the action to propagate to our systems and retry.","status":403}
[debug] [2025-09-24T17:12:50.965Z] Checked if tokens are valid: true, expires at: 1758736880538
[debug] [2025-09-24T17:12:50.966Z] Checked if tokens are valid: true, expires at: 1758736880538
[debug] [2025-09-24T17:12:50.966Z] >>> [apiv2][query] GET https://compute.googleapis.com/compute/v1/projects/402812477660 [none]
[debug] [2025-09-24T17:12:51.114Z] <<< [apiv2][status] GET https://compute.googleapis.com/compute/v1/projects/402812477660 403
[debug] [2025-09-24T17:12:51.115Z] <<< [apiv2][body] GET https://compute.googleapis.com/compute/v1/projects/402812477660 {"error":{"code":403,"message":"Compute Engine API has not been used in project 402812477660 before or it is disabled. Enable it by visiting https://console.developers.google.com/apis/api/compute.googleapis.com/overview?project=402812477660 then retry. If you enabled this API recently, wait a few minutes for the action to propagate to our systems and retry.","errors":[{"message":"Compute Engine API has not been used in project 402812477660 before or it is disabled. Enable it by visiting https://console.developers.google.com/apis/api/compute.googleapis.com/overview?project=402812477660 then retry. If you enabled this API recently, wait a few minutes for the action to propagate to our systems and retry.","domain":"usageLimits","reason":"accessNotConfigured","extendedHelp":"https://console.developers.google.com"}],"status":"PERMISSION_DENIED","details":[{"@type":"type.googleapis.com/google.rpc.ErrorInfo","reason":"SERVICE_DISABLED","domain":"googleapis.com","metadata":{"serviceTitle":"Compute Engine API","consumer":"projects/402812477660","service":"compute.googleapis.com","activationUrl":"https://console.developers.google.com/apis/api/compute.googleapis.com/overview?project=402812477660","containerInfo":"402812477660"}},{"@type":"type.googleapis.com/google.rpc.LocalizedMessage","locale":"en-US","message":"Compute Engine API has not been used in project 402812477660 before or it is disabled. Enable it by visiting https://console.developers.google.com/apis/api/compute.googleapis.com/overview?project=402812477660 then retry. If you enabled this API recently, wait a few minutes for the action to propagate to our systems and retry."},{"@type":"type.googleapis.com/google.rpc.Help","links":[{"description":"Google developers console API activation","url":"https://console.developers.google.com/apis/api/compute.googleapis.com/overview?project=402812477660"}]}]}}
[debug] [2025-09-24T17:12:51.115Z] unable to look up default compute service account. Falling back to 402812477660-compute@developer.gserviceaccount.com. Error: {"name":"FirebaseError","children":[],"context":{"body":{"error":{"code":403,"message":"Compute Engine API has not been used in project 402812477660 before or it is disabled. Enable it by visiting https://console.developers.google.com/apis/api/compute.googleapis.com/overview?project=402812477660 then retry. If you enabled this API recently, wait a few minutes for the action to propagate to our systems and retry.","errors":[{"message":"Compute Engine API has not been used in project 402812477660 before or it is disabled. Enable it by visiting https://console.developers.google.com/apis/api/compute.googleapis.com/overview?project=402812477660 then retry. If you enabled this API recently, wait a few minutes for the action to propagate to our systems and retry.","domain":"usageLimits","reason":"accessNotConfigured","extendedHelp":"https://console.developers.google.com"}],"status":"PERMISSION_DENIED","details":[{"@type":"type.googleapis.com/google.rpc.ErrorInfo","reason":"SERVICE_DISABLED","domain":"googleapis.com","metadata":{"serviceTitle":"Compute Engine API","consumer":"projects/402812477660","service":"compute.googleapis.com","activationUrl":"https://console.developers.google.com/apis/api/compute.googleapis.com/overview?project=402812477660","containerInfo":"402812477660"}},{"@type":"type.googleapis.com/google.rpc.LocalizedMessage","locale":"en-US","message":"Compute Engine API has not been used in project 402812477660 before or it is disabled. Enable it by visiting https://console.developers.google.com/apis/api/compute.googleapis.com/overview?project=402812477660 then retry. If you enabled this API recently, wait a few minutes for the action to propagate to our systems and retry."},{"@type":"type.googleapis.com/google.rpc.Help","links":[{"description":"Google developers console API activation","url":"https://console.developers.google.com/apis/api/compute.googleapis.com/overview?project=402812477660"}]}]}},"response":{"statusCode":403}},"exit":1,"message":"Request to https://compute.googleapis.com/compute/v1/projects/402812477660 had HTTP Error: 403, Compute Engine API has not been used in project 402812477660 before or it is disabled. Enable it by visiting https://console.developers.google.com/apis/api/compute.googleapis.com/overview?project=402812477660 then retry. If you enabled this API recently, wait a few minutes for the action to propagate to our systems and retry.","status":403}
[debug] [2025-09-24T17:12:51.115Z] Checked if tokens are valid: true, expires at: 1758736880538
[debug] [2025-09-24T17:12:51.115Z] Checked if tokens are valid: true, expires at: 1758736880538
[debug] [2025-09-24T17:12:51.115Z] >>> [apiv2][query] GET https://compute.googleapis.com/compute/v1/projects/402812477660 [none]
[debug] [2025-09-24T17:12:51.251Z] <<< [apiv2][status] GET https://compute.googleapis.com/compute/v1/projects/402812477660 403
[debug] [2025-09-24T17:12:51.251Z] <<< [apiv2][body] GET https://compute.googleapis.com/compute/v1/projects/402812477660 {"error":{"code":403,"message":"Compute Engine API has not been used in project 402812477660 before or it is disabled. Enable it by visiting https://console.developers.google.com/apis/api/compute.googleapis.com/overview?project=402812477660 then retry. If you enabled this API recently, wait a few minutes for the action to propagate to our systems and retry.","errors":[{"message":"Compute Engine API has not been used in project 402812477660 before or it is disabled. Enable it by visiting https://console.developers.google.com/apis/api/compute.googleapis.com/overview?project=402812477660 then retry. If you enabled this API recently, wait a few minutes for the action to propagate to our systems and retry.","domain":"usageLimits","reason":"accessNotConfigured","extendedHelp":"https://console.developers.google.com"}],"status":"PERMISSION_DENIED","details":[{"@type":"type.googleapis.com/google.rpc.ErrorInfo","reason":"SERVICE_DISABLED","domain":"googleapis.com","metadata":{"containerInfo":"402812477660","consumer":"projects/402812477660","activationUrl":"https://console.developers.google.com/apis/api/compute.googleapis.com/overview?project=402812477660","serviceTitle":"Compute Engine API","service":"compute.googleapis.com"}},{"@type":"type.googleapis.com/google.rpc.LocalizedMessage","locale":"en-US","message":"Compute Engine API has not been used in project 402812477660 before or it is disabled. Enable it by visiting https://console.developers.google.com/apis/api/compute.googleapis.com/overview?project=402812477660 then retry. If you enabled this API recently, wait a few minutes for the action to propagate to our systems and retry."},{"@type":"type.googleapis.com/google.rpc.Help","links":[{"description":"Google developers console API activation","url":"https://console.developers.google.com/apis/api/compute.googleapis.com/overview?project=402812477660"}]}]}}
[debug] [2025-09-24T17:12:51.252Z] unable to look up default compute service account. Falling back to 402812477660-compute@developer.gserviceaccount.com. Error: {"name":"FirebaseError","children":[],"context":{"body":{"error":{"code":403,"message":"Compute Engine API has not been used in project 402812477660 before or it is disabled. Enable it by visiting https://console.developers.google.com/apis/api/compute.googleapis.com/overview?project=402812477660 then retry. If you enabled this API recently, wait a few minutes for the action to propagate to our systems and retry.","errors":[{"message":"Compute Engine API has not been used in project 402812477660 before or it is disabled. Enable it by visiting https://console.developers.google.com/apis/api/compute.googleapis.com/overview?project=402812477660 then retry. If you enabled this API recently, wait a few minutes for the action to propagate to our systems and retry.","domain":"usageLimits","reason":"accessNotConfigured","extendedHelp":"https://console.developers.google.com"}],"status":"PERMISSION_DENIED","details":[{"@type":"type.googleapis.com/google.rpc.ErrorInfo","reason":"SERVICE_DISABLED","domain":"googleapis.com","metadata":{"containerInfo":"402812477660","consumer":"projects/402812477660","activationUrl":"https://console.developers.google.com/apis/api/compute.googleapis.com/overview?project=402812477660","serviceTitle":"Compute Engine API","service":"compute.googleapis.com"}},{"@type":"type.googleapis.com/google.rpc.LocalizedMessage","locale":"en-US","message":"Compute Engine API has not been used in project 402812477660 before or it is disabled. Enable it by visiting https://console.developers.google.com/apis/api/compute.googleapis.com/overview?project=402812477660 then retry. If you enabled this API recently, wait a few minutes for the action to propagate to our systems and retry."},{"@type":"type.googleapis.com/google.rpc.Help","links":[{"description":"Google developers console API activation","url":"https://console.developers.google.com/apis/api/compute.googleapis.com/overview?project=402812477660"}]}]}},"response":{"statusCode":403}},"exit":1,"message":"Request to https://compute.googleapis.com/compute/v1/projects/402812477660 had HTTP Error: 403, Compute Engine API has not been used in project 402812477660 before or it is disabled. Enable it by visiting https://console.developers.google.com/apis/api/compute.googleapis.com/overview?project=402812477660 then retry. If you enabled this API recently, wait a few minutes for the action to propagate to our systems and retry.","status":403}
[debug] [2025-09-24T17:12:51.252Z] Checked if tokens are valid: true, expires at: 1758736880538
[debug] [2025-09-24T17:12:51.252Z] Checked if tokens are valid: true, expires at: 1758736880538
[debug] [2025-09-24T17:12:51.252Z] >>> [apiv2][query] GET https://compute.googleapis.com/compute/v1/projects/402812477660 [none]
[debug] [2025-09-24T17:12:51.400Z] <<< [apiv2][status] GET https://compute.googleapis.com/compute/v1/projects/402812477660 403
[debug] [2025-09-24T17:12:51.401Z] <<< [apiv2][body] GET https://compute.googleapis.com/compute/v1/projects/402812477660 {"error":{"code":403,"message":"Compute Engine API has not been used in project 402812477660 before or it is disabled. Enable it by visiting https://console.developers.google.com/apis/api/compute.googleapis.com/overview?project=402812477660 then retry. If you enabled this API recently, wait a few minutes for the action to propagate to our systems and retry.","errors":[{"message":"Compute Engine API has not been used in project 402812477660 before or it is disabled. Enable it by visiting https://console.developers.google.com/apis/api/compute.googleapis.com/overview?project=402812477660 then retry. If you enabled this API recently, wait a few minutes for the action to propagate to our systems and retry.","domain":"usageLimits","reason":"accessNotConfigured","extendedHelp":"https://console.developers.google.com"}],"status":"PERMISSION_DENIED","details":[{"@type":"type.googleapis.com/google.rpc.ErrorInfo","reason":"SERVICE_DISABLED","domain":"googleapis.com","metadata":{"activationUrl":"https://console.developers.google.com/apis/api/compute.googleapis.com/overview?project=402812477660","consumer":"projects/402812477660","containerInfo":"402812477660","service":"compute.googleapis.com","serviceTitle":"Compute Engine API"}},{"@type":"type.googleapis.com/google.rpc.LocalizedMessage","locale":"en-US","message":"Compute Engine API has not been used in project 402812477660 before or it is disabled. Enable it by visiting https://console.developers.google.com/apis/api/compute.googleapis.com/overview?project=402812477660 then retry. If you enabled this API recently, wait a few minutes for the action to propagate to our systems and retry."},{"@type":"type.googleapis.com/google.rpc.Help","links":[{"description":"Google developers console API activation","url":"https://console.developers.google.com/apis/api/compute.googleapis.com/overview?project=402812477660"}]}]}}
[debug] [2025-09-24T17:12:51.401Z] unable to look up default compute service account. Falling back to 402812477660-compute@developer.gserviceaccount.com. Error: {"name":"FirebaseError","children":[],"context":{"body":{"error":{"code":403,"message":"Compute Engine API has not been used in project 402812477660 before or it is disabled. Enable it by visiting https://console.developers.google.com/apis/api/compute.googleapis.com/overview?project=402812477660 then retry. If you enabled this API recently, wait a few minutes for the action to propagate to our systems and retry.","errors":[{"message":"Compute Engine API has not been used in project 402812477660 before or it is disabled. Enable it by visiting https://console.developers.google.com/apis/api/compute.googleapis.com/overview?project=402812477660 then retry. If you enabled this API recently, wait a few minutes for the action to propagate to our systems and retry.","domain":"usageLimits","reason":"accessNotConfigured","extendedHelp":"https://console.developers.google.com"}],"status":"PERMISSION_DENIED","details":[{"@type":"type.googleapis.com/google.rpc.ErrorInfo","reason":"SERVICE_DISABLED","domain":"googleapis.com","metadata":{"activationUrl":"https://console.developers.google.com/apis/api/compute.googleapis.com/overview?project=402812477660","consumer":"projects/402812477660","containerInfo":"402812477660","service":"compute.googleapis.com","serviceTitle":"Compute Engine API"}},{"@type":"type.googleapis.com/google.rpc.LocalizedMessage","locale":"en-US","message":"Compute Engine API has not been used in project 402812477660 before or it is disabled. Enable it by visiting https://console.developers.google.com/apis/api/compute.googleapis.com/overview?project=402812477660 then retry. If you enabled this API recently, wait a few minutes for the action to propagate to our systems and retry."},{"@type":"type.googleapis.com/google.rpc.Help","links":[{"description":"Google developers console API activation","url":"https://console.developers.google.com/apis/api/compute.googleapis.com/overview?project=402812477660"}]}]}},"response":{"statusCode":403}},"exit":1,"message":"Request to https://compute.googleapis.com/compute/v1/projects/402812477660 had HTTP Error: 403, Compute Engine API has not been used in project 402812477660 before or it is disabled. Enable it by visiting https://console.developers.google.com/apis/api/compute.googleapis.com/overview?project=402812477660 then retry. If you enabled this API recently, wait a few minutes for the action to propagate to our systems and retry.","status":403}
[debug] [2025-09-24T17:12:51.401Z] Checked if tokens are valid: true, expires at: 1758736880538
[debug] [2025-09-24T17:12:51.402Z] Checked if tokens are valid: true, expires at: 1758736880538
[debug] [2025-09-24T17:12:51.402Z] >>> [apiv2][query] GET https://compute.googleapis.com/compute/v1/projects/402812477660 [none]
[debug] [2025-09-24T17:12:51.544Z] <<< [apiv2][status] GET https://compute.googleapis.com/compute/v1/projects/402812477660 403
[debug] [2025-09-24T17:12:51.545Z] <<< [apiv2][body] GET https://compute.googleapis.com/compute/v1/projects/402812477660 {"error":{"code":403,"message":"Compute Engine API has not been used in project 402812477660 before or it is disabled. Enable it by visiting https://console.developers.google.com/apis/api/compute.googleapis.com/overview?project=402812477660 then retry. If you enabled this API recently, wait a few minutes for the action to propagate to our systems and retry.","errors":[{"message":"Compute Engine API has not been used in project 402812477660 before or it is disabled. Enable it by visiting https://console.developers.google.com/apis/api/compute.googleapis.com/overview?project=402812477660 then retry. If you enabled this API recently, wait a few minutes for the action to propagate to our systems and retry.","domain":"usageLimits","reason":"accessNotConfigured","extendedHelp":"https://console.developers.google.com"}],"status":"PERMISSION_DENIED","details":[{"@type":"type.googleapis.com/google.rpc.ErrorInfo","reason":"SERVICE_DISABLED","domain":"googleapis.com","metadata":{"containerInfo":"402812477660","activationUrl":"https://console.developers.google.com/apis/api/compute.googleapis.com/overview?project=402812477660","consumer":"projects/402812477660","serviceTitle":"Compute Engine API","service":"compute.googleapis.com"}},{"@type":"type.googleapis.com/google.rpc.LocalizedMessage","locale":"en-US","message":"Compute Engine API has not been used in project 402812477660 before or it is disabled. Enable it by visiting https://console.developers.google.com/apis/api/compute.googleapis.com/overview?project=402812477660 then retry. If you enabled this API recently, wait a few minutes for the action to propagate to our systems and retry."},{"@type":"type.googleapis.com/google.rpc.Help","links":[{"description":"Google developers console API activation","url":"https://console.developers.google.com/apis/api/compute.googleapis.com/overview?project=402812477660"}]}]}}
[debug] [2025-09-24T17:12:51.545Z] unable to look up default compute service account. Falling back to 402812477660-compute@developer.gserviceaccount.com. Error: {"name":"FirebaseError","children":[],"context":{"body":{"error":{"code":403,"message":"Compute Engine API has not been used in project 402812477660 before or it is disabled. Enable it by visiting https://console.developers.google.com/apis/api/compute.googleapis.com/overview?project=402812477660 then retry. If you enabled this API recently, wait a few minutes for the action to propagate to our systems and retry.","errors":[{"message":"Compute Engine API has not been used in project 402812477660 before or it is disabled. Enable it by visiting https://console.developers.google.com/apis/api/compute.googleapis.com/overview?project=402812477660 then retry. If you enabled this API recently, wait a few minutes for the action to propagate to our systems and retry.","domain":"usageLimits","reason":"accessNotConfigured","extendedHelp":"https://console.developers.google.com"}],"status":"PERMISSION_DENIED","details":[{"@type":"type.googleapis.com/google.rpc.ErrorInfo","reason":"SERVICE_DISABLED","domain":"googleapis.com","metadata":{"containerInfo":"402812477660","activationUrl":"https://console.developers.google.com/apis/api/compute.googleapis.com/overview?project=402812477660","consumer":"projects/402812477660","serviceTitle":"Compute Engine API","service":"compute.googleapis.com"}},{"@type":"type.googleapis.com/google.rpc.LocalizedMessage","locale":"en-US","message":"Compute Engine API has not been used in project 402812477660 before or it is disabled. Enable it by visiting https://console.developers.google.com/apis/api/compute.googleapis.com/overview?project=402812477660 then retry. If you enabled this API recently, wait a few minutes for the action to propagate to our systems and retry."},{"@type":"type.googleapis.com/google.rpc.Help","links":[{"description":"Google developers console API activation","url":"https://console.developers.google.com/apis/api/compute.googleapis.com/overview?project=402812477660"}]}]}},"response":{"statusCode":403}},"exit":1,"message":"Request to https://compute.googleapis.com/compute/v1/projects/402812477660 had HTTP Error: 403, Compute Engine API has not been used in project 402812477660 before or it is disabled. Enable it by visiting https://console.developers.google.com/apis/api/compute.googleapis.com/overview?project=402812477660 then retry. If you enabled this API recently, wait a few minutes for the action to propagate to our systems and retry.","status":403}
[debug] [2025-09-24T17:12:51.545Z] Checked if tokens are valid: true, expires at: 1758736880538
[debug] [2025-09-24T17:12:51.546Z] Checked if tokens are valid: true, expires at: 1758736880538
[debug] [2025-09-24T17:12:51.546Z] >>> [apiv2][query] GET https://compute.googleapis.com/compute/v1/projects/402812477660 [none]
[debug] [2025-09-24T17:12:51.686Z] <<< [apiv2][status] GET https://compute.googleapis.com/compute/v1/projects/402812477660 403
[debug] [2025-09-24T17:12:51.686Z] <<< [apiv2][body] GET https://compute.googleapis.com/compute/v1/projects/402812477660 {"error":{"code":403,"message":"Compute Engine API has not been used in project 402812477660 before or it is disabled. Enable it by visiting https://console.developers.google.com/apis/api/compute.googleapis.com/overview?project=402812477660 then retry. If you enabled this API recently, wait a few minutes for the action to propagate to our systems and retry.","errors":[{"message":"Compute Engine API has not been used in project 402812477660 before or it is disabled. Enable it by visiting https://console.developers.google.com/apis/api/compute.googleapis.com/overview?project=402812477660 then retry. If you enabled this API recently, wait a few minutes for the action to propagate to our systems and retry.","domain":"usageLimits","reason":"accessNotConfigured","extendedHelp":"https://console.developers.google.com"}],"status":"PERMISSION_DENIED","details":[{"@type":"type.googleapis.com/google.rpc.ErrorInfo","reason":"SERVICE_DISABLED","domain":"googleapis.com","metadata":{"consumer":"projects/402812477660","containerInfo":"402812477660","activationUrl":"https://console.developers.google.com/apis/api/compute.googleapis.com/overview?project=402812477660","service":"compute.googleapis.com","serviceTitle":"Compute Engine API"}},{"@type":"type.googleapis.com/google.rpc.LocalizedMessage","locale":"en-US","message":"Compute Engine API has not been used in project 402812477660 before or it is disabled. Enable it by visiting https://console.developers.google.com/apis/api/compute.googleapis.com/overview?project=402812477660 then retry. If you enabled this API recently, wait a few minutes for the action to propagate to our systems and retry."},{"@type":"type.googleapis.com/google.rpc.Help","links":[{"description":"Google developers console API activation","url":"https://console.developers.google.com/apis/api/compute.googleapis.com/overview?project=402812477660"}]}]}}
[debug] [2025-09-24T17:12:51.686Z] unable to look up default compute service account. Falling back to 402812477660-compute@developer.gserviceaccount.com. Error: {"name":"FirebaseError","children":[],"context":{"body":{"error":{"code":403,"message":"Compute Engine API has not been used in project 402812477660 before or it is disabled. Enable it by visiting https://console.developers.google.com/apis/api/compute.googleapis.com/overview?project=402812477660 then retry. If you enabled this API recently, wait a few minutes for the action to propagate to our systems and retry.","errors":[{"message":"Compute Engine API has not been used in project 402812477660 before or it is disabled. Enable it by visiting https://console.developers.google.com/apis/api/compute.googleapis.com/overview?project=402812477660 then retry. If you enabled this API recently, wait a few minutes for the action to propagate to our systems and retry.","domain":"usageLimits","reason":"accessNotConfigured","extendedHelp":"https://console.developers.google.com"}],"status":"PERMISSION_DENIED","details":[{"@type":"type.googleapis.com/google.rpc.ErrorInfo","reason":"SERVICE_DISABLED","domain":"googleapis.com","metadata":{"consumer":"projects/402812477660","containerInfo":"402812477660","activationUrl":"https://console.developers.google.com/apis/api/compute.googleapis.com/overview?project=402812477660","service":"compute.googleapis.com","serviceTitle":"Compute Engine API"}},{"@type":"type.googleapis.com/google.rpc.LocalizedMessage","locale":"en-US","message":"Compute Engine API has not been used in project 402812477660 before or it is disabled. Enable it by visiting https://console.developers.google.com/apis/api/compute.googleapis.com/overview?project=402812477660 then retry. If you enabled this API recently, wait a few minutes for the action to propagate to our systems and retry."},{"@type":"type.googleapis.com/google.rpc.Help","links":[{"description":"Google developers console API activation","url":"https://console.developers.google.com/apis/api/compute.googleapis.com/overview?project=402812477660"}]}]}},"response":{"statusCode":403}},"exit":1,"message":"Request to https://compute.googleapis.com/compute/v1/projects/402812477660 had HTTP Error: 403, Compute Engine API has not been used in project 402812477660 before or it is disabled. Enable it by visiting https://console.developers.google.com/apis/api/compute.googleapis.com/overview?project=402812477660 then retry. If you enabled this API recently, wait a few minutes for the action to propagate to our systems and retry.","status":403}
[debug] [2025-09-24T17:12:51.687Z] Checked if tokens are valid: true, expires at: 1758736880538
[debug] [2025-09-24T17:12:51.687Z] Checked if tokens are valid: true, expires at: 1758736880538
[debug] [2025-09-24T17:12:51.687Z] >>> [apiv2][query] GET https://compute.googleapis.com/compute/v1/projects/402812477660 [none]
[debug] [2025-09-24T17:12:51.833Z] <<< [apiv2][status] GET https://compute.googleapis.com/compute/v1/projects/402812477660 403
[debug] [2025-09-24T17:12:51.833Z] <<< [apiv2][body] GET https://compute.googleapis.com/compute/v1/projects/402812477660 {"error":{"code":403,"message":"Compute Engine API has not been used in project 402812477660 before or it is disabled. Enable it by visiting https://console.developers.google.com/apis/api/compute.googleapis.com/overview?project=402812477660 then retry. If you enabled this API recently, wait a few minutes for the action to propagate to our systems and retry.","errors":[{"message":"Compute Engine API has not been used in project 402812477660 before or it is disabled. Enable it by visiting https://console.developers.google.com/apis/api/compute.googleapis.com/overview?project=402812477660 then retry. If you enabled this API recently, wait a few minutes for the action to propagate to our systems and retry.","domain":"usageLimits","reason":"accessNotConfigured","extendedHelp":"https://console.developers.google.com"}],"status":"PERMISSION_DENIED","details":[{"@type":"type.googleapis.com/google.rpc.ErrorInfo","reason":"SERVICE_DISABLED","domain":"googleapis.com","metadata":{"containerInfo":"402812477660","consumer":"projects/402812477660","serviceTitle":"Compute Engine API","service":"compute.googleapis.com","activationUrl":"https://console.developers.google.com/apis/api/compute.googleapis.com/overview?project=402812477660"}},{"@type":"type.googleapis.com/google.rpc.LocalizedMessage","locale":"en-US","message":"Compute Engine API has not been used in project 402812477660 before or it is disabled. Enable it by visiting https://console.developers.google.com/apis/api/compute.googleapis.com/overview?project=402812477660 then retry. If you enabled this API recently, wait a few minutes for the action to propagate to our systems and retry."},{"@type":"type.googleapis.com/google.rpc.Help","links":[{"description":"Google developers console API activation","url":"https://console.developers.google.com/apis/api/compute.googleapis.com/overview?project=402812477660"}]}]}}
[debug] [2025-09-24T17:12:51.834Z] unable to look up default compute service account. Falling back to 402812477660-compute@developer.gserviceaccount.com. Error: {"name":"FirebaseError","children":[],"context":{"body":{"error":{"code":403,"message":"Compute Engine API has not been used in project 402812477660 before or it is disabled. Enable it by visiting https://console.developers.google.com/apis/api/compute.googleapis.com/overview?project=402812477660 then retry. If you enabled this API recently, wait a few minutes for the action to propagate to our systems and retry.","errors":[{"message":"Compute Engine API has not been used in project 402812477660 before or it is disabled. Enable it by visiting https://console.developers.google.com/apis/api/compute.googleapis.com/overview?project=402812477660 then retry. If you enabled this API recently, wait a few minutes for the action to propagate to our systems and retry.","domain":"usageLimits","reason":"accessNotConfigured","extendedHelp":"https://console.developers.google.com"}],"status":"PERMISSION_DENIED","details":[{"@type":"type.googleapis.com/google.rpc.ErrorInfo","reason":"SERVICE_DISABLED","domain":"googleapis.com","metadata":{"containerInfo":"402812477660","consumer":"projects/402812477660","serviceTitle":"Compute Engine API","service":"compute.googleapis.com","activationUrl":"https://console.developers.google.com/apis/api/compute.googleapis.com/overview?project=402812477660"}},{"@type":"type.googleapis.com/google.rpc.LocalizedMessage","locale":"en-US","message":"Compute Engine API has not been used in project 402812477660 before or it is disabled. Enable it by visiting https://console.developers.google.com/apis/api/compute.googleapis.com/overview?project=402812477660 then retry. If you enabled this API recently, wait a few minutes for the action to propagate to our systems and retry."},{"@type":"type.googleapis.com/google.rpc.Help","links":[{"description":"Google developers console API activation","url":"https://console.developers.google.com/apis/api/compute.googleapis.com/overview?project=402812477660"}]}]}},"response":{"statusCode":403}},"exit":1,"message":"Request to https://compute.googleapis.com/compute/v1/projects/402812477660 had HTTP Error: 403, Compute Engine API has not been used in project 402812477660 before or it is disabled. Enable it by visiting https://console.developers.google.com/apis/api/compute.googleapis.com/overview?project=402812477660 then retry. If you enabled this API recently, wait a few minutes for the action to propagate to our systems and retry.","status":403}
[debug] [2025-09-24T17:12:51.835Z] Checked if tokens are valid: true, expires at: 1758736880538
[debug] [2025-09-24T17:12:51.835Z] Checked if tokens are valid: true, expires at: 1758736880538
[debug] [2025-09-24T17:12:51.835Z] >>> [apiv2][query] GET https://compute.googleapis.com/compute/v1/projects/402812477660 [none]
[debug] [2025-09-24T17:12:51.976Z] <<< [apiv2][status] GET https://compute.googleapis.com/compute/v1/projects/402812477660 403
[debug] [2025-09-24T17:12:51.976Z] <<< [apiv2][body] GET https://compute.googleapis.com/compute/v1/projects/402812477660 {"error":{"code":403,"message":"Compute Engine API has not been used in project 402812477660 before or it is disabled. Enable it by visiting https://console.developers.google.com/apis/api/compute.googleapis.com/overview?project=402812477660 then retry. If you enabled this API recently, wait a few minutes for the action to propagate to our systems and retry.","errors":[{"message":"Compute Engine API has not been used in project 402812477660 before or it is disabled. Enable it by visiting https://console.developers.google.com/apis/api/compute.googleapis.com/overview?project=402812477660 then retry. If you enabled this API recently, wait a few minutes for the action to propagate to our systems and retry.","domain":"usageLimits","reason":"accessNotConfigured","extendedHelp":"https://console.developers.google.com"}],"status":"PERMISSION_DENIED","details":[{"@type":"type.googleapis.com/google.rpc.ErrorInfo","reason":"SERVICE_DISABLED","domain":"googleapis.com","metadata":{"service":"compute.googleapis.com","containerInfo":"402812477660","activationUrl":"https://console.developers.google.com/apis/api/compute.googleapis.com/overview?project=402812477660","serviceTitle":"Compute Engine API","consumer":"projects/402812477660"}},{"@type":"type.googleapis.com/google.rpc.LocalizedMessage","locale":"en-US","message":"Compute Engine API has not been used in project 402812477660 before or it is disabled. Enable it by visiting https://console.developers.google.com/apis/api/compute.googleapis.com/overview?project=402812477660 then retry. If you enabled this API recently, wait a few minutes for the action to propagate to our systems and retry."},{"@type":"type.googleapis.com/google.rpc.Help","links":[{"description":"Google developers console API activation","url":"https://console.developers.google.com/apis/api/compute.googleapis.com/overview?project=402812477660"}]}]}}
[debug] [2025-09-24T17:12:51.977Z] unable to look up default compute service account. Falling back to 402812477660-compute@developer.gserviceaccount.com. Error: {"name":"FirebaseError","children":[],"context":{"body":{"error":{"code":403,"message":"Compute Engine API has not been used in project 402812477660 before or it is disabled. Enable it by visiting https://console.developers.google.com/apis/api/compute.googleapis.com/overview?project=402812477660 then retry. If you enabled this API recently, wait a few minutes for the action to propagate to our systems and retry.","errors":[{"message":"Compute Engine API has not been used in project 402812477660 before or it is disabled. Enable it by visiting https://console.developers.google.com/apis/api/compute.googleapis.com/overview?project=402812477660 then retry. If you enabled this API recently, wait a few minutes for the action to propagate to our systems and retry.","domain":"usageLimits","reason":"accessNotConfigured","extendedHelp":"https://console.developers.google.com"}],"status":"PERMISSION_DENIED","details":[{"@type":"type.googleapis.com/google.rpc.ErrorInfo","reason":"SERVICE_DISABLED","domain":"googleapis.com","metadata":{"service":"compute.googleapis.com","containerInfo":"402812477660","activationUrl":"https://console.developers.google.com/apis/api/compute.googleapis.com/overview?project=402812477660","serviceTitle":"Compute Engine API","consumer":"projects/402812477660"}},{"@type":"type.googleapis.com/google.rpc.LocalizedMessage","locale":"en-US","message":"Compute Engine API has not been used in project 402812477660 before or it is disabled. Enable it by visiting https://console.developers.google.com/apis/api/compute.googleapis.com/overview?project=402812477660 then retry. If you enabled this API recently, wait a few minutes for the action to propagate to our systems and retry."},{"@type":"type.googleapis.com/google.rpc.Help","links":[{"description":"Google developers console API activation","url":"https://console.developers.google.com/apis/api/compute.googleapis.com/overview?project=402812477660"}]}]}},"response":{"statusCode":403}},"exit":1,"message":"Request to https://compute.googleapis.com/compute/v1/projects/402812477660 had HTTP Error: 403, Compute Engine API has not been used in project 402812477660 before or it is disabled. Enable it by visiting https://console.developers.google.com/apis/api/compute.googleapis.com/overview?project=402812477660 then retry. If you enabled this API recently, wait a few minutes for the action to propagate to our systems and retry.","status":403}
[debug] [2025-09-24T17:12:51.979Z] Checked if tokens are valid: true, expires at: 1758736880538
[debug] [2025-09-24T17:12:51.979Z] Checked if tokens are valid: true, expires at: 1758736880538
[debug] [2025-09-24T17:12:51.979Z] >>> [apiv2][query] GET https://cloudbilling.googleapis.com/v1/projects/poppin-s-app/billingInfo [none]
[debug] [2025-09-24T17:12:52.369Z] <<< [apiv2][status] GET https://cloudbilling.googleapis.com/v1/projects/poppin-s-app/billingInfo 200
[debug] [2025-09-24T17:12:52.370Z] <<< [apiv2][body] GET https://cloudbilling.googleapis.com/v1/projects/poppin-s-app/billingInfo {"name":"projects/poppin-s-app/billingInfo","projectId":"poppin-s-app","billingAccountName":"billingAccounts/010562-540649-B688C8","billingEnabled":true}
[debug] [2025-09-24T17:12:52.373Z] Checked if tokens are valid: true, expires at: 1758736880538
[debug] [2025-09-24T17:12:52.373Z] Checked if tokens are valid: true, expires at: 1758736880538
[debug] [2025-09-24T17:12:52.373Z] >>> [apiv2][query] POST https://cloudfunctions.googleapis.com/v2/projects/poppin-s-app/locations/europe-west1/functions:generateUploadUrl [none]
[debug] [2025-09-24T17:12:52.533Z] <<< [apiv2][status] POST https://cloudfunctions.googleapis.com/v2/projects/poppin-s-app/locations/europe-west1/functions:generateUploadUrl 200
[debug] [2025-09-24T17:12:52.533Z] <<< [apiv2][body] POST https://cloudfunctions.googleapis.com/v2/projects/poppin-s-app/locations/europe-west1/functions:generateUploadUrl {"uploadUrl":"https://storage.googleapis.com/gcf-v2-uploads-402812477660.europe-west1.cloudfunctions.appspot.com/cff15f84-aba4-487a-9754-b114738bec3c.zip?GoogleAccessId=service-402812477660@gcf-admin-robot.iam.gserviceaccount.com&Expires=1758735772&Signature=Eznkvxz%2BSJjkCZYXtu8oLSW4BSow4RnX%2Fq2rN0LAQLC39%2B0hiGbF%2FzKrjtgTwLzHiqJOn0Cmk2fEL8%2Fr%2FOCDfIDH1sucwL3X9lFl1DyN0DyPfVFSo6eByDKaQA2e5V6vAmrgz0D60zkh3g%2F%2ByJ%2FO4L5TSP7HMnrc3mTaLwwcUIqyPSME%2Bnbjrbd8fV63v5ffmt0rBjW30PDqVyoVE9yenb0PzVAD1WpeTNd7fCeutJrNkjptVDmykgz4QgpLvkbk3ARtOEiXFQEx6x%2F0JotXu%2FQuS1p2jnJHhdJNwhPON9PvBinHnekHNPZJdHvB1FiBEOMnplOgWfzeUu2Bl128aA%3D%3D","storageSource":{"bucket":"gcf-v2-uploads-402812477660.europe-west1.cloudfunctions.appspot.com","object":"cff15f84-aba4-487a-9754-b114738bec3c.zip"}}
[debug] [2025-09-24T17:12:52.535Z] >>> [apiv2][query] PUT https://storage.googleapis.com/gcf-v2-uploads-402812477660.europe-west1.cloudfunctions.appspot.com/cff15f84-aba4-487a-9754-b114738bec3c.zip GoogleAccessId=service-402812477660%40gcf-admin-robot.iam.gserviceaccount.com&Expires=1758735772&Signature=Eznkvxz%2BSJjkCZYXtu8oLSW4BSow4RnX%2Fq2rN0LAQLC39%2B0hiGbF%2FzKrjtgTwLzHiqJOn0Cmk2fEL8%2Fr%2FOCDfIDH1sucwL3X9lFl1DyN0DyPfVFSo6eByDKaQA2e5V6vAmrgz0D60zkh3g%2F%2ByJ%2FO4L5TSP7HMnrc3mTaLwwcUIqyPSME%2Bnbjrbd8fV63v5ffmt0rBjW30PDqVyoVE9yenb0PzVAD1WpeTNd7fCeutJrNkjptVDmykgz4QgpLvkbk3ARtOEiXFQEx6x%2F0JotXu%2FQuS1p2jnJHhdJNwhPON9PvBinHnekHNPZJdHvB1FiBEOMnplOgWfzeUu2Bl128aA%3D%3D
[debug] [2025-09-24T17:12:52.535Z] >>> [apiv2][body] PUT https://storage.googleapis.com/gcf-v2-uploads-402812477660.europe-west1.cloudfunctions.appspot.com/cff15f84-aba4-487a-9754-b114738bec3c.zip [stream]
[debug] [2025-09-24T17:12:52.886Z] <<< [apiv2][status] PUT https://storage.googleapis.com/gcf-v2-uploads-402812477660.europe-west1.cloudfunctions.appspot.com/cff15f84-aba4-487a-9754-b114738bec3c.zip 200
[debug] [2025-09-24T17:12:52.887Z] <<< [apiv2][body] PUT https://storage.googleapis.com/gcf-v2-uploads-402812477660.europe-west1.cloudfunctions.appspot.com/cff15f84-aba4-487a-9754-b114738bec3c.zip [omitted]
[info] ✔  functions: functions folder uploaded successfully 
[info] i  functions: updating Node.js 20 (2nd Gen) function sendEmailToParent(europe-west1)... 
[info] i  functions: updating Node.js 20 (2nd Gen) function acceptDelegation(europe-west1)... 
[info] i  functions: updating Node.js 20 (2nd Gen) function declineDelegation(europe-west1)... 
[info] i  functions: updating Node.js 20 (2nd Gen) function cancelDelegation(europe-west1)... 
[info] i  functions: updating Node.js 20 (2nd Gen) function onDelegationCreated(europe-west1)... 
[info] i  functions: updating Node.js 20 (2nd Gen) function processEmailQueue(europe-west1)... 
[info] i  functions: updating Node.js 20 (2nd Gen) function retryFailedEmails(europe-west1)... 
[info] i  functions: updating Node.js 20 (2nd Gen) function sendNotification(europe-west1)... 
[info] i  functions: updating Node.js 20 (2nd Gen) function onNewMessage(europe-west1)... 
[info] i  functions: updating Node.js 20 (2nd Gen) function testNotification(europe-west1)... 
[info] i  functions: updating Node.js 20 (2nd Gen) function cleanupOldNotifications(europe-west1)... 
[info] i  functions: updating Node.js 20 (2nd Gen) function onStockNeedsUpdated(europe-west1)... 
[debug] [2025-09-24T17:12:52.898Z] Checked if tokens are valid: true, expires at: 1758736880538
[debug] [2025-09-24T17:12:52.898Z] Checked if tokens are valid: true, expires at: 1758736880538
[debug] [2025-09-24T17:12:52.898Z] >>> [apiv2][query] PATCH https://cloudfunctions.googleapis.com/v2/projects/poppin-s-app/locations/europe-west1/functions/sendEmailToParent updateMask=name%2CbuildConfig.runtime%2CbuildConfig.entryPoint%2CbuildConfig.source.storageSource.bucket%2CbuildConfig.source.storageSource.object%2CbuildConfig.environmentVariables%2CbuildConfig.sourceToken%2CserviceConfig.environmentVariables%2CserviceConfig.ingressSettings%2CserviceConfig.timeoutSeconds%2CserviceConfig.serviceAccountEmail%2CserviceConfig.availableMemory%2CserviceConfig.minInstanceCount%2CserviceConfig.maxInstanceCount%2CserviceConfig.maxInstanceRequestConcurrency%2CserviceConfig.availableCpu%2CserviceConfig.vpcConnector%2CserviceConfig.vpcConnectorEgressSettings%2Clabels
[debug] [2025-09-24T17:12:52.898Z] >>> [apiv2][body] PATCH https://cloudfunctions.googleapis.com/v2/projects/poppin-s-app/locations/europe-west1/functions/sendEmailToParent {"name":"projects/poppin-s-app/locations/europe-west1/functions/sendEmailToParent","buildConfig":{"runtime":"nodejs20","entryPoint":"sendEmailToParent","source":{"storageSource":{"bucket":"gcf-v2-uploads-402812477660.europe-west1.cloudfunctions.appspot.com","object":"cff15f84-aba4-487a-9754-b114738bec3c.zip"}},"environmentVariables":{"GOOGLE_NODE_RUN_SCRIPTS":""}},"serviceConfig":{"environmentVariables":{"EMAIL_USER":"votre_email@gmail.com","EMAIL_PASSWORD":"votre_mot_de_passe_securise","FIREBASE_CONFIG":"{\"projectId\":\"poppin-s-app\",\"storageBucket\":\"poppin-s-app.firebasestorage.app\"}","GCLOUD_PROJECT":"poppin-s-app","EVENTARC_CLOUD_EVENT_SOURCE":"projects/poppin-s-app/locations/europe-west1/services/sendEmailToParent","FUNCTION_TARGET":"sendEmailToParent","LOG_EXECUTION_ID":"true"},"ingressSettings":null,"timeoutSeconds":null,"serviceAccountEmail":null,"availableMemory":"256Mi","minInstanceCount":null,"maxInstanceCount":null,"maxInstanceRequestConcurrency":80,"availableCpu":"1","vpcConnector":null,"vpcConnectorEgressSettings":null},"labels":{"deployment-tool":"cli-firebase","deployment-callable":"true","firebase-functions-hash":"ecbaa31c917c1fff03b9ad86e035ea77447bcf99"}}
[debug] [2025-09-24T17:12:53.914Z] <<< [apiv2][status] PATCH https://cloudfunctions.googleapis.com/v2/projects/poppin-s-app/locations/europe-west1/functions/sendEmailToParent 200
[debug] [2025-09-24T17:12:53.914Z] <<< [apiv2][body] PATCH https://cloudfunctions.googleapis.com/v2/projects/poppin-s-app/locations/europe-west1/functions/sendEmailToParent {"name":"projects/poppin-s-app/locations/europe-west1/operations/operation-1758733972958-63f8f29b66df6-cb68e32b-eee70592","metadata":{"@type":"type.googleapis.com/google.cloud.functions.v2.OperationMetadata","createTime":"2025-09-24T17:12:53.894966345Z","target":"projects/poppin-s-app/locations/europe-west1/functions/sendEmailToParent","verb":"update","cancelRequested":false,"apiVersion":"v2"},"done":false}
[debug] [2025-09-24T17:12:53.915Z] Checked if tokens are valid: true, expires at: 1758736880538
[debug] [2025-09-24T17:12:53.915Z] Checked if tokens are valid: true, expires at: 1758736880538
[debug] [2025-09-24T17:12:53.916Z] >>> [apiv2][query] GET https://cloudfunctions.googleapis.com/v2/projects/poppin-s-app/locations/europe-west1/operations/operation-1758733972958-63f8f29b66df6-cb68e32b-eee70592 [none]
[debug] [2025-09-24T17:12:53.981Z] <<< [apiv2][status] GET https://cloudfunctions.googleapis.com/v2/projects/poppin-s-app/locations/europe-west1/operations/operation-1758733972958-63f8f29b66df6-cb68e32b-eee70592 200
[debug] [2025-09-24T17:12:53.982Z] <<< [apiv2][body] GET https://cloudfunctions.googleapis.com/v2/projects/poppin-s-app/locations/europe-west1/operations/operation-1758733972958-63f8f29b66df6-cb68e32b-eee70592 {"name":"projects/poppin-s-app/locations/europe-west1/operations/operation-1758733972958-63f8f29b66df6-cb68e32b-eee70592","metadata":{"@type":"type.googleapis.com/google.cloud.functions.v2.OperationMetadata","createTime":"2025-09-24T17:12:53.894966345Z","target":"projects/poppin-s-app/locations/europe-west1/functions/sendEmailToParent","verb":"update","cancelRequested":false,"apiVersion":"v2"},"done":false}
[debug] [2025-09-24T17:12:54.483Z] [update-default-europe-west1-sendEmailToParent] Retrying task index 0
[debug] [2025-09-24T17:12:54.484Z] Checked if tokens are valid: true, expires at: 1758736880538
[debug] [2025-09-24T17:12:54.484Z] Checked if tokens are valid: true, expires at: 1758736880538
[debug] [2025-09-24T17:12:54.484Z] >>> [apiv2][query] GET https://cloudfunctions.googleapis.com/v2/projects/poppin-s-app/locations/europe-west1/operations/operation-1758733972958-63f8f29b66df6-cb68e32b-eee70592 [none]
[debug] [2025-09-24T17:12:54.546Z] <<< [apiv2][status] GET https://cloudfunctions.googleapis.com/v2/projects/poppin-s-app/locations/europe-west1/operations/operation-1758733972958-63f8f29b66df6-cb68e32b-eee70592 200
[debug] [2025-09-24T17:12:54.547Z] <<< [apiv2][body] GET https://cloudfunctions.googleapis.com/v2/projects/poppin-s-app/locations/europe-west1/operations/operation-1758733972958-63f8f29b66df6-cb68e32b-eee70592 {"name":"projects/poppin-s-app/locations/europe-west1/operations/operation-1758733972958-63f8f29b66df6-cb68e32b-eee70592","metadata":{"@type":"type.googleapis.com/google.cloud.functions.v2.OperationMetadata","createTime":"2025-09-24T17:12:53.894966345Z","target":"projects/poppin-s-app/locations/europe-west1/functions/sendEmailToParent","verb":"update","cancelRequested":false,"apiVersion":"v2","requestResource":{"@type":"type.googleapis.com/google.cloud.functions.v2.Function","name":"projects/poppin-s-app/locations/europe-west1/functions/sendEmailToParent","buildConfig":{"runtime":"nodejs20","entryPoint":"sendEmailToParent","source":{"storageSource":{"bucket":"gcf-v2-sources-402812477660-europe-west1","object":"sendEmailToParent/function-source.zip","generation":"1758733973844644"}},"environmentVariables":{"GOOGLE_NODE_RUN_SCRIPTS":""},"dockerRepository":"projects/poppin-s-app/locations/europe-west1/repositories/gcf-artifacts","sourceProvenance":{"resolvedStorageSource":{"bucket":"gcf-v2-sources-402812477660-europe-west1","object":"sendEmailToParent/function-source.zip","generation":"1758733307791464"}},"dockerRegistry":"ARTIFACT_REGISTRY","serviceAccount":"projects/poppin-s-app/serviceAccounts/402812477660-compute@developer.gserviceaccount.com","automaticUpdatePolicy":{}},"serviceConfig":{"service":"projects/poppin-s-app/locations/europe-west1/services/sendemailtoparent","timeoutSeconds":60,"environmentVariables":{"EMAIL_USER":"votre_email@gmail.com","EMAIL_PASSWORD":"votre_mot_de_passe_securise","FIREBASE_CONFIG":"{\"projectId\":\"poppin-s-app\",\"storageBucket\":\"poppin-s-app.firebasestorage.app\"}","GCLOUD_PROJECT":"poppin-s-app","EVENTARC_CLOUD_EVENT_SOURCE":"projects/poppin-s-app/locations/europe-west1/services/sendEmailToParent","FUNCTION_TARGET":"sendEmailToParent","LOG_EXECUTION_ID":"true"},"ingressSettings":"ALLOW_ALL","uri":"https://sendemailtoparent-j3na7x5n2a-ew.a.run.app","serviceAccountEmail":"402812477660-compute@developer.gserviceaccount.com","availableMemory":"256Mi","allTrafficOnLatestRevision":true,"revision":"sendemailtoparent-00013-riv","maxInstanceRequestConcurrency":80,"availableCpu":"1"},"state":"ACTIVE","labels":{"deployment-tool":"cli-firebase","deployment-callable":"true","firebase-functions-hash":"ecbaa31c917c1fff03b9ad86e035ea77447bcf99"},"environment":"GEN_2","url":"https://europe-west1-poppin-s-app.cloudfunctions.net/sendEmailToParent","satisfiesPzi":true},"stages":[{"name":"BUILD","state":"NOT_STARTED"},{"name":"SERVICE","state":"NOT_STARTED"}],"operationType":"UPDATE_FUNCTION"},"done":false}
[debug] [2025-09-24T17:12:55.548Z] [update-default-europe-west1-sendEmailToParent] Retrying task index 0
[debug] [2025-09-24T17:12:55.549Z] Checked if tokens are valid: true, expires at: 1758736880538
[debug] [2025-09-24T17:12:55.549Z] Checked if tokens are valid: true, expires at: 1758736880538
[debug] [2025-09-24T17:12:55.549Z] >>> [apiv2][query] GET https://cloudfunctions.googleapis.com/v2/projects/poppin-s-app/locations/europe-west1/operations/operation-1758733972958-63f8f29b66df6-cb68e32b-eee70592 [none]
[debug] [2025-09-24T17:12:55.592Z] <<< [apiv2][status] GET https://cloudfunctions.googleapis.com/v2/projects/poppin-s-app/locations/europe-west1/operations/operation-1758733972958-63f8f29b66df6-cb68e32b-eee70592 200
[debug] [2025-09-24T17:12:55.592Z] <<< [apiv2][body] GET https://cloudfunctions.googleapis.com/v2/projects/poppin-s-app/locations/europe-west1/operations/operation-1758733972958-63f8f29b66df6-cb68e32b-eee70592 {"name":"projects/poppin-s-app/locations/europe-west1/operations/operation-1758733972958-63f8f29b66df6-cb68e32b-eee70592","metadata":{"@type":"type.googleapis.com/google.cloud.functions.v2.OperationMetadata","createTime":"2025-09-24T17:12:53.894966345Z","target":"projects/poppin-s-app/locations/europe-west1/functions/sendEmailToParent","verb":"update","cancelRequested":false,"apiVersion":"v2","requestResource":{"@type":"type.googleapis.com/google.cloud.functions.v2.Function","name":"projects/poppin-s-app/locations/europe-west1/functions/sendEmailToParent","buildConfig":{"runtime":"nodejs20","entryPoint":"sendEmailToParent","source":{"storageSource":{"bucket":"gcf-v2-sources-402812477660-europe-west1","object":"sendEmailToParent/function-source.zip","generation":"1758733973844644"}},"environmentVariables":{"GOOGLE_NODE_RUN_SCRIPTS":""},"dockerRepository":"projects/poppin-s-app/locations/europe-west1/repositories/gcf-artifacts","sourceProvenance":{"resolvedStorageSource":{"bucket":"gcf-v2-sources-402812477660-europe-west1","object":"sendEmailToParent/function-source.zip","generation":"1758733307791464"}},"dockerRegistry":"ARTIFACT_REGISTRY","serviceAccount":"projects/poppin-s-app/serviceAccounts/402812477660-compute@developer.gserviceaccount.com","automaticUpdatePolicy":{}},"serviceConfig":{"service":"projects/poppin-s-app/locations/europe-west1/services/sendemailtoparent","timeoutSeconds":60,"environmentVariables":{"EMAIL_USER":"votre_email@gmail.com","EMAIL_PASSWORD":"votre_mot_de_passe_securise","FIREBASE_CONFIG":"{\"projectId\":\"poppin-s-app\",\"storageBucket\":\"poppin-s-app.firebasestorage.app\"}","GCLOUD_PROJECT":"poppin-s-app","EVENTARC_CLOUD_EVENT_SOURCE":"projects/poppin-s-app/locations/europe-west1/services/sendEmailToParent","FUNCTION_TARGET":"sendEmailToParent","LOG_EXECUTION_ID":"true"},"ingressSettings":"ALLOW_ALL","uri":"https://sendemailtoparent-j3na7x5n2a-ew.a.run.app","serviceAccountEmail":"402812477660-compute@developer.gserviceaccount.com","availableMemory":"256Mi","allTrafficOnLatestRevision":true,"revision":"sendemailtoparent-00013-riv","maxInstanceRequestConcurrency":80,"availableCpu":"1"},"state":"ACTIVE","labels":{"deployment-tool":"cli-firebase","deployment-callable":"true","firebase-functions-hash":"ecbaa31c917c1fff03b9ad86e035ea77447bcf99"},"environment":"GEN_2","url":"https://europe-west1-poppin-s-app.cloudfunctions.net/sendEmailToParent","satisfiesPzi":true},"stages":[{"name":"BUILD","message":"Build in progress","state":"IN_PROGRESS","resource":"projects/402812477660/locations/europe-west1/builds/8677a979-60d7-4bfa-982e-bc51ddffff95","resourceUri":"https://console.cloud.google.com/cloud-build/builds;region=europe-west1/8677a979-60d7-4bfa-982e-bc51ddffff95?project=402812477660"},{"name":"SERVICE","state":"NOT_STARTED"}],"operationType":"UPDATE_FUNCTION","buildName":"projects/402812477660/locations/europe-west1/builds/8677a979-60d7-4bfa-982e-bc51ddffff95"},"done":false}
[debug] [2025-09-24T17:12:57.594Z] [update-default-europe-west1-sendEmailToParent] Retrying task index 0
[debug] [2025-09-24T17:12:57.595Z] Checked if tokens are valid: true, expires at: 1758736880538
[debug] [2025-09-24T17:12:57.595Z] Checked if tokens are valid: true, expires at: 1758736880538
[debug] [2025-09-24T17:12:57.595Z] >>> [apiv2][query] GET https://cloudfunctions.googleapis.com/v2/projects/poppin-s-app/locations/europe-west1/operations/operation-1758733972958-63f8f29b66df6-cb68e32b-eee70592 [none]
[debug] [2025-09-24T17:12:57.668Z] <<< [apiv2][status] GET https://cloudfunctions.googleapis.com/v2/projects/poppin-s-app/locations/europe-west1/operations/operation-1758733972958-63f8f29b66df6-cb68e32b-eee70592 200
[debug] [2025-09-24T17:12:57.668Z] <<< [apiv2][body] GET https://cloudfunctions.googleapis.com/v2/projects/poppin-s-app/locations/europe-west1/operations/operation-1758733972958-63f8f29b66df6-cb68e32b-eee70592 {"name":"projects/poppin-s-app/locations/europe-west1/operations/operation-1758733972958-63f8f29b66df6-cb68e32b-eee70592","metadata":{"@type":"type.googleapis.com/google.cloud.functions.v2.OperationMetadata","createTime":"2025-09-24T17:12:53.894966345Z","target":"projects/poppin-s-app/locations/europe-west1/functions/sendEmailToParent","verb":"update","cancelRequested":false,"apiVersion":"v2","requestResource":{"@type":"type.googleapis.com/google.cloud.functions.v2.Function","name":"projects/poppin-s-app/locations/europe-west1/functions/sendEmailToParent","buildConfig":{"runtime":"nodejs20","entryPoint":"sendEmailToParent","source":{"storageSource":{"bucket":"gcf-v2-sources-402812477660-europe-west1","object":"sendEmailToParent/function-source.zip","generation":"1758733973844644"}},"environmentVariables":{"GOOGLE_NODE_RUN_SCRIPTS":""},"dockerRepository":"projects/poppin-s-app/locations/europe-west1/repositories/gcf-artifacts","sourceProvenance":{"resolvedStorageSource":{"bucket":"gcf-v2-sources-402812477660-europe-west1","object":"sendEmailToParent/function-source.zip","generation":"1758733307791464"}},"dockerRegistry":"ARTIFACT_REGISTRY","serviceAccount":"projects/poppin-s-app/serviceAccounts/402812477660-compute@developer.gserviceaccount.com","automaticUpdatePolicy":{}},"serviceConfig":{"service":"projects/poppin-s-app/locations/europe-west1/services/sendemailtoparent","timeoutSeconds":60,"environmentVariables":{"EMAIL_USER":"votre_email@gmail.com","EMAIL_PASSWORD":"votre_mot_de_passe_securise","FIREBASE_CONFIG":"{\"projectId\":\"poppin-s-app\",\"storageBucket\":\"poppin-s-app.firebasestorage.app\"}","GCLOUD_PROJECT":"poppin-s-app","EVENTARC_CLOUD_EVENT_SOURCE":"projects/poppin-s-app/locations/europe-west1/services/sendEmailToParent","FUNCTION_TARGET":"sendEmailToParent","LOG_EXECUTION_ID":"true"},"ingressSettings":"ALLOW_ALL","uri":"https://sendemailtoparent-j3na7x5n2a-ew.a.run.app","serviceAccountEmail":"402812477660-compute@developer.gserviceaccount.com","availableMemory":"256Mi","allTrafficOnLatestRevision":true,"revision":"sendemailtoparent-00013-riv","maxInstanceRequestConcurrency":80,"availableCpu":"1"},"state":"ACTIVE","labels":{"deployment-tool":"cli-firebase","deployment-callable":"true","firebase-functions-hash":"ecbaa31c917c1fff03b9ad86e035ea77447bcf99"},"environment":"GEN_2","url":"https://europe-west1-poppin-s-app.cloudfunctions.net/sendEmailToParent","satisfiesPzi":true},"stages":[{"name":"BUILD","message":"Build in progress","state":"IN_PROGRESS","resource":"projects/402812477660/locations/europe-west1/builds/8677a979-60d7-4bfa-982e-bc51ddffff95","resourceUri":"https://console.cloud.google.com/cloud-build/builds;region=europe-west1/8677a979-60d7-4bfa-982e-bc51ddffff95?project=402812477660"},{"name":"SERVICE","state":"NOT_STARTED"}],"operationType":"UPDATE_FUNCTION","buildName":"projects/402812477660/locations/europe-west1/builds/8677a979-60d7-4bfa-982e-bc51ddffff95"},"done":false}
[debug] [2025-09-24T17:13:01.674Z] [update-default-europe-west1-sendEmailToParent] Retrying task index 0
[debug] [2025-09-24T17:13:01.679Z] Checked if tokens are valid: true, expires at: 1758736880538
[debug] [2025-09-24T17:13:01.680Z] Checked if tokens are valid: true, expires at: 1758736880538
[debug] [2025-09-24T17:13:01.680Z] >>> [apiv2][query] GET https://cloudfunctions.googleapis.com/v2/projects/poppin-s-app/locations/europe-west1/operations/operation-1758733972958-63f8f29b66df6-cb68e32b-eee70592 [none]
[debug] [2025-09-24T17:13:01.747Z] <<< [apiv2][status] GET https://cloudfunctions.googleapis.com/v2/projects/poppin-s-app/locations/europe-west1/operations/operation-1758733972958-63f8f29b66df6-cb68e32b-eee70592 200
[debug] [2025-09-24T17:13:01.747Z] <<< [apiv2][body] GET https://cloudfunctions.googleapis.com/v2/projects/poppin-s-app/locations/europe-west1/operations/operation-1758733972958-63f8f29b66df6-cb68e32b-eee70592 {"name":"projects/poppin-s-app/locations/europe-west1/operations/operation-1758733972958-63f8f29b66df6-cb68e32b-eee70592","metadata":{"@type":"type.googleapis.com/google.cloud.functions.v2.OperationMetadata","createTime":"2025-09-24T17:12:53.894966345Z","target":"projects/poppin-s-app/locations/europe-west1/functions/sendEmailToParent","verb":"update","cancelRequested":false,"apiVersion":"v2","requestResource":{"@type":"type.googleapis.com/google.cloud.functions.v2.Function","name":"projects/poppin-s-app/locations/europe-west1/functions/sendEmailToParent","buildConfig":{"runtime":"nodejs20","entryPoint":"sendEmailToParent","source":{"storageSource":{"bucket":"gcf-v2-sources-402812477660-europe-west1","object":"sendEmailToParent/function-source.zip","generation":"1758733973844644"}},"environmentVariables":{"GOOGLE_NODE_RUN_SCRIPTS":""},"dockerRepository":"projects/poppin-s-app/locations/europe-west1/repositories/gcf-artifacts","sourceProvenance":{"resolvedStorageSource":{"bucket":"gcf-v2-sources-402812477660-europe-west1","object":"sendEmailToParent/function-source.zip","generation":"1758733307791464"}},"dockerRegistry":"ARTIFACT_REGISTRY","serviceAccount":"projects/poppin-s-app/serviceAccounts/402812477660-compute@developer.gserviceaccount.com","automaticUpdatePolicy":{}},"serviceConfig":{"service":"projects/poppin-s-app/locations/europe-west1/services/sendemailtoparent","timeoutSeconds":60,"environmentVariables":{"EMAIL_USER":"votre_email@gmail.com","EMAIL_PASSWORD":"votre_mot_de_passe_securise","FIREBASE_CONFIG":"{\"projectId\":\"poppin-s-app\",\"storageBucket\":\"poppin-s-app.firebasestorage.app\"}","GCLOUD_PROJECT":"poppin-s-app","EVENTARC_CLOUD_EVENT_SOURCE":"projects/poppin-s-app/locations/europe-west1/services/sendEmailToParent","FUNCTION_TARGET":"sendEmailToParent","LOG_EXECUTION_ID":"true"},"ingressSettings":"ALLOW_ALL","uri":"https://sendemailtoparent-j3na7x5n2a-ew.a.run.app","serviceAccountEmail":"402812477660-compute@developer.gserviceaccount.com","availableMemory":"256Mi","allTrafficOnLatestRevision":true,"revision":"sendemailtoparent-00013-riv","maxInstanceRequestConcurrency":80,"availableCpu":"1"},"state":"ACTIVE","labels":{"deployment-tool":"cli-firebase","deployment-callable":"true","firebase-functions-hash":"ecbaa31c917c1fff03b9ad86e035ea77447bcf99"},"environment":"GEN_2","url":"https://europe-west1-poppin-s-app.cloudfunctions.net/sendEmailToParent","satisfiesPzi":true},"stages":[{"name":"BUILD","message":"Build in progress","state":"IN_PROGRESS","resource":"projects/402812477660/locations/europe-west1/builds/8677a979-60d7-4bfa-982e-bc51ddffff95","resourceUri":"https://console.cloud.google.com/cloud-build/builds;region=europe-west1/8677a979-60d7-4bfa-982e-bc51ddffff95?project=402812477660"},{"name":"SERVICE","state":"NOT_STARTED"}],"operationType":"UPDATE_FUNCTION","buildName":"projects/402812477660/locations/europe-west1/builds/8677a979-60d7-4bfa-982e-bc51ddffff95"},"done":false}
[debug] [2025-09-24T17:13:09.748Z] [update-default-europe-west1-sendEmailToParent] Retrying task index 0
[debug] [2025-09-24T17:13:09.749Z] Checked if tokens are valid: true, expires at: 1758736880538
[debug] [2025-09-24T17:13:09.749Z] Checked if tokens are valid: true, expires at: 1758736880538
[debug] [2025-09-24T17:13:09.750Z] >>> [apiv2][query] GET https://cloudfunctions.googleapis.com/v2/projects/poppin-s-app/locations/europe-west1/operations/operation-1758733972958-63f8f29b66df6-cb68e32b-eee70592 [none]
[debug] [2025-09-24T17:13:09.849Z] <<< [apiv2][status] GET https://cloudfunctions.googleapis.com/v2/projects/poppin-s-app/locations/europe-west1/operations/operation-1758733972958-63f8f29b66df6-cb68e32b-eee70592 200
[debug] [2025-09-24T17:13:09.850Z] <<< [apiv2][body] GET https://cloudfunctions.googleapis.com/v2/projects/poppin-s-app/locations/europe-west1/operations/operation-1758733972958-63f8f29b66df6-cb68e32b-eee70592 {"name":"projects/poppin-s-app/locations/europe-west1/operations/operation-1758733972958-63f8f29b66df6-cb68e32b-eee70592","metadata":{"@type":"type.googleapis.com/google.cloud.functions.v2.OperationMetadata","createTime":"2025-09-24T17:12:53.894966345Z","target":"projects/poppin-s-app/locations/europe-west1/functions/sendEmailToParent","verb":"update","cancelRequested":false,"apiVersion":"v2","requestResource":{"@type":"type.googleapis.com/google.cloud.functions.v2.Function","name":"projects/poppin-s-app/locations/europe-west1/functions/sendEmailToParent","buildConfig":{"runtime":"nodejs20","entryPoint":"sendEmailToParent","source":{"storageSource":{"bucket":"gcf-v2-sources-402812477660-europe-west1","object":"sendEmailToParent/function-source.zip","generation":"1758733973844644"}},"environmentVariables":{"GOOGLE_NODE_RUN_SCRIPTS":""},"dockerRepository":"projects/poppin-s-app/locations/europe-west1/repositories/gcf-artifacts","sourceProvenance":{"resolvedStorageSource":{"bucket":"gcf-v2-sources-402812477660-europe-west1","object":"sendEmailToParent/function-source.zip","generation":"1758733307791464"}},"dockerRegistry":"ARTIFACT_REGISTRY","serviceAccount":"projects/poppin-s-app/serviceAccounts/402812477660-compute@developer.gserviceaccount.com","automaticUpdatePolicy":{}},"serviceConfig":{"service":"projects/poppin-s-app/locations/europe-west1/services/sendemailtoparent","timeoutSeconds":60,"environmentVariables":{"EMAIL_USER":"votre_email@gmail.com","EMAIL_PASSWORD":"votre_mot_de_passe_securise","FIREBASE_CONFIG":"{\"projectId\":\"poppin-s-app\",\"storageBucket\":\"poppin-s-app.firebasestorage.app\"}","GCLOUD_PROJECT":"poppin-s-app","EVENTARC_CLOUD_EVENT_SOURCE":"projects/poppin-s-app/locations/europe-west1/services/sendEmailToParent","FUNCTION_TARGET":"sendEmailToParent","LOG_EXECUTION_ID":"true"},"ingressSettings":"ALLOW_ALL","uri":"https://sendemailtoparent-j3na7x5n2a-ew.a.run.app","serviceAccountEmail":"402812477660-compute@developer.gserviceaccount.com","availableMemory":"256Mi","allTrafficOnLatestRevision":true,"revision":"sendemailtoparent-00013-riv","maxInstanceRequestConcurrency":80,"availableCpu":"1"},"state":"ACTIVE","labels":{"deployment-tool":"cli-firebase","deployment-callable":"true","firebase-functions-hash":"ecbaa31c917c1fff03b9ad86e035ea77447bcf99"},"environment":"GEN_2","url":"https://europe-west1-poppin-s-app.cloudfunctions.net/sendEmailToParent","satisfiesPzi":true},"stages":[{"name":"BUILD","message":"Build in progress","state":"IN_PROGRESS","resource":"projects/402812477660/locations/europe-west1/builds/8677a979-60d7-4bfa-982e-bc51ddffff95","resourceUri":"https://console.cloud.google.com/cloud-build/builds;region=europe-west1/8677a979-60d7-4bfa-982e-bc51ddffff95?project=402812477660"},{"name":"SERVICE","state":"NOT_STARTED"}],"operationType":"UPDATE_FUNCTION","buildName":"projects/402812477660/locations/europe-west1/builds/8677a979-60d7-4bfa-982e-bc51ddffff95"},"done":false}
[debug] [2025-09-24T17:13:19.851Z] [update-default-europe-west1-sendEmailToParent] Retrying task index 0
[debug] [2025-09-24T17:13:19.851Z] Checked if tokens are valid: true, expires at: 1758736880538
[debug] [2025-09-24T17:13:19.851Z] Checked if tokens are valid: true, expires at: 1758736880538
[debug] [2025-09-24T17:13:19.852Z] >>> [apiv2][query] GET https://cloudfunctions.googleapis.com/v2/projects/poppin-s-app/locations/europe-west1/operations/operation-1758733972958-63f8f29b66df6-cb68e32b-eee70592 [none]
[debug] [2025-09-24T17:13:19.954Z] <<< [apiv2][status] GET https://cloudfunctions.googleapis.com/v2/projects/poppin-s-app/locations/europe-west1/operations/operation-1758733972958-63f8f29b66df6-cb68e32b-eee70592 200
[debug] [2025-09-24T17:13:19.955Z] <<< [apiv2][body] GET https://cloudfunctions.googleapis.com/v2/projects/poppin-s-app/locations/europe-west1/operations/operation-1758733972958-63f8f29b66df6-cb68e32b-eee70592 {"name":"projects/poppin-s-app/locations/europe-west1/operations/operation-1758733972958-63f8f29b66df6-cb68e32b-eee70592","metadata":{"@type":"type.googleapis.com/google.cloud.functions.v2.OperationMetadata","createTime":"2025-09-24T17:12:53.894966345Z","target":"projects/poppin-s-app/locations/europe-west1/functions/sendEmailToParent","verb":"update","cancelRequested":false,"apiVersion":"v2","requestResource":{"@type":"type.googleapis.com/google.cloud.functions.v2.Function","name":"projects/poppin-s-app/locations/europe-west1/functions/sendEmailToParent","buildConfig":{"runtime":"nodejs20","entryPoint":"sendEmailToParent","source":{"storageSource":{"bucket":"gcf-v2-sources-402812477660-europe-west1","object":"sendEmailToParent/function-source.zip","generation":"1758733973844644"}},"environmentVariables":{"GOOGLE_NODE_RUN_SCRIPTS":""},"dockerRepository":"projects/poppin-s-app/locations/europe-west1/repositories/gcf-artifacts","sourceProvenance":{"resolvedStorageSource":{"bucket":"gcf-v2-sources-402812477660-europe-west1","object":"sendEmailToParent/function-source.zip","generation":"1758733307791464"}},"dockerRegistry":"ARTIFACT_REGISTRY","serviceAccount":"projects/poppin-s-app/serviceAccounts/402812477660-compute@developer.gserviceaccount.com","automaticUpdatePolicy":{}},"serviceConfig":{"service":"projects/poppin-s-app/locations/europe-west1/services/sendemailtoparent","timeoutSeconds":60,"environmentVariables":{"EMAIL_USER":"votre_email@gmail.com","EMAIL_PASSWORD":"votre_mot_de_passe_securise","FIREBASE_CONFIG":"{\"projectId\":\"poppin-s-app\",\"storageBucket\":\"poppin-s-app.firebasestorage.app\"}","GCLOUD_PROJECT":"poppin-s-app","EVENTARC_CLOUD_EVENT_SOURCE":"projects/poppin-s-app/locations/europe-west1/services/sendEmailToParent","FUNCTION_TARGET":"sendEmailToParent","LOG_EXECUTION_ID":"true"},"ingressSettings":"ALLOW_ALL","uri":"https://sendemailtoparent-j3na7x5n2a-ew.a.run.app","serviceAccountEmail":"402812477660-compute@developer.gserviceaccount.com","availableMemory":"256Mi","allTrafficOnLatestRevision":true,"revision":"sendemailtoparent-00013-riv","maxInstanceRequestConcurrency":80,"availableCpu":"1"},"state":"ACTIVE","labels":{"deployment-tool":"cli-firebase","deployment-callable":"true","firebase-functions-hash":"ecbaa31c917c1fff03b9ad86e035ea77447bcf99"},"environment":"GEN_2","url":"https://europe-west1-poppin-s-app.cloudfunctions.net/sendEmailToParent","satisfiesPzi":true},"stages":[{"name":"BUILD","message":"Build in progress","state":"IN_PROGRESS","resource":"projects/402812477660/locations/europe-west1/builds/8677a979-60d7-4bfa-982e-bc51ddffff95","resourceUri":"https://console.cloud.google.com/cloud-build/builds;region=europe-west1/8677a979-60d7-4bfa-982e-bc51ddffff95?project=402812477660"},{"name":"SERVICE","state":"NOT_STARTED"}],"operationType":"UPDATE_FUNCTION","buildName":"projects/402812477660/locations/europe-west1/builds/8677a979-60d7-4bfa-982e-bc51ddffff95"},"done":false}
[debug] [2025-09-24T17:13:29.993Z] [update-default-europe-west1-sendEmailToParent] Retrying task index 0
[debug] [2025-09-24T17:13:30.002Z] Checked if tokens are valid: true, expires at: 1758736880538
[debug] [2025-09-24T17:13:30.004Z] Checked if tokens are valid: true, expires at: 1758736880538
[debug] [2025-09-24T17:13:30.006Z] >>> [apiv2][query] GET https://cloudfunctions.googleapis.com/v2/projects/poppin-s-app/locations/europe-west1/operations/operation-1758733972958-63f8f29b66df6-cb68e32b-eee70592 [none]
[debug] [2025-09-24T17:13:30.138Z] <<< [apiv2][status] GET https://cloudfunctions.googleapis.com/v2/projects/poppin-s-app/locations/europe-west1/operations/operation-1758733972958-63f8f29b66df6-cb68e32b-eee70592 200
[debug] [2025-09-24T17:13:30.138Z] <<< [apiv2][body] GET https://cloudfunctions.googleapis.com/v2/projects/poppin-s-app/locations/europe-west1/operations/operation-1758733972958-63f8f29b66df6-cb68e32b-eee70592 {"name":"projects/poppin-s-app/locations/europe-west1/operations/operation-1758733972958-63f8f29b66df6-cb68e32b-eee70592","metadata":{"@type":"type.googleapis.com/google.cloud.functions.v2.OperationMetadata","createTime":"2025-09-24T17:12:53.894966345Z","target":"projects/poppin-s-app/locations/europe-west1/functions/sendEmailToParent","verb":"update","cancelRequested":false,"apiVersion":"v2","requestResource":{"@type":"type.googleapis.com/google.cloud.functions.v2.Function","name":"projects/poppin-s-app/locations/europe-west1/functions/sendEmailToParent","buildConfig":{"runtime":"nodejs20","entryPoint":"sendEmailToParent","source":{"storageSource":{"bucket":"gcf-v2-sources-402812477660-europe-west1","object":"sendEmailToParent/function-source.zip","generation":"1758733973844644"}},"environmentVariables":{"GOOGLE_NODE_RUN_SCRIPTS":""},"dockerRepository":"projects/poppin-s-app/locations/europe-west1/repositories/gcf-artifacts","sourceProvenance":{"resolvedStorageSource":{"bucket":"gcf-v2-sources-402812477660-europe-west1","object":"sendEmailToParent/function-source.zip","generation":"1758733307791464"}},"dockerRegistry":"ARTIFACT_REGISTRY","serviceAccount":"projects/poppin-s-app/serviceAccounts/402812477660-compute@developer.gserviceaccount.com","automaticUpdatePolicy":{}},"serviceConfig":{"service":"projects/poppin-s-app/locations/europe-west1/services/sendemailtoparent","timeoutSeconds":60,"environmentVariables":{"EMAIL_USER":"votre_email@gmail.com","EMAIL_PASSWORD":"votre_mot_de_passe_securise","FIREBASE_CONFIG":"{\"projectId\":\"poppin-s-app\",\"storageBucket\":\"poppin-s-app.firebasestorage.app\"}","GCLOUD_PROJECT":"poppin-s-app","EVENTARC_CLOUD_EVENT_SOURCE":"projects/poppin-s-app/locations/europe-west1/services/sendEmailToParent","FUNCTION_TARGET":"sendEmailToParent","LOG_EXECUTION_ID":"true"},"ingressSettings":"ALLOW_ALL","uri":"https://sendemailtoparent-j3na7x5n2a-ew.a.run.app","serviceAccountEmail":"402812477660-compute@developer.gserviceaccount.com","availableMemory":"256Mi","allTrafficOnLatestRevision":true,"revision":"sendemailtoparent-00013-riv","maxInstanceRequestConcurrency":80,"availableCpu":"1"},"state":"ACTIVE","labels":{"deployment-tool":"cli-firebase","deployment-callable":"true","firebase-functions-hash":"ecbaa31c917c1fff03b9ad86e035ea77447bcf99"},"environment":"GEN_2","url":"https://europe-west1-poppin-s-app.cloudfunctions.net/sendEmailToParent","satisfiesPzi":true},"stages":[{"name":"BUILD","message":"Build in progress","state":"IN_PROGRESS","resource":"projects/402812477660/locations/europe-west1/builds/8677a979-60d7-4bfa-982e-bc51ddffff95","resourceUri":"https://console.cloud.google.com/cloud-build/builds;region=europe-west1/8677a979-60d7-4bfa-982e-bc51ddffff95?project=402812477660"},{"name":"SERVICE","state":"NOT_STARTED"}],"operationType":"UPDATE_FUNCTION","buildName":"projects/402812477660/locations/europe-west1/builds/8677a979-60d7-4bfa-982e-bc51ddffff95"},"done":false}
[debug] [2025-09-24T17:13:40.140Z] [update-default-europe-west1-sendEmailToParent] Retrying task index 0
[debug] [2025-09-24T17:13:40.142Z] Checked if tokens are valid: true, expires at: 1758736880538
[debug] [2025-09-24T17:13:40.142Z] Checked if tokens are valid: true, expires at: 1758736880538
[debug] [2025-09-24T17:13:40.142Z] >>> [apiv2][query] GET https://cloudfunctions.googleapis.com/v2/projects/poppin-s-app/locations/europe-west1/operations/operation-1758733972958-63f8f29b66df6-cb68e32b-eee70592 [none]
[debug] [2025-09-24T17:13:40.242Z] <<< [apiv2][status] GET https://cloudfunctions.googleapis.com/v2/projects/poppin-s-app/locations/europe-west1/operations/operation-1758733972958-63f8f29b66df6-cb68e32b-eee70592 200
[debug] [2025-09-24T17:13:40.243Z] <<< [apiv2][body] GET https://cloudfunctions.googleapis.com/v2/projects/poppin-s-app/locations/europe-west1/operations/operation-1758733972958-63f8f29b66df6-cb68e32b-eee70592 {"name":"projects/poppin-s-app/locations/europe-west1/operations/operation-1758733972958-63f8f29b66df6-cb68e32b-eee70592","metadata":{"@type":"type.googleapis.com/google.cloud.functions.v2.OperationMetadata","createTime":"2025-09-24T17:12:53.894966345Z","target":"projects/poppin-s-app/locations/europe-west1/functions/sendEmailToParent","verb":"update","cancelRequested":false,"apiVersion":"v2","requestResource":{"@type":"type.googleapis.com/google.cloud.functions.v2.Function","name":"projects/poppin-s-app/locations/europe-west1/functions/sendEmailToParent","buildConfig":{"runtime":"nodejs20","entryPoint":"sendEmailToParent","source":{"storageSource":{"bucket":"gcf-v2-sources-402812477660-europe-west1","object":"sendEmailToParent/function-source.zip","generation":"1758733973844644"}},"environmentVariables":{"GOOGLE_NODE_RUN_SCRIPTS":""},"dockerRepository":"projects/poppin-s-app/locations/europe-west1/repositories/gcf-artifacts","sourceProvenance":{"resolvedStorageSource":{"bucket":"gcf-v2-sources-402812477660-europe-west1","object":"sendEmailToParent/function-source.zip","generation":"1758733307791464"}},"dockerRegistry":"ARTIFACT_REGISTRY","serviceAccount":"projects/poppin-s-app/serviceAccounts/402812477660-compute@developer.gserviceaccount.com","automaticUpdatePolicy":{}},"serviceConfig":{"service":"projects/poppin-s-app/locations/europe-west1/services/sendemailtoparent","timeoutSeconds":60,"environmentVariables":{"EMAIL_USER":"votre_email@gmail.com","EMAIL_PASSWORD":"votre_mot_de_passe_securise","FIREBASE_CONFIG":"{\"projectId\":\"poppin-s-app\",\"storageBucket\":\"poppin-s-app.firebasestorage.app\"}","GCLOUD_PROJECT":"poppin-s-app","EVENTARC_CLOUD_EVENT_SOURCE":"projects/poppin-s-app/locations/europe-west1/services/sendEmailToParent","FUNCTION_TARGET":"sendEmailToParent","LOG_EXECUTION_ID":"true"},"ingressSettings":"ALLOW_ALL","uri":"https://sendemailtoparent-j3na7x5n2a-ew.a.run.app","serviceAccountEmail":"402812477660-compute@developer.gserviceaccount.com","availableMemory":"256Mi","allTrafficOnLatestRevision":true,"revision":"sendemailtoparent-00013-riv","maxInstanceRequestConcurrency":80,"availableCpu":"1"},"state":"ACTIVE","labels":{"deployment-tool":"cli-firebase","deployment-callable":"true","firebase-functions-hash":"ecbaa31c917c1fff03b9ad86e035ea77447bcf99"},"environment":"GEN_2","url":"https://europe-west1-poppin-s-app.cloudfunctions.net/sendEmailToParent","satisfiesPzi":true},"stages":[{"name":"BUILD","message":"Build finished","state":"COMPLETE","resource":"projects/402812477660/locations/europe-west1/builds/8677a979-60d7-4bfa-982e-bc51ddffff95","resourceUri":"https://console.cloud.google.com/cloud-build/builds;region=europe-west1/8677a979-60d7-4bfa-982e-bc51ddffff95?project=402812477660"},{"name":"SERVICE","message":"Updating Cloud Run service","state":"IN_PROGRESS","resource":"projects/poppin-s-app/locations/europe-west1/services/sendemailtoparent","resourceUri":"https://console.cloud.google.com/run/detail/europe-west1/sendemailtoparent?project=poppin-s-app","stateMessages":[{"severity":"INFO","type":"CloudRunServiceNewRevisionTrafficInfo","message":"A new revision will be deployed serving with 100% traffic."}]}],"sourceToken":"Clhwcm9qZWN0cy80MDI4MTI0Nzc2NjAvbG9jYXRpb25zL2V1cm9wZS13ZXN0MS9idWlsZHMvODY3N2E5NzktNjBkNy00YmZhLTk4MmUtYmM1MWRkZmZmZjk1EnRldXJvcGUtd2VzdDEtZG9ja2VyLnBrZy5kZXYvcG9wcGluLXMtYXBwL2djZi1hcnRpZmFjdHMvcG9wcGluLS1zLS1hcHBfX2V1cm9wZS0td2VzdDFfX3NlbmRfZW1haWxfdG9fcGFyZW50OnZlcnNpb25fMRjcwfrL3AsiSHByb2plY3RzL3BvcHBpbi1zLWFwcC9sb2NhdGlvbnMvZXVyb3BlLXdlc3QxL2Z1bmN0aW9ucy9zZW5kRW1haWxUb1BhcmVudCoMCMDN0MYGEJjK0+4CMghub2RlanMyMDp3CiNnY3IuaW8vZ2FlLXJ1bnRpbWVzL25vZGVqczIwOnN0YWJsZRJQZXVyb3BlLXdlc3QxLWRvY2tlci5wa2cuZGV2L3NlcnZlcmxlc3MtcnVudGltZXMvZ29vZ2xlLTIyLWZ1bGwvcnVudGltZXMvbm9kZWpzMjBAAQ==","operationType":"UPDATE_FUNCTION","buildName":"projects/402812477660/locations/europe-west1/builds/8677a979-60d7-4bfa-982e-bc51ddffff95"},"done":false}
[debug] [2025-09-24T17:13:40.243Z] Got source token Clhwcm9qZWN0cy80MDI4MTI0Nzc2NjAvbG9jYXRpb25zL2V1cm9wZS13ZXN0MS9idWlsZHMvODY3N2E5NzktNjBkNy00YmZhLTk4MmUtYmM1MWRkZmZmZjk1EnRldXJvcGUtd2VzdDEtZG9ja2VyLnBrZy5kZXYvcG9wcGluLXMtYXBwL2djZi1hcnRpZmFjdHMvcG9wcGluLS1zLS1hcHBfX2V1cm9wZS0td2VzdDFfX3NlbmRfZW1haWxfdG9fcGFyZW50OnZlcnNpb25fMRjcwfrL3AsiSHByb2plY3RzL3BvcHBpbi1zLWFwcC9sb2NhdGlvbnMvZXVyb3BlLXdlc3QxL2Z1bmN0aW9ucy9zZW5kRW1haWxUb1BhcmVudCoMCMDN0MYGEJjK0+4CMghub2RlanMyMDp3CiNnY3IuaW8vZ2FlLXJ1bnRpbWVzL25vZGVqczIwOnN0YWJsZRJQZXVyb3BlLXdlc3QxLWRvY2tlci5wa2cuZGV2L3NlcnZlcmxlc3MtcnVudGltZXMvZ29vZ2xlLTIyLWZ1bGwvcnVudGltZXMvbm9kZWpzMjBAAQ== for region europe-west1
[debug] [2025-09-24T17:13:40.245Z] Checked if tokens are valid: true, expires at: 1758736880538
[debug] [2025-09-24T17:13:40.245Z] Checked if tokens are valid: true, expires at: 1758736880538
[debug] [2025-09-24T17:13:40.246Z] Checked if tokens are valid: true, expires at: 1758736880538
[debug] [2025-09-24T17:13:40.246Z] Checked if tokens are valid: true, expires at: 1758736880538
[debug] [2025-09-24T17:13:40.247Z] Checked if tokens are valid: true, expires at: 1758736880538
[debug] [2025-09-24T17:13:40.247Z] Checked if tokens are valid: true, expires at: 1758736880538
[debug] [2025-09-24T17:13:40.248Z] Checked if tokens are valid: true, expires at: 1758736880538
[debug] [2025-09-24T17:13:40.248Z] Checked if tokens are valid: true, expires at: 1758736880538
[debug] [2025-09-24T17:13:40.248Z] Checked if tokens are valid: true, expires at: 1758736880538
[debug] [2025-09-24T17:13:40.248Z] Checked if tokens are valid: true, expires at: 1758736880538
[debug] [2025-09-24T17:13:40.249Z] Checked if tokens are valid: true, expires at: 1758736880538
[debug] [2025-09-24T17:13:40.249Z] Checked if tokens are valid: true, expires at: 1758736880538
[debug] [2025-09-24T17:13:40.249Z] Checked if tokens are valid: true, expires at: 1758736880538
[debug] [2025-09-24T17:13:40.249Z] Checked if tokens are valid: true, expires at: 1758736880538
[debug] [2025-09-24T17:13:40.249Z] Checked if tokens are valid: true, expires at: 1758736880538
[debug] [2025-09-24T17:13:40.249Z] Checked if tokens are valid: true, expires at: 1758736880538
[debug] [2025-09-24T17:13:40.249Z] Checked if tokens are valid: true, expires at: 1758736880538
[debug] [2025-09-24T17:13:40.249Z] Checked if tokens are valid: true, expires at: 1758736880538
[debug] [2025-09-24T17:13:40.252Z] Checked if tokens are valid: true, expires at: 1758736880538
[debug] [2025-09-24T17:13:40.252Z] Checked if tokens are valid: true, expires at: 1758736880538
[debug] [2025-09-24T17:13:40.253Z] Checked if tokens are valid: true, expires at: 1758736880538
[debug] [2025-09-24T17:13:40.253Z] Checked if tokens are valid: true, expires at: 1758736880538
[debug] [2025-09-24T17:13:40.253Z] >>> [apiv2][query] PATCH https://cloudfunctions.googleapis.com/v2/projects/poppin-s-app/locations/europe-west1/functions/acceptDelegation updateMask=name%2CbuildConfig.runtime%2CbuildConfig.entryPoint%2CbuildConfig.source.storageSource.bucket%2CbuildConfig.source.storageSource.object%2CbuildConfig.environmentVariables%2CbuildConfig.sourceToken%2CserviceConfig.environmentVariables%2CserviceConfig.ingressSettings%2CserviceConfig.timeoutSeconds%2CserviceConfig.serviceAccountEmail%2CserviceConfig.availableMemory%2CserviceConfig.minInstanceCount%2CserviceConfig.maxInstanceCount%2CserviceConfig.maxInstanceRequestConcurrency%2CserviceConfig.availableCpu%2CserviceConfig.vpcConnector%2CserviceConfig.vpcConnectorEgressSettings%2Clabels
[debug] [2025-09-24T17:13:40.253Z] >>> [apiv2][body] PATCH https://cloudfunctions.googleapis.com/v2/projects/poppin-s-app/locations/europe-west1/functions/acceptDelegation {"name":"projects/poppin-s-app/locations/europe-west1/functions/acceptDelegation","buildConfig":{"runtime":"nodejs20","entryPoint":"acceptDelegation","source":{"storageSource":{"bucket":"gcf-v2-uploads-402812477660.europe-west1.cloudfunctions.appspot.com","object":"cff15f84-aba4-487a-9754-b114738bec3c.zip"}},"environmentVariables":{"GOOGLE_NODE_RUN_SCRIPTS":""},"sourceToken":"Clhwcm9qZWN0cy80MDI4MTI0Nzc2NjAvbG9jYXRpb25zL2V1cm9wZS13ZXN0MS9idWlsZHMvODY3N2E5NzktNjBkNy00YmZhLTk4MmUtYmM1MWRkZmZmZjk1EnRldXJvcGUtd2VzdDEtZG9ja2VyLnBrZy5kZXYvcG9wcGluLXMtYXBwL2djZi1hcnRpZmFjdHMvcG9wcGluLS1zLS1hcHBfX2V1cm9wZS0td2VzdDFfX3NlbmRfZW1haWxfdG9fcGFyZW50OnZlcnNpb25fMRjcwfrL3AsiSHByb2plY3RzL3BvcHBpbi1zLWFwcC9sb2NhdGlvbnMvZXVyb3BlLXdlc3QxL2Z1bmN0aW9ucy9zZW5kRW1haWxUb1BhcmVudCoMCMDN0MYGEJjK0+4CMghub2RlanMyMDp3CiNnY3IuaW8vZ2FlLXJ1bnRpbWVzL25vZGVqczIwOnN0YWJsZRJQZXVyb3BlLXdlc3QxLWRvY2tlci5wa2cuZGV2L3NlcnZlcmxlc3MtcnVudGltZXMvZ29vZ2xlLTIyLWZ1bGwvcnVudGltZXMvbm9kZWpzMjBAAQ=="},"serviceConfig":{"environmentVariables":{"EMAIL_USER":"votre_email@gmail.com","EMAIL_PASSWORD":"votre_mot_de_passe_securise","FIREBASE_CONFIG":"{\"projectId\":\"poppin-s-app\",\"storageBucket\":\"poppin-s-app.firebasestorage.app\"}","GCLOUD_PROJECT":"poppin-s-app","EVENTARC_CLOUD_EVENT_SOURCE":"projects/poppin-s-app/locations/europe-west1/services/acceptDelegation","FUNCTION_TARGET":"acceptDelegation","LOG_EXECUTION_ID":"true"},"ingressSettings":null,"timeoutSeconds":null,"serviceAccountEmail":null,"availableMemory":"256Mi","minInstanceCount":null,"maxInstanceCount":null,"maxInstanceRequestConcurrency":80,"availableCpu":"1","vpcConnector":null,"vpcConnectorEgressSettings":null},"labels":{"deployment-tool":"cli-firebase","deployment-callable":"true","firebase-functions-hash":"ecbaa31c917c1fff03b9ad86e035ea77447bcf99"}}
[debug] [2025-09-24T17:13:40.254Z] >>> [apiv2][query] PATCH https://cloudfunctions.googleapis.com/v2/projects/poppin-s-app/locations/europe-west1/functions/declineDelegation updateMask=name%2CbuildConfig.runtime%2CbuildConfig.entryPoint%2CbuildConfig.source.storageSource.bucket%2CbuildConfig.source.storageSource.object%2CbuildConfig.environmentVariables%2CbuildConfig.sourceToken%2CserviceConfig.environmentVariables%2CserviceConfig.ingressSettings%2CserviceConfig.timeoutSeconds%2CserviceConfig.serviceAccountEmail%2CserviceConfig.availableMemory%2CserviceConfig.minInstanceCount%2CserviceConfig.maxInstanceCount%2CserviceConfig.maxInstanceRequestConcurrency%2CserviceConfig.availableCpu%2CserviceConfig.vpcConnector%2CserviceConfig.vpcConnectorEgressSettings%2Clabels
[debug] [2025-09-24T17:13:40.254Z] >>> [apiv2][body] PATCH https://cloudfunctions.googleapis.com/v2/projects/poppin-s-app/locations/europe-west1/functions/declineDelegation {"name":"projects/poppin-s-app/locations/europe-west1/functions/declineDelegation","buildConfig":{"runtime":"nodejs20","entryPoint":"declineDelegation","source":{"storageSource":{"bucket":"gcf-v2-uploads-402812477660.europe-west1.cloudfunctions.appspot.com","object":"cff15f84-aba4-487a-9754-b114738bec3c.zip"}},"environmentVariables":{"GOOGLE_NODE_RUN_SCRIPTS":""},"sourceToken":"Clhwcm9qZWN0cy80MDI4MTI0Nzc2NjAvbG9jYXRpb25zL2V1cm9wZS13ZXN0MS9idWlsZHMvODY3N2E5NzktNjBkNy00YmZhLTk4MmUtYmM1MWRkZmZmZjk1EnRldXJvcGUtd2VzdDEtZG9ja2VyLnBrZy5kZXYvcG9wcGluLXMtYXBwL2djZi1hcnRpZmFjdHMvcG9wcGluLS1zLS1hcHBfX2V1cm9wZS0td2VzdDFfX3NlbmRfZW1haWxfdG9fcGFyZW50OnZlcnNpb25fMRjcwfrL3AsiSHByb2plY3RzL3BvcHBpbi1zLWFwcC9sb2NhdGlvbnMvZXVyb3BlLXdlc3QxL2Z1bmN0aW9ucy9zZW5kRW1haWxUb1BhcmVudCoMCMDN0MYGEJjK0+4CMghub2RlanMyMDp3CiNnY3IuaW8vZ2FlLXJ1bnRpbWVzL25vZGVqczIwOnN0YWJsZRJQZXVyb3BlLXdlc3QxLWRvY2tlci5wa2cuZGV2L3NlcnZlcmxlc3MtcnVudGltZXMvZ29vZ2xlLTIyLWZ1bGwvcnVudGltZXMvbm9kZWpzMjBAAQ=="},"serviceConfig":{"environmentVariables":{"EMAIL_USER":"votre_email@gmail.com","EMAIL_PASSWORD":"votre_mot_de_passe_securise","FIREBASE_CONFIG":"{\"projectId\":\"poppin-s-app\",\"storageBucket\":\"poppin-s-app.firebasestorage.app\"}","GCLOUD_PROJECT":"poppin-s-app","EVENTARC_CLOUD_EVENT_SOURCE":"projects/poppin-s-app/locations/europe-west1/services/declineDelegation","FUNCTION_TARGET":"declineDelegation","LOG_EXECUTION_ID":"true"},"ingressSettings":null,"timeoutSeconds":null,"serviceAccountEmail":null,"availableMemory":"256Mi","minInstanceCount":null,"maxInstanceCount":null,"maxInstanceRequestConcurrency":80,"availableCpu":"1","vpcConnector":null,"vpcConnectorEgressSettings":null},"labels":{"deployment-tool":"cli-firebase","deployment-callable":"true","firebase-functions-hash":"ecbaa31c917c1fff03b9ad86e035ea77447bcf99"}}
[debug] [2025-09-24T17:13:40.256Z] >>> [apiv2][query] PATCH https://cloudfunctions.googleapis.com/v2/projects/poppin-s-app/locations/europe-west1/functions/cancelDelegation updateMask=name%2CbuildConfig.runtime%2CbuildConfig.entryPoint%2CbuildConfig.source.storageSource.bucket%2CbuildConfig.source.storageSource.object%2CbuildConfig.environmentVariables%2CbuildConfig.sourceToken%2CserviceConfig.environmentVariables%2CserviceConfig.ingressSettings%2CserviceConfig.timeoutSeconds%2CserviceConfig.serviceAccountEmail%2CserviceConfig.availableMemory%2CserviceConfig.minInstanceCount%2CserviceConfig.maxInstanceCount%2CserviceConfig.maxInstanceRequestConcurrency%2CserviceConfig.availableCpu%2CserviceConfig.vpcConnector%2CserviceConfig.vpcConnectorEgressSettings%2Clabels
[debug] [2025-09-24T17:13:40.256Z] >>> [apiv2][body] PATCH https://cloudfunctions.googleapis.com/v2/projects/poppin-s-app/locations/europe-west1/functions/cancelDelegation {"name":"projects/poppin-s-app/locations/europe-west1/functions/cancelDelegation","buildConfig":{"runtime":"nodejs20","entryPoint":"cancelDelegation","source":{"storageSource":{"bucket":"gcf-v2-uploads-402812477660.europe-west1.cloudfunctions.appspot.com","object":"cff15f84-aba4-487a-9754-b114738bec3c.zip"}},"environmentVariables":{"GOOGLE_NODE_RUN_SCRIPTS":""},"sourceToken":"Clhwcm9qZWN0cy80MDI4MTI0Nzc2NjAvbG9jYXRpb25zL2V1cm9wZS13ZXN0MS9idWlsZHMvODY3N2E5NzktNjBkNy00YmZhLTk4MmUtYmM1MWRkZmZmZjk1EnRldXJvcGUtd2VzdDEtZG9ja2VyLnBrZy5kZXYvcG9wcGluLXMtYXBwL2djZi1hcnRpZmFjdHMvcG9wcGluLS1zLS1hcHBfX2V1cm9wZS0td2VzdDFfX3NlbmRfZW1haWxfdG9fcGFyZW50OnZlcnNpb25fMRjcwfrL3AsiSHByb2plY3RzL3BvcHBpbi1zLWFwcC9sb2NhdGlvbnMvZXVyb3BlLXdlc3QxL2Z1bmN0aW9ucy9zZW5kRW1haWxUb1BhcmVudCoMCMDN0MYGEJjK0+4CMghub2RlanMyMDp3CiNnY3IuaW8vZ2FlLXJ1bnRpbWVzL25vZGVqczIwOnN0YWJsZRJQZXVyb3BlLXdlc3QxLWRvY2tlci5wa2cuZGV2L3NlcnZlcmxlc3MtcnVudGltZXMvZ29vZ2xlLTIyLWZ1bGwvcnVudGltZXMvbm9kZWpzMjBAAQ=="},"serviceConfig":{"environmentVariables":{"EMAIL_USER":"votre_email@gmail.com","EMAIL_PASSWORD":"votre_mot_de_passe_securise","FIREBASE_CONFIG":"{\"projectId\":\"poppin-s-app\",\"storageBucket\":\"poppin-s-app.firebasestorage.app\"}","GCLOUD_PROJECT":"poppin-s-app","EVENTARC_CLOUD_EVENT_SOURCE":"projects/poppin-s-app/locations/europe-west1/services/cancelDelegation","FUNCTION_TARGET":"cancelDelegation","LOG_EXECUTION_ID":"true"},"ingressSettings":null,"timeoutSeconds":null,"serviceAccountEmail":null,"availableMemory":"256Mi","minInstanceCount":null,"maxInstanceCount":null,"maxInstanceRequestConcurrency":80,"availableCpu":"1","vpcConnector":null,"vpcConnectorEgressSettings":null},"labels":{"deployment-tool":"cli-firebase","deployment-callable":"true","firebase-functions-hash":"ecbaa31c917c1fff03b9ad86e035ea77447bcf99"}}
[debug] [2025-09-24T17:13:40.258Z] >>> [apiv2][query] PATCH https://cloudfunctions.googleapis.com/v2/projects/poppin-s-app/locations/europe-west1/functions/onDelegationCreated updateMask=name%2CbuildConfig.runtime%2CbuildConfig.entryPoint%2CbuildConfig.source.storageSource.bucket%2CbuildConfig.source.storageSource.object%2CbuildConfig.environmentVariables%2CbuildConfig.sourceToken%2CserviceConfig.environmentVariables%2CserviceConfig.ingressSettings%2CserviceConfig.timeoutSeconds%2CserviceConfig.serviceAccountEmail%2CserviceConfig.availableMemory%2CserviceConfig.minInstanceCount%2CserviceConfig.maxInstanceCount%2CserviceConfig.maxInstanceRequestConcurrency%2CserviceConfig.availableCpu%2CserviceConfig.vpcConnector%2CserviceConfig.vpcConnectorEgressSettings%2Clabels%2CeventTrigger.eventType%2CeventTrigger.retryPolicy%2CeventTrigger.eventFilters%2CeventTrigger.triggerRegion
[debug] [2025-09-24T17:13:40.258Z] >>> [apiv2][body] PATCH https://cloudfunctions.googleapis.com/v2/projects/poppin-s-app/locations/europe-west1/functions/onDelegationCreated {"name":"projects/poppin-s-app/locations/europe-west1/functions/onDelegationCreated","buildConfig":{"runtime":"nodejs20","entryPoint":"onDelegationCreated","source":{"storageSource":{"bucket":"gcf-v2-uploads-402812477660.europe-west1.cloudfunctions.appspot.com","object":"cff15f84-aba4-487a-9754-b114738bec3c.zip"}},"environmentVariables":{"GOOGLE_NODE_RUN_SCRIPTS":""},"sourceToken":"Clhwcm9qZWN0cy80MDI4MTI0Nzc2NjAvbG9jYXRpb25zL2V1cm9wZS13ZXN0MS9idWlsZHMvODY3N2E5NzktNjBkNy00YmZhLTk4MmUtYmM1MWRkZmZmZjk1EnRldXJvcGUtd2VzdDEtZG9ja2VyLnBrZy5kZXYvcG9wcGluLXMtYXBwL2djZi1hcnRpZmFjdHMvcG9wcGluLS1zLS1hcHBfX2V1cm9wZS0td2VzdDFfX3NlbmRfZW1haWxfdG9fcGFyZW50OnZlcnNpb25fMRjcwfrL3AsiSHByb2plY3RzL3BvcHBpbi1zLWFwcC9sb2NhdGlvbnMvZXVyb3BlLXdlc3QxL2Z1bmN0aW9ucy9zZW5kRW1haWxUb1BhcmVudCoMCMDN0MYGEJjK0+4CMghub2RlanMyMDp3CiNnY3IuaW8vZ2FlLXJ1bnRpbWVzL25vZGVqczIwOnN0YWJsZRJQZXVyb3BlLXdlc3QxLWRvY2tlci5wa2cuZGV2L3NlcnZlcmxlc3MtcnVudGltZXMvZ29vZ2xlLTIyLWZ1bGwvcnVudGltZXMvbm9kZWpzMjBAAQ=="},"serviceConfig":{"environmentVariables":{"EMAIL_USER":"votre_email@gmail.com","EMAIL_PASSWORD":"votre_mot_de_passe_securise","FIREBASE_CONFIG":"{\"projectId\":\"poppin-s-app\",\"storageBucket\":\"poppin-s-app.firebasestorage.app\"}","GCLOUD_PROJECT":"poppin-s-app","EVENTARC_CLOUD_EVENT_SOURCE":"projects/poppin-s-app/locations/europe-west1/services/onDelegationCreated","FUNCTION_SIGNATURE_TYPE":"cloudevent","FUNCTION_TARGET":"onDelegationCreated","LOG_EXECUTION_ID":"true"},"ingressSettings":null,"timeoutSeconds":null,"serviceAccountEmail":null,"availableMemory":"256Mi","minInstanceCount":null,"maxInstanceCount":null,"maxInstanceRequestConcurrency":80,"availableCpu":"1","vpcConnector":null,"vpcConnectorEgressSettings":null},"labels":{"deployment-tool":"cli-firebase","firebase-functions-hash":"ecbaa31c917c1fff03b9ad86e035ea77447bcf99"},"eventTrigger":{"eventType":"google.cloud.firestore.document.v1.created","retryPolicy":"RETRY_POLICY_DO_NOT_RETRY","eventFilters":[{"attribute":"database","value":"(default)"},{"attribute":"namespace","value":"(default)"},{"attribute":"document","value":"structures/{structureId}/delegations/{delegationId}","operator":"match-path-pattern"}],"triggerRegion":"europe-west9"}}
[debug] [2025-09-24T17:13:40.260Z] >>> [apiv2][query] PATCH https://cloudfunctions.googleapis.com/v2/projects/poppin-s-app/locations/europe-west1/functions/processEmailQueue updateMask=name%2CbuildConfig.runtime%2CbuildConfig.entryPoint%2CbuildConfig.source.storageSource.bucket%2CbuildConfig.source.storageSource.object%2CbuildConfig.environmentVariables%2CbuildConfig.sourceToken%2CserviceConfig.environmentVariables%2CserviceConfig.ingressSettings%2CserviceConfig.timeoutSeconds%2CserviceConfig.serviceAccountEmail%2CserviceConfig.availableMemory%2CserviceConfig.minInstanceCount%2CserviceConfig.maxInstanceCount%2CserviceConfig.maxInstanceRequestConcurrency%2CserviceConfig.availableCpu%2CserviceConfig.vpcConnector%2CserviceConfig.vpcConnectorEgressSettings%2Clabels%2CeventTrigger.eventType%2CeventTrigger.retryPolicy%2CeventTrigger.eventFilters%2CeventTrigger.triggerRegion
[debug] [2025-09-24T17:13:40.260Z] >>> [apiv2][body] PATCH https://cloudfunctions.googleapis.com/v2/projects/poppin-s-app/locations/europe-west1/functions/processEmailQueue {"name":"projects/poppin-s-app/locations/europe-west1/functions/processEmailQueue","buildConfig":{"runtime":"nodejs20","entryPoint":"processEmailQueue","source":{"storageSource":{"bucket":"gcf-v2-uploads-402812477660.europe-west1.cloudfunctions.appspot.com","object":"cff15f84-aba4-487a-9754-b114738bec3c.zip"}},"environmentVariables":{"GOOGLE_NODE_RUN_SCRIPTS":""},"sourceToken":"Clhwcm9qZWN0cy80MDI4MTI0Nzc2NjAvbG9jYXRpb25zL2V1cm9wZS13ZXN0MS9idWlsZHMvODY3N2E5NzktNjBkNy00YmZhLTk4MmUtYmM1MWRkZmZmZjk1EnRldXJvcGUtd2VzdDEtZG9ja2VyLnBrZy5kZXYvcG9wcGluLXMtYXBwL2djZi1hcnRpZmFjdHMvcG9wcGluLS1zLS1hcHBfX2V1cm9wZS0td2VzdDFfX3NlbmRfZW1haWxfdG9fcGFyZW50OnZlcnNpb25fMRjcwfrL3AsiSHByb2plY3RzL3BvcHBpbi1zLWFwcC9sb2NhdGlvbnMvZXVyb3BlLXdlc3QxL2Z1bmN0aW9ucy9zZW5kRW1haWxUb1BhcmVudCoMCMDN0MYGEJjK0+4CMghub2RlanMyMDp3CiNnY3IuaW8vZ2FlLXJ1bnRpbWVzL25vZGVqczIwOnN0YWJsZRJQZXVyb3BlLXdlc3QxLWRvY2tlci5wa2cuZGV2L3NlcnZlcmxlc3MtcnVudGltZXMvZ29vZ2xlLTIyLWZ1bGwvcnVudGltZXMvbm9kZWpzMjBAAQ=="},"serviceConfig":{"environmentVariables":{"EMAIL_USER":"votre_email@gmail.com","EMAIL_PASSWORD":"votre_mot_de_passe_securise","FIREBASE_CONFIG":"{\"projectId\":\"poppin-s-app\",\"storageBucket\":\"poppin-s-app.firebasestorage.app\"}","GCLOUD_PROJECT":"poppin-s-app","EVENTARC_CLOUD_EVENT_SOURCE":"projects/poppin-s-app/locations/europe-west1/services/processEmailQueue","FUNCTION_SIGNATURE_TYPE":"cloudevent","FUNCTION_TARGET":"processEmailQueue","LOG_EXECUTION_ID":"true"},"ingressSettings":null,"timeoutSeconds":null,"serviceAccountEmail":null,"availableMemory":"256Mi","minInstanceCount":null,"maxInstanceCount":null,"maxInstanceRequestConcurrency":80,"availableCpu":"1","vpcConnector":null,"vpcConnectorEgressSettings":null},"labels":{"deployment-tool":"cli-firebase","firebase-functions-hash":"ecbaa31c917c1fff03b9ad86e035ea77447bcf99"},"eventTrigger":{"eventType":"google.cloud.firestore.document.v1.created","retryPolicy":"RETRY_POLICY_DO_NOT_RETRY","eventFilters":[{"attribute":"database","value":"(default)"},{"attribute":"namespace","value":"(default)"},{"attribute":"document","value":"emailQueue/{emailId}","operator":"match-path-pattern"}],"triggerRegion":"europe-west9"}}
[debug] [2025-09-24T17:13:40.261Z] >>> [apiv2][query] PATCH https://cloudfunctions.googleapis.com/v2/projects/poppin-s-app/locations/europe-west1/functions/retryFailedEmails updateMask=name%2CbuildConfig.runtime%2CbuildConfig.entryPoint%2CbuildConfig.source.storageSource.bucket%2CbuildConfig.source.storageSource.object%2CbuildConfig.environmentVariables%2CbuildConfig.sourceToken%2CserviceConfig.environmentVariables%2CserviceConfig.ingressSettings%2CserviceConfig.timeoutSeconds%2CserviceConfig.serviceAccountEmail%2CserviceConfig.availableMemory%2CserviceConfig.minInstanceCount%2CserviceConfig.maxInstanceCount%2CserviceConfig.maxInstanceRequestConcurrency%2CserviceConfig.availableCpu%2CserviceConfig.vpcConnector%2CserviceConfig.vpcConnectorEgressSettings%2Clabels
[debug] [2025-09-24T17:13:40.261Z] >>> [apiv2][body] PATCH https://cloudfunctions.googleapis.com/v2/projects/poppin-s-app/locations/europe-west1/functions/retryFailedEmails {"name":"projects/poppin-s-app/locations/europe-west1/functions/retryFailedEmails","buildConfig":{"runtime":"nodejs20","entryPoint":"retryFailedEmails","source":{"storageSource":{"bucket":"gcf-v2-uploads-402812477660.europe-west1.cloudfunctions.appspot.com","object":"cff15f84-aba4-487a-9754-b114738bec3c.zip"}},"environmentVariables":{"GOOGLE_NODE_RUN_SCRIPTS":""},"sourceToken":"Clhwcm9qZWN0cy80MDI4MTI0Nzc2NjAvbG9jYXRpb25zL2V1cm9wZS13ZXN0MS9idWlsZHMvODY3N2E5NzktNjBkNy00YmZhLTk4MmUtYmM1MWRkZmZmZjk1EnRldXJvcGUtd2VzdDEtZG9ja2VyLnBrZy5kZXYvcG9wcGluLXMtYXBwL2djZi1hcnRpZmFjdHMvcG9wcGluLS1zLS1hcHBfX2V1cm9wZS0td2VzdDFfX3NlbmRfZW1haWxfdG9fcGFyZW50OnZlcnNpb25fMRjcwfrL3AsiSHByb2plY3RzL3BvcHBpbi1zLWFwcC9sb2NhdGlvbnMvZXVyb3BlLXdlc3QxL2Z1bmN0aW9ucy9zZW5kRW1haWxUb1BhcmVudCoMCMDN0MYGEJjK0+4CMghub2RlanMyMDp3CiNnY3IuaW8vZ2FlLXJ1bnRpbWVzL25vZGVqczIwOnN0YWJsZRJQZXVyb3BlLXdlc3QxLWRvY2tlci5wa2cuZGV2L3NlcnZlcmxlc3MtcnVudGltZXMvZ29vZ2xlLTIyLWZ1bGwvcnVudGltZXMvbm9kZWpzMjBAAQ=="},"serviceConfig":{"environmentVariables":{"EMAIL_USER":"votre_email@gmail.com","EMAIL_PASSWORD":"votre_mot_de_passe_securise","FIREBASE_CONFIG":"{\"projectId\":\"poppin-s-app\",\"storageBucket\":\"poppin-s-app.firebasestorage.app\"}","GCLOUD_PROJECT":"poppin-s-app","EVENTARC_CLOUD_EVENT_SOURCE":"projects/poppin-s-app/locations/europe-west1/services/retryFailedEmails","FUNCTION_TARGET":"retryFailedEmails","LOG_EXECUTION_ID":"true"},"ingressSettings":null,"timeoutSeconds":null,"serviceAccountEmail":null,"availableMemory":"256Mi","minInstanceCount":null,"maxInstanceCount":null,"maxInstanceRequestConcurrency":80,"availableCpu":"1","vpcConnector":null,"vpcConnectorEgressSettings":null},"labels":{"deployment-tool":"cli-firebase","deployment-scheduled":"true","firebase-functions-hash":"ecbaa31c917c1fff03b9ad86e035ea77447bcf99"}}
[debug] [2025-09-24T17:13:40.262Z] >>> [apiv2][query] PATCH https://cloudfunctions.googleapis.com/v2/projects/poppin-s-app/locations/europe-west1/functions/sendNotification updateMask=name%2CbuildConfig.runtime%2CbuildConfig.entryPoint%2CbuildConfig.source.storageSource.bucket%2CbuildConfig.source.storageSource.object%2CbuildConfig.environmentVariables%2CbuildConfig.sourceToken%2CserviceConfig.environmentVariables%2CserviceConfig.ingressSettings%2CserviceConfig.timeoutSeconds%2CserviceConfig.serviceAccountEmail%2CserviceConfig.availableMemory%2CserviceConfig.minInstanceCount%2CserviceConfig.maxInstanceCount%2CserviceConfig.maxInstanceRequestConcurrency%2CserviceConfig.availableCpu%2CserviceConfig.vpcConnector%2CserviceConfig.vpcConnectorEgressSettings%2Clabels%2CeventTrigger.eventType%2CeventTrigger.retryPolicy%2CeventTrigger.eventFilters%2CeventTrigger.triggerRegion
[debug] [2025-09-24T17:13:40.262Z] >>> [apiv2][body] PATCH https://cloudfunctions.googleapis.com/v2/projects/poppin-s-app/locations/europe-west1/functions/sendNotification {"name":"projects/poppin-s-app/locations/europe-west1/functions/sendNotification","buildConfig":{"runtime":"nodejs20","entryPoint":"sendNotification","source":{"storageSource":{"bucket":"gcf-v2-uploads-402812477660.europe-west1.cloudfunctions.appspot.com","object":"cff15f84-aba4-487a-9754-b114738bec3c.zip"}},"environmentVariables":{"GOOGLE_NODE_RUN_SCRIPTS":""},"sourceToken":"Clhwcm9qZWN0cy80MDI4MTI0Nzc2NjAvbG9jYXRpb25zL2V1cm9wZS13ZXN0MS9idWlsZHMvODY3N2E5NzktNjBkNy00YmZhLTk4MmUtYmM1MWRkZmZmZjk1EnRldXJvcGUtd2VzdDEtZG9ja2VyLnBrZy5kZXYvcG9wcGluLXMtYXBwL2djZi1hcnRpZmFjdHMvcG9wcGluLS1zLS1hcHBfX2V1cm9wZS0td2VzdDFfX3NlbmRfZW1haWxfdG9fcGFyZW50OnZlcnNpb25fMRjcwfrL3AsiSHByb2plY3RzL3BvcHBpbi1zLWFwcC9sb2NhdGlvbnMvZXVyb3BlLXdlc3QxL2Z1bmN0aW9ucy9zZW5kRW1haWxUb1BhcmVudCoMCMDN0MYGEJjK0+4CMghub2RlanMyMDp3CiNnY3IuaW8vZ2FlLXJ1bnRpbWVzL25vZGVqczIwOnN0YWJsZRJQZXVyb3BlLXdlc3QxLWRvY2tlci5wa2cuZGV2L3NlcnZlcmxlc3MtcnVudGltZXMvZ29vZ2xlLTIyLWZ1bGwvcnVudGltZXMvbm9kZWpzMjBAAQ=="},"serviceConfig":{"environmentVariables":{"EMAIL_USER":"votre_email@gmail.com","EMAIL_PASSWORD":"votre_mot_de_passe_securise","FIREBASE_CONFIG":"{\"projectId\":\"poppin-s-app\",\"storageBucket\":\"poppin-s-app.firebasestorage.app\"}","GCLOUD_PROJECT":"poppin-s-app","EVENTARC_CLOUD_EVENT_SOURCE":"projects/poppin-s-app/locations/europe-west1/services/sendNotification","FUNCTION_SIGNATURE_TYPE":"cloudevent","FUNCTION_TARGET":"sendNotification","LOG_EXECUTION_ID":"true"},"ingressSettings":null,"timeoutSeconds":null,"serviceAccountEmail":null,"availableMemory":"256Mi","minInstanceCount":null,"maxInstanceCount":null,"maxInstanceRequestConcurrency":80,"availableCpu":"1","vpcConnector":null,"vpcConnectorEgressSettings":null},"labels":{"deployment-tool":"cli-firebase","firebase-functions-hash":"ecbaa31c917c1fff03b9ad86e035ea77447bcf99"},"eventTrigger":{"eventType":"google.cloud.firestore.document.v1.created","retryPolicy":"RETRY_POLICY_DO_NOT_RETRY","eventFilters":[{"attribute":"database","value":"(default)"},{"attribute":"namespace","value":"(default)"},{"attribute":"document","value":"notifications/{notificationId}","operator":"match-path-pattern"}],"triggerRegion":"europe-west9"}}
[debug] [2025-09-24T17:13:40.264Z] >>> [apiv2][query] PATCH https://cloudfunctions.googleapis.com/v2/projects/poppin-s-app/locations/europe-west1/functions/onNewMessage updateMask=name%2CbuildConfig.runtime%2CbuildConfig.entryPoint%2CbuildConfig.source.storageSource.bucket%2CbuildConfig.source.storageSource.object%2CbuildConfig.environmentVariables%2CbuildConfig.sourceToken%2CserviceConfig.environmentVariables%2CserviceConfig.ingressSettings%2CserviceConfig.timeoutSeconds%2CserviceConfig.serviceAccountEmail%2CserviceConfig.availableMemory%2CserviceConfig.minInstanceCount%2CserviceConfig.maxInstanceCount%2CserviceConfig.maxInstanceRequestConcurrency%2CserviceConfig.availableCpu%2CserviceConfig.vpcConnector%2CserviceConfig.vpcConnectorEgressSettings%2Clabels%2CeventTrigger.eventType%2CeventTrigger.retryPolicy%2CeventTrigger.eventFilters%2CeventTrigger.triggerRegion
[debug] [2025-09-24T17:13:40.265Z] >>> [apiv2][body] PATCH https://cloudfunctions.googleapis.com/v2/projects/poppin-s-app/locations/europe-west1/functions/onNewMessage {"name":"projects/poppin-s-app/locations/europe-west1/functions/onNewMessage","buildConfig":{"runtime":"nodejs20","entryPoint":"onNewMessage","source":{"storageSource":{"bucket":"gcf-v2-uploads-402812477660.europe-west1.cloudfunctions.appspot.com","object":"cff15f84-aba4-487a-9754-b114738bec3c.zip"}},"environmentVariables":{"GOOGLE_NODE_RUN_SCRIPTS":""},"sourceToken":"Clhwcm9qZWN0cy80MDI4MTI0Nzc2NjAvbG9jYXRpb25zL2V1cm9wZS13ZXN0MS9idWlsZHMvODY3N2E5NzktNjBkNy00YmZhLTk4MmUtYmM1MWRkZmZmZjk1EnRldXJvcGUtd2VzdDEtZG9ja2VyLnBrZy5kZXYvcG9wcGluLXMtYXBwL2djZi1hcnRpZmFjdHMvcG9wcGluLS1zLS1hcHBfX2V1cm9wZS0td2VzdDFfX3NlbmRfZW1haWxfdG9fcGFyZW50OnZlcnNpb25fMRjcwfrL3AsiSHByb2plY3RzL3BvcHBpbi1zLWFwcC9sb2NhdGlvbnMvZXVyb3BlLXdlc3QxL2Z1bmN0aW9ucy9zZW5kRW1haWxUb1BhcmVudCoMCMDN0MYGEJjK0+4CMghub2RlanMyMDp3CiNnY3IuaW8vZ2FlLXJ1bnRpbWVzL25vZGVqczIwOnN0YWJsZRJQZXVyb3BlLXdlc3QxLWRvY2tlci5wa2cuZGV2L3NlcnZlcmxlc3MtcnVudGltZXMvZ29vZ2xlLTIyLWZ1bGwvcnVudGltZXMvbm9kZWpzMjBAAQ=="},"serviceConfig":{"environmentVariables":{"EMAIL_USER":"votre_email@gmail.com","EMAIL_PASSWORD":"votre_mot_de_passe_securise","FIREBASE_CONFIG":"{\"projectId\":\"poppin-s-app\",\"storageBucket\":\"poppin-s-app.firebasestorage.app\"}","GCLOUD_PROJECT":"poppin-s-app","EVENTARC_CLOUD_EVENT_SOURCE":"projects/poppin-s-app/locations/europe-west1/services/onNewMessage","FUNCTION_SIGNATURE_TYPE":"cloudevent","FUNCTION_TARGET":"onNewMessage","LOG_EXECUTION_ID":"true"},"ingressSettings":null,"timeoutSeconds":null,"serviceAccountEmail":null,"availableMemory":"256Mi","minInstanceCount":null,"maxInstanceCount":null,"maxInstanceRequestConcurrency":80,"availableCpu":"1","vpcConnector":null,"vpcConnectorEgressSettings":null},"labels":{"deployment-tool":"cli-firebase","firebase-functions-hash":"ecbaa31c917c1fff03b9ad86e035ea77447bcf99"},"eventTrigger":{"eventType":"google.cloud.firestore.document.v1.created","retryPolicy":"RETRY_POLICY_DO_NOT_RETRY","eventFilters":[{"attribute":"database","value":"(default)"},{"attribute":"namespace","value":"(default)"},{"attribute":"document","value":"exchanges/{messageId}","operator":"match-path-pattern"}],"triggerRegion":"europe-west9"}}
[debug] [2025-09-24T17:13:40.266Z] >>> [apiv2][query] PATCH https://cloudfunctions.googleapis.com/v2/projects/poppin-s-app/locations/europe-west1/functions/testNotification updateMask=name%2CbuildConfig.runtime%2CbuildConfig.entryPoint%2CbuildConfig.source.storageSource.bucket%2CbuildConfig.source.storageSource.object%2CbuildConfig.environmentVariables%2CbuildConfig.sourceToken%2CserviceConfig.environmentVariables%2CserviceConfig.ingressSettings%2CserviceConfig.timeoutSeconds%2CserviceConfig.serviceAccountEmail%2CserviceConfig.availableMemory%2CserviceConfig.minInstanceCount%2CserviceConfig.maxInstanceCount%2CserviceConfig.maxInstanceRequestConcurrency%2CserviceConfig.availableCpu%2CserviceConfig.vpcConnector%2CserviceConfig.vpcConnectorEgressSettings%2Clabels
[debug] [2025-09-24T17:13:40.266Z] >>> [apiv2][body] PATCH https://cloudfunctions.googleapis.com/v2/projects/poppin-s-app/locations/europe-west1/functions/testNotification {"name":"projects/poppin-s-app/locations/europe-west1/functions/testNotification","buildConfig":{"runtime":"nodejs20","entryPoint":"testNotification","source":{"storageSource":{"bucket":"gcf-v2-uploads-402812477660.europe-west1.cloudfunctions.appspot.com","object":"cff15f84-aba4-487a-9754-b114738bec3c.zip"}},"environmentVariables":{"GOOGLE_NODE_RUN_SCRIPTS":""},"sourceToken":"Clhwcm9qZWN0cy80MDI4MTI0Nzc2NjAvbG9jYXRpb25zL2V1cm9wZS13ZXN0MS9idWlsZHMvODY3N2E5NzktNjBkNy00YmZhLTk4MmUtYmM1MWRkZmZmZjk1EnRldXJvcGUtd2VzdDEtZG9ja2VyLnBrZy5kZXYvcG9wcGluLXMtYXBwL2djZi1hcnRpZmFjdHMvcG9wcGluLS1zLS1hcHBfX2V1cm9wZS0td2VzdDFfX3NlbmRfZW1haWxfdG9fcGFyZW50OnZlcnNpb25fMRjcwfrL3AsiSHByb2plY3RzL3BvcHBpbi1zLWFwcC9sb2NhdGlvbnMvZXVyb3BlLXdlc3QxL2Z1bmN0aW9ucy9zZW5kRW1haWxUb1BhcmVudCoMCMDN0MYGEJjK0+4CMghub2RlanMyMDp3CiNnY3IuaW8vZ2FlLXJ1bnRpbWVzL25vZGVqczIwOnN0YWJsZRJQZXVyb3BlLXdlc3QxLWRvY2tlci5wa2cuZGV2L3NlcnZlcmxlc3MtcnVudGltZXMvZ29vZ2xlLTIyLWZ1bGwvcnVudGltZXMvbm9kZWpzMjBAAQ=="},"serviceConfig":{"environmentVariables":{"EMAIL_USER":"votre_email@gmail.com","EMAIL_PASSWORD":"votre_mot_de_passe_securise","FIREBASE_CONFIG":"{\"projectId\":\"poppin-s-app\",\"storageBucket\":\"poppin-s-app.firebasestorage.app\"}","GCLOUD_PROJECT":"poppin-s-app","EVENTARC_CLOUD_EVENT_SOURCE":"projects/poppin-s-app/locations/europe-west1/services/testNotification","FUNCTION_TARGET":"testNotification","LOG_EXECUTION_ID":"true"},"ingressSettings":null,"timeoutSeconds":null,"serviceAccountEmail":null,"availableMemory":"256Mi","minInstanceCount":null,"maxInstanceCount":null,"maxInstanceRequestConcurrency":80,"availableCpu":"1","vpcConnector":null,"vpcConnectorEgressSettings":null},"labels":{"deployment-tool":"cli-firebase","deployment-callable":"true","firebase-functions-hash":"ecbaa31c917c1fff03b9ad86e035ea77447bcf99"}}
[debug] [2025-09-24T17:13:40.267Z] >>> [apiv2][query] PATCH https://cloudfunctions.googleapis.com/v2/projects/poppin-s-app/locations/europe-west1/functions/cleanupOldNotifications updateMask=name%2CbuildConfig.runtime%2CbuildConfig.entryPoint%2CbuildConfig.source.storageSource.bucket%2CbuildConfig.source.storageSource.object%2CbuildConfig.environmentVariables%2CbuildConfig.sourceToken%2CserviceConfig.environmentVariables%2CserviceConfig.ingressSettings%2CserviceConfig.timeoutSeconds%2CserviceConfig.serviceAccountEmail%2CserviceConfig.availableMemory%2CserviceConfig.minInstanceCount%2CserviceConfig.maxInstanceCount%2CserviceConfig.maxInstanceRequestConcurrency%2CserviceConfig.availableCpu%2CserviceConfig.vpcConnector%2CserviceConfig.vpcConnectorEgressSettings%2Clabels
[debug] [2025-09-24T17:13:40.267Z] >>> [apiv2][body] PATCH https://cloudfunctions.googleapis.com/v2/projects/poppin-s-app/locations/europe-west1/functions/cleanupOldNotifications {"name":"projects/poppin-s-app/locations/europe-west1/functions/cleanupOldNotifications","buildConfig":{"runtime":"nodejs20","entryPoint":"cleanupOldNotifications","source":{"storageSource":{"bucket":"gcf-v2-uploads-402812477660.europe-west1.cloudfunctions.appspot.com","object":"cff15f84-aba4-487a-9754-b114738bec3c.zip"}},"environmentVariables":{"GOOGLE_NODE_RUN_SCRIPTS":""},"sourceToken":"Clhwcm9qZWN0cy80MDI4MTI0Nzc2NjAvbG9jYXRpb25zL2V1cm9wZS13ZXN0MS9idWlsZHMvODY3N2E5NzktNjBkNy00YmZhLTk4MmUtYmM1MWRkZmZmZjk1EnRldXJvcGUtd2VzdDEtZG9ja2VyLnBrZy5kZXYvcG9wcGluLXMtYXBwL2djZi1hcnRpZmFjdHMvcG9wcGluLS1zLS1hcHBfX2V1cm9wZS0td2VzdDFfX3NlbmRfZW1haWxfdG9fcGFyZW50OnZlcnNpb25fMRjcwfrL3AsiSHByb2plY3RzL3BvcHBpbi1zLWFwcC9sb2NhdGlvbnMvZXVyb3BlLXdlc3QxL2Z1bmN0aW9ucy9zZW5kRW1haWxUb1BhcmVudCoMCMDN0MYGEJjK0+4CMghub2RlanMyMDp3CiNnY3IuaW8vZ2FlLXJ1bnRpbWVzL25vZGVqczIwOnN0YWJsZRJQZXVyb3BlLXdlc3QxLWRvY2tlci5wa2cuZGV2L3NlcnZlcmxlc3MtcnVudGltZXMvZ29vZ2xlLTIyLWZ1bGwvcnVudGltZXMvbm9kZWpzMjBAAQ=="},"serviceConfig":{"environmentVariables":{"EMAIL_USER":"votre_email@gmail.com","EMAIL_PASSWORD":"votre_mot_de_passe_securise","FIREBASE_CONFIG":"{\"projectId\":\"poppin-s-app\",\"storageBucket\":\"poppin-s-app.firebasestorage.app\"}","GCLOUD_PROJECT":"poppin-s-app","EVENTARC_CLOUD_EVENT_SOURCE":"projects/poppin-s-app/locations/europe-west1/services/cleanupOldNotifications","FUNCTION_TARGET":"cleanupOldNotifications","LOG_EXECUTION_ID":"true"},"ingressSettings":null,"timeoutSeconds":null,"serviceAccountEmail":null,"availableMemory":"256Mi","minInstanceCount":null,"maxInstanceCount":null,"maxInstanceRequestConcurrency":80,"availableCpu":"1","vpcConnector":null,"vpcConnectorEgressSettings":null},"labels":{"deployment-tool":"cli-firebase","deployment-scheduled":"true","firebase-functions-hash":"ecbaa31c917c1fff03b9ad86e035ea77447bcf99"}}
[debug] [2025-09-24T17:13:40.268Z] >>> [apiv2][query] PATCH https://cloudfunctions.googleapis.com/v2/projects/poppin-s-app/locations/europe-west1/functions/onStockNeedsUpdated updateMask=name%2CbuildConfig.runtime%2CbuildConfig.entryPoint%2CbuildConfig.source.storageSource.bucket%2CbuildConfig.source.storageSource.object%2CbuildConfig.environmentVariables%2CbuildConfig.sourceToken%2CserviceConfig.environmentVariables%2CserviceConfig.ingressSettings%2CserviceConfig.timeoutSeconds%2CserviceConfig.serviceAccountEmail%2CserviceConfig.availableMemory%2CserviceConfig.minInstanceCount%2CserviceConfig.maxInstanceCount%2CserviceConfig.maxInstanceRequestConcurrency%2CserviceConfig.availableCpu%2CserviceConfig.vpcConnector%2CserviceConfig.vpcConnectorEgressSettings%2Clabels%2CeventTrigger.eventType%2CeventTrigger.retryPolicy%2CeventTrigger.eventFilters%2CeventTrigger.triggerRegion
[debug] [2025-09-24T17:13:40.268Z] >>> [apiv2][body] PATCH https://cloudfunctions.googleapis.com/v2/projects/poppin-s-app/locations/europe-west1/functions/onStockNeedsUpdated {"name":"projects/poppin-s-app/locations/europe-west1/functions/onStockNeedsUpdated","buildConfig":{"runtime":"nodejs20","entryPoint":"onStockNeedsUpdated","source":{"storageSource":{"bucket":"gcf-v2-uploads-402812477660.europe-west1.cloudfunctions.appspot.com","object":"cff15f84-aba4-487a-9754-b114738bec3c.zip"}},"environmentVariables":{"GOOGLE_NODE_RUN_SCRIPTS":""},"sourceToken":"Clhwcm9qZWN0cy80MDI4MTI0Nzc2NjAvbG9jYXRpb25zL2V1cm9wZS13ZXN0MS9idWlsZHMvODY3N2E5NzktNjBkNy00YmZhLTk4MmUtYmM1MWRkZmZmZjk1EnRldXJvcGUtd2VzdDEtZG9ja2VyLnBrZy5kZXYvcG9wcGluLXMtYXBwL2djZi1hcnRpZmFjdHMvcG9wcGluLS1zLS1hcHBfX2V1cm9wZS0td2VzdDFfX3NlbmRfZW1haWxfdG9fcGFyZW50OnZlcnNpb25fMRjcwfrL3AsiSHByb2plY3RzL3BvcHBpbi1zLWFwcC9sb2NhdGlvbnMvZXVyb3BlLXdlc3QxL2Z1bmN0aW9ucy9zZW5kRW1haWxUb1BhcmVudCoMCMDN0MYGEJjK0+4CMghub2RlanMyMDp3CiNnY3IuaW8vZ2FlLXJ1bnRpbWVzL25vZGVqczIwOnN0YWJsZRJQZXVyb3BlLXdlc3QxLWRvY2tlci5wa2cuZGV2L3NlcnZlcmxlc3MtcnVudGltZXMvZ29vZ2xlLTIyLWZ1bGwvcnVudGltZXMvbm9kZWpzMjBAAQ=="},"serviceConfig":{"environmentVariables":{"EMAIL_USER":"votre_email@gmail.com","EMAIL_PASSWORD":"votre_mot_de_passe_securise","FIREBASE_CONFIG":"{\"projectId\":\"poppin-s-app\",\"storageBucket\":\"poppin-s-app.firebasestorage.app\"}","GCLOUD_PROJECT":"poppin-s-app","EVENTARC_CLOUD_EVENT_SOURCE":"projects/poppin-s-app/locations/europe-west1/services/onStockNeedsUpdated","FUNCTION_SIGNATURE_TYPE":"cloudevent","FUNCTION_TARGET":"onStockNeedsUpdated","LOG_EXECUTION_ID":"true"},"ingressSettings":null,"timeoutSeconds":null,"serviceAccountEmail":null,"availableMemory":"256Mi","minInstanceCount":null,"maxInstanceCount":null,"maxInstanceRequestConcurrency":80,"availableCpu":"1","vpcConnector":null,"vpcConnectorEgressSettings":null},"labels":{"deployment-tool":"cli-firebase","firebase-functions-hash":"ecbaa31c917c1fff03b9ad86e035ea77447bcf99"},"eventTrigger":{"eventType":"google.cloud.firestore.document.v1.written","retryPolicy":"RETRY_POLICY_DO_NOT_RETRY","eventFilters":[{"attribute":"database","value":"(default)"},{"attribute":"namespace","value":"(default)"},{"attribute":"document","value":"structures/{structureId}/children/{childId}/stocks/current","operator":"match-path-pattern"}],"triggerRegion":"europe-west9"}}
[debug] [2025-09-24T17:13:41.618Z] <<< [apiv2][status] PATCH https://cloudfunctions.googleapis.com/v2/projects/poppin-s-app/locations/europe-west1/functions/testNotification 200
[debug] [2025-09-24T17:13:41.619Z] <<< [apiv2][body] PATCH https://cloudfunctions.googleapis.com/v2/projects/poppin-s-app/locations/europe-west1/functions/testNotification {"name":"projects/poppin-s-app/locations/europe-west1/operations/operation-1758734020372-63f8f2c89e9e4-5f59e2bc-ae5bc96a","metadata":{"@type":"type.googleapis.com/google.cloud.functions.v2.OperationMetadata","createTime":"2025-09-24T17:13:41.579212179Z","target":"projects/poppin-s-app/locations/europe-west1/functions/testNotification","verb":"update","cancelRequested":false,"apiVersion":"v2"},"done":false}
[debug] [2025-09-24T17:13:41.619Z] Checked if tokens are valid: true, expires at: 1758736880538
[debug] [2025-09-24T17:13:41.619Z] Checked if tokens are valid: true, expires at: 1758736880538
[debug] [2025-09-24T17:13:41.619Z] >>> [apiv2][query] GET https://cloudfunctions.googleapis.com/v2/projects/poppin-s-app/locations/europe-west1/operations/operation-1758734020372-63f8f2c89e9e4-5f59e2bc-ae5bc96a [none]
[debug] [2025-09-24T17:13:41.654Z] <<< [apiv2][status] PATCH https://cloudfunctions.googleapis.com/v2/projects/poppin-s-app/locations/europe-west1/functions/processEmailQueue 200
[debug] [2025-09-24T17:13:41.654Z] <<< [apiv2][body] PATCH https://cloudfunctions.googleapis.com/v2/projects/poppin-s-app/locations/europe-west1/functions/processEmailQueue {"name":"projects/poppin-s-app/locations/europe-west1/operations/operation-1758734020371-63f8f2c89e3b4-2530d91d-0da147f7","metadata":{"@type":"type.googleapis.com/google.cloud.functions.v2.OperationMetadata","createTime":"2025-09-24T17:13:41.628159156Z","target":"projects/poppin-s-app/locations/europe-west1/functions/processEmailQueue","verb":"update","cancelRequested":false,"apiVersion":"v2"},"done":false}
[debug] [2025-09-24T17:13:41.655Z] Checked if tokens are valid: true, expires at: 1758736880538
[debug] [2025-09-24T17:13:41.655Z] Checked if tokens are valid: true, expires at: 1758736880538
[debug] [2025-09-24T17:13:41.655Z] >>> [apiv2][query] GET https://cloudfunctions.googleapis.com/v2/projects/poppin-s-app/locations/europe-west1/operations/operation-1758734020371-63f8f2c89e3b4-2530d91d-0da147f7 [none]
[debug] [2025-09-24T17:13:41.667Z] <<< [apiv2][status] PATCH https://cloudfunctions.googleapis.com/v2/projects/poppin-s-app/locations/europe-west1/functions/declineDelegation 200
[debug] [2025-09-24T17:13:41.667Z] <<< [apiv2][body] PATCH https://cloudfunctions.googleapis.com/v2/projects/poppin-s-app/locations/europe-west1/functions/declineDelegation {"name":"projects/poppin-s-app/locations/europe-west1/operations/operation-1758734020383-63f8f2c8a14a0-e240347a-dd078be4","metadata":{"@type":"type.googleapis.com/google.cloud.functions.v2.OperationMetadata","createTime":"2025-09-24T17:13:41.646221265Z","target":"projects/poppin-s-app/locations/europe-west1/functions/declineDelegation","verb":"update","cancelRequested":false,"apiVersion":"v2"},"done":false}
[debug] [2025-09-24T17:13:41.668Z] Checked if tokens are valid: true, expires at: 1758736880538
[debug] [2025-09-24T17:13:41.668Z] Checked if tokens are valid: true, expires at: 1758736880538
[debug] [2025-09-24T17:13:41.668Z] >>> [apiv2][query] GET https://cloudfunctions.googleapis.com/v2/projects/poppin-s-app/locations/europe-west1/operations/operation-1758734020383-63f8f2c8a14a0-e240347a-dd078be4 [none]
[debug] [2025-09-24T17:13:41.674Z] <<< [apiv2][status] GET https://cloudfunctions.googleapis.com/v2/projects/poppin-s-app/locations/europe-west1/operations/operation-1758734020372-63f8f2c89e9e4-5f59e2bc-ae5bc96a 200
[debug] [2025-09-24T17:13:41.674Z] <<< [apiv2][body] GET https://cloudfunctions.googleapis.com/v2/projects/poppin-s-app/locations/europe-west1/operations/operation-1758734020372-63f8f2c89e9e4-5f59e2bc-ae5bc96a {"name":"projects/poppin-s-app/locations/europe-west1/operations/operation-1758734020372-63f8f2c89e9e4-5f59e2bc-ae5bc96a","metadata":{"@type":"type.googleapis.com/google.cloud.functions.v2.OperationMetadata","createTime":"2025-09-24T17:13:41.579212179Z","target":"projects/poppin-s-app/locations/europe-west1/functions/testNotification","verb":"update","cancelRequested":false,"apiVersion":"v2"},"done":false}
[debug] [2025-09-24T17:13:41.701Z] <<< [apiv2][status] PATCH https://cloudfunctions.googleapis.com/v2/projects/poppin-s-app/locations/europe-west1/functions/cleanupOldNotifications 200
[debug] [2025-09-24T17:13:41.702Z] <<< [apiv2][body] PATCH https://cloudfunctions.googleapis.com/v2/projects/poppin-s-app/locations/europe-west1/functions/cleanupOldNotifications {"name":"projects/poppin-s-app/locations/europe-west1/operations/operation-1758734020371-63f8f2c89e3e7-25009bb3-85f903c9","metadata":{"@type":"type.googleapis.com/google.cloud.functions.v2.OperationMetadata","createTime":"2025-09-24T17:13:41.684799604Z","target":"projects/poppin-s-app/locations/europe-west1/functions/cleanupOldNotifications","verb":"update","cancelRequested":false,"apiVersion":"v2"},"done":false}
[debug] [2025-09-24T17:13:41.702Z] Checked if tokens are valid: true, expires at: 1758736880538
[debug] [2025-09-24T17:13:41.702Z] Checked if tokens are valid: true, expires at: 1758736880538
[debug] [2025-09-24T17:13:41.702Z] >>> [apiv2][query] GET https://cloudfunctions.googleapis.com/v2/projects/poppin-s-app/locations/europe-west1/operations/operation-1758734020371-63f8f2c89e3e7-25009bb3-85f903c9 [none]
[debug] [2025-09-24T17:13:41.711Z] <<< [apiv2][status] GET https://cloudfunctions.googleapis.com/v2/projects/poppin-s-app/locations/europe-west1/operations/operation-1758734020371-63f8f2c89e3b4-2530d91d-0da147f7 200
[debug] [2025-09-24T17:13:41.711Z] <<< [apiv2][body] GET https://cloudfunctions.googleapis.com/v2/projects/poppin-s-app/locations/europe-west1/operations/operation-1758734020371-63f8f2c89e3b4-2530d91d-0da147f7 {"name":"projects/poppin-s-app/locations/europe-west1/operations/operation-1758734020371-63f8f2c89e3b4-2530d91d-0da147f7","metadata":{"@type":"type.googleapis.com/google.cloud.functions.v2.OperationMetadata","createTime":"2025-09-24T17:13:41.628159156Z","target":"projects/poppin-s-app/locations/europe-west1/functions/processEmailQueue","verb":"update","cancelRequested":false,"apiVersion":"v2"},"done":false}
[debug] [2025-09-24T17:13:41.802Z] <<< [apiv2][status] PATCH https://cloudfunctions.googleapis.com/v2/projects/poppin-s-app/locations/europe-west1/functions/retryFailedEmails 200
[debug] [2025-09-24T17:13:41.802Z] <<< [apiv2][body] PATCH https://cloudfunctions.googleapis.com/v2/projects/poppin-s-app/locations/europe-west1/functions/retryFailedEmails {"name":"projects/poppin-s-app/locations/europe-west1/operations/operation-1758734020361-63f8f2c89bd41-3872ef92-9d395aea","metadata":{"@type":"type.googleapis.com/google.cloud.functions.v2.OperationMetadata","createTime":"2025-09-24T17:13:41.783549715Z","target":"projects/poppin-s-app/locations/europe-west1/functions/retryFailedEmails","verb":"update","cancelRequested":false,"apiVersion":"v2"},"done":false}
[debug] [2025-09-24T17:13:41.802Z] Checked if tokens are valid: true, expires at: 1758736880538
[debug] [2025-09-24T17:13:41.802Z] Checked if tokens are valid: true, expires at: 1758736880538
[debug] [2025-09-24T17:13:41.802Z] >>> [apiv2][query] GET https://cloudfunctions.googleapis.com/v2/projects/poppin-s-app/locations/europe-west1/operations/operation-1758734020361-63f8f2c89bd41-3872ef92-9d395aea [none]
[debug] [2025-09-24T17:13:41.822Z] <<< [apiv2][status] GET https://cloudfunctions.googleapis.com/v2/projects/poppin-s-app/locations/europe-west1/operations/operation-1758734020383-63f8f2c8a14a0-e240347a-dd078be4 200
[debug] [2025-09-24T17:13:41.823Z] <<< [apiv2][body] GET https://cloudfunctions.googleapis.com/v2/projects/poppin-s-app/locations/europe-west1/operations/operation-1758734020383-63f8f2c8a14a0-e240347a-dd078be4 {"name":"projects/poppin-s-app/locations/europe-west1/operations/operation-1758734020383-63f8f2c8a14a0-e240347a-dd078be4","metadata":{"@type":"type.googleapis.com/google.cloud.functions.v2.OperationMetadata","createTime":"2025-09-24T17:13:41.646221265Z","target":"projects/poppin-s-app/locations/europe-west1/functions/declineDelegation","verb":"update","cancelRequested":false,"apiVersion":"v2","requestResource":{"@type":"type.googleapis.com/google.cloud.functions.v2.Function","name":"projects/poppin-s-app/locations/europe-west1/functions/declineDelegation","buildConfig":{"runtime":"nodejs20","entryPoint":"declineDelegation","source":{"storageSource":{"bucket":"gcf-v2-sources-402812477660-europe-west1","object":"declineDelegation/function-source.zip","generation":"1758734021604980"}},"environmentVariables":{"GOOGLE_NODE_RUN_SCRIPTS":""},"dockerRepository":"projects/poppin-s-app/locations/europe-west1/repositories/gcf-artifacts","sourceProvenance":{"resolvedStorageSource":{"bucket":"gcf-v2-sources-402812477660-europe-west1","object":"declineDelegation/function-source.zip","generation":"1758733376216560"}},"dockerRegistry":"ARTIFACT_REGISTRY","sourceToken":"Clhwcm9qZWN0cy80MDI4MTI0Nzc2NjAvbG9jYXRpb25zL2V1cm9wZS13ZXN0MS9idWlsZHMvODY3N2E5NzktNjBkNy00YmZhLTk4MmUtYmM1MWRkZmZmZjk1EnRldXJvcGUtd2VzdDEtZG9ja2VyLnBrZy5kZXYvcG9wcGluLXMtYXBwL2djZi1hcnRpZmFjdHMvcG9wcGluLS1zLS1hcHBfX2V1cm9wZS0td2VzdDFfX3NlbmRfZW1haWxfdG9fcGFyZW50OnZlcnNpb25fMRjcwfrL3AsiSHByb2plY3RzL3BvcHBpbi1zLWFwcC9sb2NhdGlvbnMvZXVyb3BlLXdlc3QxL2Z1bmN0aW9ucy9zZW5kRW1haWxUb1BhcmVudCoMCMDN0MYGEJjK0+4CMghub2RlanMyMDp3CiNnY3IuaW8vZ2FlLXJ1bnRpbWVzL25vZGVqczIwOnN0YWJsZRJQZXVyb3BlLXdlc3QxLWRvY2tlci5wa2cuZGV2L3NlcnZlcmxlc3MtcnVudGltZXMvZ29vZ2xlLTIyLWZ1bGwvcnVudGltZXMvbm9kZWpzMjBAAQ==","serviceAccount":"projects/poppin-s-app/serviceAccounts/402812477660-compute@developer.gserviceaccount.com","automaticUpdatePolicy":{}},"serviceConfig":{"service":"projects/poppin-s-app/locations/europe-west1/services/declinedelegation","timeoutSeconds":60,"environmentVariables":{"EMAIL_USER":"votre_email@gmail.com","EMAIL_PASSWORD":"votre_mot_de_passe_securise","FIREBASE_CONFIG":"{\"projectId\":\"poppin-s-app\",\"storageBucket\":\"poppin-s-app.firebasestorage.app\"}","GCLOUD_PROJECT":"poppin-s-app","EVENTARC_CLOUD_EVENT_SOURCE":"projects/poppin-s-app/locations/europe-west1/services/declineDelegation","FUNCTION_TARGET":"declineDelegation","LOG_EXECUTION_ID":"true","FUNCTION_SIGNATURE_TYPE":"http"},"ingressSettings":"ALLOW_ALL","uri":"https://declinedelegation-j3na7x5n2a-ew.a.run.app","serviceAccountEmail":"402812477660-compute@developer.gserviceaccount.com","availableMemory":"256Mi","allTrafficOnLatestRevision":true,"revision":"declinedelegation-00004-jos","maxInstanceRequestConcurrency":80,"availableCpu":"1"},"state":"ACTIVE","labels":{"deployment-tool":"cli-firebase","deployment-callable":"true","firebase-functions-hash":"ecbaa31c917c1fff03b9ad86e035ea77447bcf99"},"environment":"GEN_2","url":"https://europe-west1-poppin-s-app.cloudfunctions.net/declineDelegation","satisfiesPzi":true},"stages":[{"name":"BUILD","state":"NOT_STARTED"},{"name":"SERVICE","state":"NOT_STARTED"}],"sourceToken":"Clhwcm9qZWN0cy80MDI4MTI0Nzc2NjAvbG9jYXRpb25zL2V1cm9wZS13ZXN0MS9idWlsZHMvODY3N2E5NzktNjBkNy00YmZhLTk4MmUtYmM1MWRkZmZmZjk1EnRldXJvcGUtd2VzdDEtZG9ja2VyLnBrZy5kZXYvcG9wcGluLXMtYXBwL2djZi1hcnRpZmFjdHMvcG9wcGluLS1zLS1hcHBfX2V1cm9wZS0td2VzdDFfX3NlbmRfZW1haWxfdG9fcGFyZW50OnZlcnNpb25fMRjcwfrL3AsiSHByb2plY3RzL3BvcHBpbi1zLWFwcC9sb2NhdGlvbnMvZXVyb3BlLXdlc3QxL2Z1bmN0aW9ucy9zZW5kRW1haWxUb1BhcmVudCoMCMDN0MYGEJjK0+4CMghub2RlanMyMDp3CiNnY3IuaW8vZ2FlLXJ1bnRpbWVzL25vZGVqczIwOnN0YWJsZRJQZXVyb3BlLXdlc3QxLWRvY2tlci5wa2cuZGV2L3NlcnZlcmxlc3MtcnVudGltZXMvZ29vZ2xlLTIyLWZ1bGwvcnVudGltZXMvbm9kZWpzMjBAAQ==","operationType":"UPDATE_FUNCTION"},"done":false}
[debug] [2025-09-24T17:13:41.823Z] Got source token Clhwcm9qZWN0cy80MDI4MTI0Nzc2NjAvbG9jYXRpb25zL2V1cm9wZS13ZXN0MS9idWlsZHMvODY3N2E5NzktNjBkNy00YmZhLTk4MmUtYmM1MWRkZmZmZjk1EnRldXJvcGUtd2VzdDEtZG9ja2VyLnBrZy5kZXYvcG9wcGluLXMtYXBwL2djZi1hcnRpZmFjdHMvcG9wcGluLS1zLS1hcHBfX2V1cm9wZS0td2VzdDFfX3NlbmRfZW1haWxfdG9fcGFyZW50OnZlcnNpb25fMRjcwfrL3AsiSHByb2plY3RzL3BvcHBpbi1zLWFwcC9sb2NhdGlvbnMvZXVyb3BlLXdlc3QxL2Z1bmN0aW9ucy9zZW5kRW1haWxUb1BhcmVudCoMCMDN0MYGEJjK0+4CMghub2RlanMyMDp3CiNnY3IuaW8vZ2FlLXJ1bnRpbWVzL25vZGVqczIwOnN0YWJsZRJQZXVyb3BlLXdlc3QxLWRvY2tlci5wa2cuZGV2L3NlcnZlcmxlc3MtcnVudGltZXMvZ29vZ2xlLTIyLWZ1bGwvcnVudGltZXMvbm9kZWpzMjBAAQ== for region europe-west1
[debug] [2025-09-24T17:13:41.824Z] <<< [apiv2][status] GET https://cloudfunctions.googleapis.com/v2/projects/poppin-s-app/locations/europe-west1/operations/operation-1758734020371-63f8f2c89e3e7-25009bb3-85f903c9 200
[debug] [2025-09-24T17:13:41.824Z] <<< [apiv2][body] GET https://cloudfunctions.googleapis.com/v2/projects/poppin-s-app/locations/europe-west1/operations/operation-1758734020371-63f8f2c89e3e7-25009bb3-85f903c9 {"name":"projects/poppin-s-app/locations/europe-west1/operations/operation-1758734020371-63f8f2c89e3e7-25009bb3-85f903c9","metadata":{"@type":"type.googleapis.com/google.cloud.functions.v2.OperationMetadata","createTime":"2025-09-24T17:13:41.684799604Z","target":"projects/poppin-s-app/locations/europe-west1/functions/cleanupOldNotifications","verb":"update","cancelRequested":false,"apiVersion":"v2","requestResource":{"@type":"type.googleapis.com/google.cloud.functions.v2.Function","name":"projects/poppin-s-app/locations/europe-west1/functions/cleanupOldNotifications","buildConfig":{"runtime":"nodejs20","entryPoint":"cleanupOldNotifications","source":{"storageSource":{"bucket":"gcf-v2-sources-402812477660-europe-west1","object":"cleanupOldNotifications/function-source.zip","generation":"1758734021645404"}},"environmentVariables":{"GOOGLE_NODE_RUN_SCRIPTS":""},"dockerRepository":"projects/poppin-s-app/locations/europe-west1/repositories/gcf-artifacts","sourceProvenance":{"resolvedStorageSource":{"bucket":"gcf-v2-sources-402812477660-europe-west1","object":"cleanupOldNotifications/function-source.zip","generation":"1758733376222472"}},"dockerRegistry":"ARTIFACT_REGISTRY","sourceToken":"Clhwcm9qZWN0cy80MDI4MTI0Nzc2NjAvbG9jYXRpb25zL2V1cm9wZS13ZXN0MS9idWlsZHMvODY3N2E5NzktNjBkNy00YmZhLTk4MmUtYmM1MWRkZmZmZjk1EnRldXJvcGUtd2VzdDEtZG9ja2VyLnBrZy5kZXYvcG9wcGluLXMtYXBwL2djZi1hcnRpZmFjdHMvcG9wcGluLS1zLS1hcHBfX2V1cm9wZS0td2VzdDFfX3NlbmRfZW1haWxfdG9fcGFyZW50OnZlcnNpb25fMRjcwfrL3AsiSHByb2plY3RzL3BvcHBpbi1zLWFwcC9sb2NhdGlvbnMvZXVyb3BlLXdlc3QxL2Z1bmN0aW9ucy9zZW5kRW1haWxUb1BhcmVudCoMCMDN0MYGEJjK0+4CMghub2RlanMyMDp3CiNnY3IuaW8vZ2FlLXJ1bnRpbWVzL25vZGVqczIwOnN0YWJsZRJQZXVyb3BlLXdlc3QxLWRvY2tlci5wa2cuZGV2L3NlcnZlcmxlc3MtcnVudGltZXMvZ29vZ2xlLTIyLWZ1bGwvcnVudGltZXMvbm9kZWpzMjBAAQ==","serviceAccount":"projects/poppin-s-app/serviceAccounts/402812477660-compute@developer.gserviceaccount.com","automaticUpdatePolicy":{}},"serviceConfig":{"service":"projects/poppin-s-app/locations/europe-west1/services/cleanupoldnotifications","timeoutSeconds":60,"environmentVariables":{"EMAIL_USER":"votre_email@gmail.com","EMAIL_PASSWORD":"votre_mot_de_passe_securise","FIREBASE_CONFIG":"{\"projectId\":\"poppin-s-app\",\"storageBucket\":\"poppin-s-app.firebasestorage.app\"}","GCLOUD_PROJECT":"poppin-s-app","EVENTARC_CLOUD_EVENT_SOURCE":"projects/poppin-s-app/locations/europe-west1/services/cleanupOldNotifications","FUNCTION_TARGET":"cleanupOldNotifications","LOG_EXECUTION_ID":"true","FUNCTION_SIGNATURE_TYPE":"http"},"ingressSettings":"ALLOW_ALL","uri":"https://cleanupoldnotifications-j3na7x5n2a-ew.a.run.app","serviceAccountEmail":"402812477660-compute@developer.gserviceaccount.com","availableMemory":"256Mi","allTrafficOnLatestRevision":true,"revision":"cleanupoldnotifications-00007-qus","maxInstanceRequestConcurrency":80,"availableCpu":"1"},"state":"ACTIVE","labels":{"deployment-tool":"cli-firebase","deployment-scheduled":"true","firebase-functions-hash":"ecbaa31c917c1fff03b9ad86e035ea77447bcf99"},"environment":"GEN_2","url":"https://europe-west1-poppin-s-app.cloudfunctions.net/cleanupOldNotifications","satisfiesPzi":true},"stages":[{"name":"BUILD","state":"NOT_STARTED"},{"name":"SERVICE","state":"NOT_STARTED"}],"sourceToken":"Clhwcm9qZWN0cy80MDI4MTI0Nzc2NjAvbG9jYXRpb25zL2V1cm9wZS13ZXN0MS9idWlsZHMvODY3N2E5NzktNjBkNy00YmZhLTk4MmUtYmM1MWRkZmZmZjk1EnRldXJvcGUtd2VzdDEtZG9ja2VyLnBrZy5kZXYvcG9wcGluLXMtYXBwL2djZi1hcnRpZmFjdHMvcG9wcGluLS1zLS1hcHBfX2V1cm9wZS0td2VzdDFfX3NlbmRfZW1haWxfdG9fcGFyZW50OnZlcnNpb25fMRjcwfrL3AsiSHByb2plY3RzL3BvcHBpbi1zLWFwcC9sb2NhdGlvbnMvZXVyb3BlLXdlc3QxL2Z1bmN0aW9ucy9zZW5kRW1haWxUb1BhcmVudCoMCMDN0MYGEJjK0+4CMghub2RlanMyMDp3CiNnY3IuaW8vZ2FlLXJ1bnRpbWVzL25vZGVqczIwOnN0YWJsZRJQZXVyb3BlLXdlc3QxLWRvY2tlci5wa2cuZGV2L3NlcnZlcmxlc3MtcnVudGltZXMvZ29vZ2xlLTIyLWZ1bGwvcnVudGltZXMvbm9kZWpzMjBAAQ==","operationType":"UPDATE_FUNCTION"},"done":false}
[debug] [2025-09-24T17:13:41.824Z] Got source token Clhwcm9qZWN0cy80MDI4MTI0Nzc2NjAvbG9jYXRpb25zL2V1cm9wZS13ZXN0MS9idWlsZHMvODY3N2E5NzktNjBkNy00YmZhLTk4MmUtYmM1MWRkZmZmZjk1EnRldXJvcGUtd2VzdDEtZG9ja2VyLnBrZy5kZXYvcG9wcGluLXMtYXBwL2djZi1hcnRpZmFjdHMvcG9wcGluLS1zLS1hcHBfX2V1cm9wZS0td2VzdDFfX3NlbmRfZW1haWxfdG9fcGFyZW50OnZlcnNpb25fMRjcwfrL3AsiSHByb2plY3RzL3BvcHBpbi1zLWFwcC9sb2NhdGlvbnMvZXVyb3BlLXdlc3QxL2Z1bmN0aW9ucy9zZW5kRW1haWxUb1BhcmVudCoMCMDN0MYGEJjK0+4CMghub2RlanMyMDp3CiNnY3IuaW8vZ2FlLXJ1bnRpbWVzL25vZGVqczIwOnN0YWJsZRJQZXVyb3BlLXdlc3QxLWRvY2tlci5wa2cuZGV2L3NlcnZlcmxlc3MtcnVudGltZXMvZ29vZ2xlLTIyLWZ1bGwvcnVudGltZXMvbm9kZWpzMjBAAQ== for region europe-west1
[debug] [2025-09-24T17:13:41.825Z] <<< [apiv2][status] PATCH https://cloudfunctions.googleapis.com/v2/projects/poppin-s-app/locations/europe-west1/functions/cancelDelegation 200
[debug] [2025-09-24T17:13:41.825Z] <<< [apiv2][body] PATCH https://cloudfunctions.googleapis.com/v2/projects/poppin-s-app/locations/europe-west1/functions/cancelDelegation {"name":"projects/poppin-s-app/locations/europe-west1/operations/operation-1758734020383-63f8f2c8a14e7-6d5755d8-15ed11fb","metadata":{"@type":"type.googleapis.com/google.cloud.functions.v2.OperationMetadata","createTime":"2025-09-24T17:13:41.803708058Z","target":"projects/poppin-s-app/locations/europe-west1/functions/cancelDelegation","verb":"update","cancelRequested":false,"apiVersion":"v2"},"done":false}
[debug] [2025-09-24T17:13:41.826Z] Checked if tokens are valid: true, expires at: 1758736880538
[debug] [2025-09-24T17:13:41.826Z] Checked if tokens are valid: true, expires at: 1758736880538
[debug] [2025-09-24T17:13:41.826Z] >>> [apiv2][query] GET https://cloudfunctions.googleapis.com/v2/projects/poppin-s-app/locations/europe-west1/operations/operation-1758734020383-63f8f2c8a14e7-6d5755d8-15ed11fb [none]
[debug] [2025-09-24T17:13:41.861Z] <<< [apiv2][status] GET https://cloudfunctions.googleapis.com/v2/projects/poppin-s-app/locations/europe-west1/operations/operation-1758734020361-63f8f2c89bd41-3872ef92-9d395aea 200
[debug] [2025-09-24T17:13:41.861Z] <<< [apiv2][body] GET https://cloudfunctions.googleapis.com/v2/projects/poppin-s-app/locations/europe-west1/operations/operation-1758734020361-63f8f2c89bd41-3872ef92-9d395aea {"name":"projects/poppin-s-app/locations/europe-west1/operations/operation-1758734020361-63f8f2c89bd41-3872ef92-9d395aea","metadata":{"@type":"type.googleapis.com/google.cloud.functions.v2.OperationMetadata","createTime":"2025-09-24T17:13:41.783549715Z","target":"projects/poppin-s-app/locations/europe-west1/functions/retryFailedEmails","verb":"update","cancelRequested":false,"apiVersion":"v2"},"done":false}
[debug] [2025-09-24T17:13:41.883Z] <<< [apiv2][status] GET https://cloudfunctions.googleapis.com/v2/projects/poppin-s-app/locations/europe-west1/operations/operation-1758734020383-63f8f2c8a14e7-6d5755d8-15ed11fb 200
[debug] [2025-09-24T17:13:41.884Z] <<< [apiv2][body] GET https://cloudfunctions.googleapis.com/v2/projects/poppin-s-app/locations/europe-west1/operations/operation-1758734020383-63f8f2c8a14e7-6d5755d8-15ed11fb {"name":"projects/poppin-s-app/locations/europe-west1/operations/operation-1758734020383-63f8f2c8a14e7-6d5755d8-15ed11fb","metadata":{"@type":"type.googleapis.com/google.cloud.functions.v2.OperationMetadata","createTime":"2025-09-24T17:13:41.803708058Z","target":"projects/poppin-s-app/locations/europe-west1/functions/cancelDelegation","verb":"update","cancelRequested":false,"apiVersion":"v2"},"done":false}
[debug] [2025-09-24T17:13:41.903Z] <<< [apiv2][status] PATCH https://cloudfunctions.googleapis.com/v2/projects/poppin-s-app/locations/europe-west1/functions/acceptDelegation 200
[debug] [2025-09-24T17:13:41.903Z] <<< [apiv2][body] PATCH https://cloudfunctions.googleapis.com/v2/projects/poppin-s-app/locations/europe-west1/functions/acceptDelegation {"name":"projects/poppin-s-app/locations/europe-west1/operations/operation-1758734020331-63f8f2c894786-13e1ccfa-dd435520","metadata":{"@type":"type.googleapis.com/google.cloud.functions.v2.OperationMetadata","createTime":"2025-09-24T17:13:41.884606757Z","target":"projects/poppin-s-app/locations/europe-west1/functions/acceptDelegation","verb":"update","cancelRequested":false,"apiVersion":"v2"},"done":false}
[debug] [2025-09-24T17:13:41.904Z] Checked if tokens are valid: true, expires at: 1758736880538
[debug] [2025-09-24T17:13:41.904Z] Checked if tokens are valid: true, expires at: 1758736880538
[debug] [2025-09-24T17:13:41.904Z] >>> [apiv2][query] GET https://cloudfunctions.googleapis.com/v2/projects/poppin-s-app/locations/europe-west1/operations/operation-1758734020331-63f8f2c894786-13e1ccfa-dd435520 [none]
[debug] [2025-09-24T17:13:41.942Z] <<< [apiv2][status] PATCH https://cloudfunctions.googleapis.com/v2/projects/poppin-s-app/locations/europe-west1/functions/onNewMessage 200
[debug] [2025-09-24T17:13:41.942Z] <<< [apiv2][body] PATCH https://cloudfunctions.googleapis.com/v2/projects/poppin-s-app/locations/europe-west1/functions/onNewMessage {"name":"projects/poppin-s-app/locations/europe-west1/operations/operation-1758734020383-63f8f2c8a14a2-37bbcb92-d73fd8d9","metadata":{"@type":"type.googleapis.com/google.cloud.functions.v2.OperationMetadata","createTime":"2025-09-24T17:13:41.924675768Z","target":"projects/poppin-s-app/locations/europe-west1/functions/onNewMessage","verb":"update","cancelRequested":false,"apiVersion":"v2"},"done":false}
[debug] [2025-09-24T17:13:41.942Z] Checked if tokens are valid: true, expires at: 1758736880538
[debug] [2025-09-24T17:13:41.942Z] Checked if tokens are valid: true, expires at: 1758736880538
[debug] [2025-09-24T17:13:41.942Z] >>> [apiv2][query] GET https://cloudfunctions.googleapis.com/v2/projects/poppin-s-app/locations/europe-west1/operations/operation-1758734020383-63f8f2c8a14a2-37bbcb92-d73fd8d9 [none]
[debug] [2025-09-24T17:13:41.952Z] <<< [apiv2][status] GET https://cloudfunctions.googleapis.com/v2/projects/poppin-s-app/locations/europe-west1/operations/operation-1758734020331-63f8f2c894786-13e1ccfa-dd435520 200
[debug] [2025-09-24T17:13:41.952Z] <<< [apiv2][body] GET https://cloudfunctions.googleapis.com/v2/projects/poppin-s-app/locations/europe-west1/operations/operation-1758734020331-63f8f2c894786-13e1ccfa-dd435520 {"name":"projects/poppin-s-app/locations/europe-west1/operations/operation-1758734020331-63f8f2c894786-13e1ccfa-dd435520","metadata":{"@type":"type.googleapis.com/google.cloud.functions.v2.OperationMetadata","createTime":"2025-09-24T17:13:41.884606757Z","target":"projects/poppin-s-app/locations/europe-west1/functions/acceptDelegation","verb":"update","cancelRequested":false,"apiVersion":"v2"},"done":false}
[debug] [2025-09-24T17:13:41.969Z] <<< [apiv2][status] PATCH https://cloudfunctions.googleapis.com/v2/projects/poppin-s-app/locations/europe-west1/functions/onDelegationCreated 200
[debug] [2025-09-24T17:13:41.969Z] <<< [apiv2][body] PATCH https://cloudfunctions.googleapis.com/v2/projects/poppin-s-app/locations/europe-west1/functions/onDelegationCreated {"name":"projects/poppin-s-app/locations/europe-west1/operations/operation-1758734020365-63f8f2c89cb81-055d6225-33c66182","metadata":{"@type":"type.googleapis.com/google.cloud.functions.v2.OperationMetadata","createTime":"2025-09-24T17:13:41.943695149Z","target":"projects/poppin-s-app/locations/europe-west1/functions/onDelegationCreated","verb":"update","cancelRequested":false,"apiVersion":"v2"},"done":false}
[debug] [2025-09-24T17:13:41.969Z] Checked if tokens are valid: true, expires at: 1758736880538
[debug] [2025-09-24T17:13:41.969Z] Checked if tokens are valid: true, expires at: 1758736880538
[debug] [2025-09-24T17:13:41.969Z] >>> [apiv2][query] GET https://cloudfunctions.googleapis.com/v2/projects/poppin-s-app/locations/europe-west1/operations/operation-1758734020365-63f8f2c89cb81-055d6225-33c66182 [none]
[debug] [2025-09-24T17:13:41.973Z] <<< [apiv2][status] PATCH https://cloudfunctions.googleapis.com/v2/projects/poppin-s-app/locations/europe-west1/functions/onStockNeedsUpdated 200
[debug] [2025-09-24T17:13:41.973Z] <<< [apiv2][body] PATCH https://cloudfunctions.googleapis.com/v2/projects/poppin-s-app/locations/europe-west1/functions/onStockNeedsUpdated {"name":"projects/poppin-s-app/locations/europe-west1/operations/operation-1758734020370-63f8f2c89e1f0-de4c0a3a-44a19313","metadata":{"@type":"type.googleapis.com/google.cloud.functions.v2.OperationMetadata","createTime":"2025-09-24T17:13:41.952369740Z","target":"projects/poppin-s-app/locations/europe-west1/functions/onStockNeedsUpdated","verb":"update","cancelRequested":false,"apiVersion":"v2"},"done":false}
[debug] [2025-09-24T17:13:41.973Z] Checked if tokens are valid: true, expires at: 1758736880538
[debug] [2025-09-24T17:13:41.973Z] Checked if tokens are valid: true, expires at: 1758736880538
[debug] [2025-09-24T17:13:41.973Z] >>> [apiv2][query] GET https://cloudfunctions.googleapis.com/v2/projects/poppin-s-app/locations/europe-west1/operations/operation-1758734020370-63f8f2c89e1f0-de4c0a3a-44a19313 [none]
[debug] [2025-09-24T17:13:42.001Z] <<< [apiv2][status] GET https://cloudfunctions.googleapis.com/v2/projects/poppin-s-app/locations/europe-west1/operations/operation-1758734020383-63f8f2c8a14a2-37bbcb92-d73fd8d9 200
[debug] [2025-09-24T17:13:42.002Z] <<< [apiv2][body] GET https://cloudfunctions.googleapis.com/v2/projects/poppin-s-app/locations/europe-west1/operations/operation-1758734020383-63f8f2c8a14a2-37bbcb92-d73fd8d9 {"name":"projects/poppin-s-app/locations/europe-west1/operations/operation-1758734020383-63f8f2c8a14a2-37bbcb92-d73fd8d9","metadata":{"@type":"type.googleapis.com/google.cloud.functions.v2.OperationMetadata","createTime":"2025-09-24T17:13:41.924675768Z","target":"projects/poppin-s-app/locations/europe-west1/functions/onNewMessage","verb":"update","cancelRequested":false,"apiVersion":"v2"},"done":false}
[debug] [2025-09-24T17:13:42.029Z] <<< [apiv2][status] GET https://cloudfunctions.googleapis.com/v2/projects/poppin-s-app/locations/europe-west1/operations/operation-1758734020365-63f8f2c89cb81-055d6225-33c66182 200
[debug] [2025-09-24T17:13:42.029Z] <<< [apiv2][body] GET https://cloudfunctions.googleapis.com/v2/projects/poppin-s-app/locations/europe-west1/operations/operation-1758734020365-63f8f2c89cb81-055d6225-33c66182 {"name":"projects/poppin-s-app/locations/europe-west1/operations/operation-1758734020365-63f8f2c89cb81-055d6225-33c66182","metadata":{"@type":"type.googleapis.com/google.cloud.functions.v2.OperationMetadata","createTime":"2025-09-24T17:13:41.943695149Z","target":"projects/poppin-s-app/locations/europe-west1/functions/onDelegationCreated","verb":"update","cancelRequested":false,"apiVersion":"v2"},"done":false}
[debug] [2025-09-24T17:13:42.032Z] <<< [apiv2][status] GET https://cloudfunctions.googleapis.com/v2/projects/poppin-s-app/locations/europe-west1/operations/operation-1758734020370-63f8f2c89e1f0-de4c0a3a-44a19313 200
[debug] [2025-09-24T17:13:42.033Z] <<< [apiv2][body] GET https://cloudfunctions.googleapis.com/v2/projects/poppin-s-app/locations/europe-west1/operations/operation-1758734020370-63f8f2c89e1f0-de4c0a3a-44a19313 {"name":"projects/poppin-s-app/locations/europe-west1/operations/operation-1758734020370-63f8f2c89e1f0-de4c0a3a-44a19313","metadata":{"@type":"type.googleapis.com/google.cloud.functions.v2.OperationMetadata","createTime":"2025-09-24T17:13:41.952369740Z","target":"projects/poppin-s-app/locations/europe-west1/functions/onStockNeedsUpdated","verb":"update","cancelRequested":false,"apiVersion":"v2"},"done":false}
[debug] [2025-09-24T17:13:42.151Z] <<< [apiv2][status] PATCH https://cloudfunctions.googleapis.com/v2/projects/poppin-s-app/locations/europe-west1/functions/sendNotification 200
[debug] [2025-09-24T17:13:42.151Z] <<< [apiv2][body] PATCH https://cloudfunctions.googleapis.com/v2/projects/poppin-s-app/locations/europe-west1/functions/sendNotification {"name":"projects/poppin-s-app/locations/europe-west1/operations/operation-1758734020383-63f8f2c8a14e6-beca0c65-85dffa34","metadata":{"@type":"type.googleapis.com/google.cloud.functions.v2.OperationMetadata","createTime":"2025-09-24T17:13:42.126375189Z","target":"projects/poppin-s-app/locations/europe-west1/functions/sendNotification","verb":"update","cancelRequested":false,"apiVersion":"v2"},"done":false}
[debug] [2025-09-24T17:13:42.151Z] Checked if tokens are valid: true, expires at: 1758736880538
[debug] [2025-09-24T17:13:42.151Z] Checked if tokens are valid: true, expires at: 1758736880538
[debug] [2025-09-24T17:13:42.151Z] >>> [apiv2][query] GET https://cloudfunctions.googleapis.com/v2/projects/poppin-s-app/locations/europe-west1/operations/operation-1758734020383-63f8f2c8a14e6-beca0c65-85dffa34 [none]
[debug] [2025-09-24T17:13:42.175Z] [update-default-europe-west1-testNotification] Retrying task index 0
[debug] [2025-09-24T17:13:42.176Z] Checked if tokens are valid: true, expires at: 1758736880538
[debug] [2025-09-24T17:13:42.176Z] Checked if tokens are valid: true, expires at: 1758736880538
[debug] [2025-09-24T17:13:42.176Z] >>> [apiv2][query] GET https://cloudfunctions.googleapis.com/v2/projects/poppin-s-app/locations/europe-west1/operations/operation-1758734020372-63f8f2c89e9e4-5f59e2bc-ae5bc96a [none]
[debug] [2025-09-24T17:13:42.205Z] <<< [apiv2][status] GET https://cloudfunctions.googleapis.com/v2/projects/poppin-s-app/locations/europe-west1/operations/operation-1758734020383-63f8f2c8a14e6-beca0c65-85dffa34 200
[debug] [2025-09-24T17:13:42.205Z] <<< [apiv2][body] GET https://cloudfunctions.googleapis.com/v2/projects/poppin-s-app/locations/europe-west1/operations/operation-1758734020383-63f8f2c8a14e6-beca0c65-85dffa34 {"name":"projects/poppin-s-app/locations/europe-west1/operations/operation-1758734020383-63f8f2c8a14e6-beca0c65-85dffa34","metadata":{"@type":"type.googleapis.com/google.cloud.functions.v2.OperationMetadata","createTime":"2025-09-24T17:13:42.126375189Z","target":"projects/poppin-s-app/locations/europe-west1/functions/sendNotification","verb":"update","cancelRequested":false,"apiVersion":"v2"},"done":false}
[debug] [2025-09-24T17:13:42.211Z] [update-default-europe-west1-processEmailQueue] Retrying task index 0
[debug] [2025-09-24T17:13:42.212Z] Checked if tokens are valid: true, expires at: 1758736880538
[debug] [2025-09-24T17:13:42.212Z] Checked if tokens are valid: true, expires at: 1758736880538
[debug] [2025-09-24T17:13:42.212Z] >>> [apiv2][query] GET https://cloudfunctions.googleapis.com/v2/projects/poppin-s-app/locations/europe-west1/operations/operation-1758734020371-63f8f2c89e3b4-2530d91d-0da147f7 [none]
[debug] [2025-09-24T17:13:42.241Z] <<< [apiv2][status] GET https://cloudfunctions.googleapis.com/v2/projects/poppin-s-app/locations/europe-west1/operations/operation-1758734020372-63f8f2c89e9e4-5f59e2bc-ae5bc96a 200
[debug] [2025-09-24T17:13:42.241Z] <<< [apiv2][body] GET https://cloudfunctions.googleapis.com/v2/projects/poppin-s-app/locations/europe-west1/operations/operation-1758734020372-63f8f2c89e9e4-5f59e2bc-ae5bc96a {"name":"projects/poppin-s-app/locations/europe-west1/operations/operation-1758734020372-63f8f2c89e9e4-5f59e2bc-ae5bc96a","metadata":{"@type":"type.googleapis.com/google.cloud.functions.v2.OperationMetadata","createTime":"2025-09-24T17:13:41.579212179Z","target":"projects/poppin-s-app/locations/europe-west1/functions/testNotification","verb":"update","cancelRequested":false,"apiVersion":"v2","requestResource":{"@type":"type.googleapis.com/google.cloud.functions.v2.Function","name":"projects/poppin-s-app/locations/europe-west1/functions/testNotification","buildConfig":{"runtime":"nodejs20","entryPoint":"testNotification","source":{"storageSource":{"bucket":"gcf-v2-sources-402812477660-europe-west1","object":"testNotification/function-source.zip","generation":"1758734021532030"}},"environmentVariables":{"GOOGLE_NODE_RUN_SCRIPTS":""},"dockerRepository":"projects/poppin-s-app/locations/europe-west1/repositories/gcf-artifacts","sourceProvenance":{"resolvedStorageSource":{"bucket":"gcf-v2-sources-402812477660-europe-west1","object":"testNotification/function-source.zip","generation":"1758733376162763"}},"dockerRegistry":"ARTIFACT_REGISTRY","sourceToken":"Clhwcm9qZWN0cy80MDI4MTI0Nzc2NjAvbG9jYXRpb25zL2V1cm9wZS13ZXN0MS9idWlsZHMvODY3N2E5NzktNjBkNy00YmZhLTk4MmUtYmM1MWRkZmZmZjk1EnRldXJvcGUtd2VzdDEtZG9ja2VyLnBrZy5kZXYvcG9wcGluLXMtYXBwL2djZi1hcnRpZmFjdHMvcG9wcGluLS1zLS1hcHBfX2V1cm9wZS0td2VzdDFfX3NlbmRfZW1haWxfdG9fcGFyZW50OnZlcnNpb25fMRjcwfrL3AsiSHByb2plY3RzL3BvcHBpbi1zLWFwcC9sb2NhdGlvbnMvZXVyb3BlLXdlc3QxL2Z1bmN0aW9ucy9zZW5kRW1haWxUb1BhcmVudCoMCMDN0MYGEJjK0+4CMghub2RlanMyMDp3CiNnY3IuaW8vZ2FlLXJ1bnRpbWVzL25vZGVqczIwOnN0YWJsZRJQZXVyb3BlLXdlc3QxLWRvY2tlci5wa2cuZGV2L3NlcnZlcmxlc3MtcnVudGltZXMvZ29vZ2xlLTIyLWZ1bGwvcnVudGltZXMvbm9kZWpzMjBAAQ==","serviceAccount":"projects/poppin-s-app/serviceAccounts/402812477660-compute@developer.gserviceaccount.com","automaticUpdatePolicy":{}},"serviceConfig":{"service":"projects/poppin-s-app/locations/europe-west1/services/testnotification","timeoutSeconds":60,"environmentVariables":{"EMAIL_USER":"votre_email@gmail.com","EMAIL_PASSWORD":"votre_mot_de_passe_securise","FIREBASE_CONFIG":"{\"projectId\":\"poppin-s-app\",\"storageBucket\":\"poppin-s-app.firebasestorage.app\"}","GCLOUD_PROJECT":"poppin-s-app","EVENTARC_CLOUD_EVENT_SOURCE":"projects/poppin-s-app/locations/europe-west1/services/testNotification","FUNCTION_TARGET":"testNotification","LOG_EXECUTION_ID":"true","FUNCTION_SIGNATURE_TYPE":"http"},"ingressSettings":"ALLOW_ALL","uri":"https://testnotification-j3na7x5n2a-ew.a.run.app","serviceAccountEmail":"402812477660-compute@developer.gserviceaccount.com","availableMemory":"256Mi","allTrafficOnLatestRevision":true,"revision":"testnotification-00007-nuf","maxInstanceRequestConcurrency":80,"availableCpu":"1"},"state":"ACTIVE","labels":{"deployment-tool":"cli-firebase","deployment-callable":"true","firebase-functions-hash":"ecbaa31c917c1fff03b9ad86e035ea77447bcf99"},"environment":"GEN_2","url":"https://europe-west1-poppin-s-app.cloudfunctions.net/testNotification","satisfiesPzi":true},"stages":[{"name":"BUILD","message":"Reusing build","state":"COMPLETE","resource":"projects/402812477660/locations/europe-west1/builds/8677a979-60d7-4bfa-982e-bc51ddffff95"},{"name":"SERVICE","state":"NOT_STARTED"}],"sourceToken":"Clhwcm9qZWN0cy80MDI4MTI0Nzc2NjAvbG9jYXRpb25zL2V1cm9wZS13ZXN0MS9idWlsZHMvODY3N2E5NzktNjBkNy00YmZhLTk4MmUtYmM1MWRkZmZmZjk1EnRldXJvcGUtd2VzdDEtZG9ja2VyLnBrZy5kZXYvcG9wcGluLXMtYXBwL2djZi1hcnRpZmFjdHMvcG9wcGluLS1zLS1hcHBfX2V1cm9wZS0td2VzdDFfX3NlbmRfZW1haWxfdG9fcGFyZW50OnZlcnNpb25fMRjcwfrL3AsiSHByb2plY3RzL3BvcHBpbi1zLWFwcC9sb2NhdGlvbnMvZXVyb3BlLXdlc3QxL2Z1bmN0aW9ucy9zZW5kRW1haWxUb1BhcmVudCoMCMDN0MYGEJjK0+4CMghub2RlanMyMDp3CiNnY3IuaW8vZ2FlLXJ1bnRpbWVzL25vZGVqczIwOnN0YWJsZRJQZXVyb3BlLXdlc3QxLWRvY2tlci5wa2cuZGV2L3NlcnZlcmxlc3MtcnVudGltZXMvZ29vZ2xlLTIyLWZ1bGwvcnVudGltZXMvbm9kZWpzMjBAAQ==","operationType":"UPDATE_FUNCTION","buildName":"projects/402812477660/locations/europe-west1/builds/8677a979-60d7-4bfa-982e-bc51ddffff95"},"done":false}
[debug] [2025-09-24T17:13:42.242Z] Got source token Clhwcm9qZWN0cy80MDI4MTI0Nzc2NjAvbG9jYXRpb25zL2V1cm9wZS13ZXN0MS9idWlsZHMvODY3N2E5NzktNjBkNy00YmZhLTk4MmUtYmM1MWRkZmZmZjk1EnRldXJvcGUtd2VzdDEtZG9ja2VyLnBrZy5kZXYvcG9wcGluLXMtYXBwL2djZi1hcnRpZmFjdHMvcG9wcGluLS1zLS1hcHBfX2V1cm9wZS0td2VzdDFfX3NlbmRfZW1haWxfdG9fcGFyZW50OnZlcnNpb25fMRjcwfrL3AsiSHByb2plY3RzL3BvcHBpbi1zLWFwcC9sb2NhdGlvbnMvZXVyb3BlLXdlc3QxL2Z1bmN0aW9ucy9zZW5kRW1haWxUb1BhcmVudCoMCMDN0MYGEJjK0+4CMghub2RlanMyMDp3CiNnY3IuaW8vZ2FlLXJ1bnRpbWVzL25vZGVqczIwOnN0YWJsZRJQZXVyb3BlLXdlc3QxLWRvY2tlci5wa2cuZGV2L3NlcnZlcmxlc3MtcnVudGltZXMvZ29vZ2xlLTIyLWZ1bGwvcnVudGltZXMvbm9kZWpzMjBAAQ== for region europe-west1
[debug] [2025-09-24T17:13:42.277Z] <<< [apiv2][status] GET https://cloudfunctions.googleapis.com/v2/projects/poppin-s-app/locations/europe-west1/operations/operation-1758734020371-63f8f2c89e3b4-2530d91d-0da147f7 200
[debug] [2025-09-24T17:13:42.277Z] <<< [apiv2][body] GET https://cloudfunctions.googleapis.com/v2/projects/poppin-s-app/locations/europe-west1/operations/operation-1758734020371-63f8f2c89e3b4-2530d91d-0da147f7 {"name":"projects/poppin-s-app/locations/europe-west1/operations/operation-1758734020371-63f8f2c89e3b4-2530d91d-0da147f7","metadata":{"@type":"type.googleapis.com/google.cloud.functions.v2.OperationMetadata","createTime":"2025-09-24T17:13:41.628159156Z","target":"projects/poppin-s-app/locations/europe-west1/functions/processEmailQueue","verb":"update","cancelRequested":false,"apiVersion":"v2","requestResource":{"@type":"type.googleapis.com/google.cloud.functions.v2.Function","name":"projects/poppin-s-app/locations/europe-west1/functions/processEmailQueue","buildConfig":{"runtime":"nodejs20","entryPoint":"processEmailQueue","source":{"storageSource":{"bucket":"gcf-v2-sources-402812477660-europe-west1","object":"processEmailQueue/function-source.zip","generation":"1758734021576919"}},"environmentVariables":{"GOOGLE_NODE_RUN_SCRIPTS":""},"dockerRepository":"projects/poppin-s-app/locations/europe-west1/repositories/gcf-artifacts","sourceProvenance":{"resolvedStorageSource":{"bucket":"gcf-v2-sources-402812477660-europe-west1","object":"processEmailQueue/function-source.zip","generation":"1758733376362802"}},"dockerRegistry":"ARTIFACT_REGISTRY","sourceToken":"Clhwcm9qZWN0cy80MDI4MTI0Nzc2NjAvbG9jYXRpb25zL2V1cm9wZS13ZXN0MS9idWlsZHMvODY3N2E5NzktNjBkNy00YmZhLTk4MmUtYmM1MWRkZmZmZjk1EnRldXJvcGUtd2VzdDEtZG9ja2VyLnBrZy5kZXYvcG9wcGluLXMtYXBwL2djZi1hcnRpZmFjdHMvcG9wcGluLS1zLS1hcHBfX2V1cm9wZS0td2VzdDFfX3NlbmRfZW1haWxfdG9fcGFyZW50OnZlcnNpb25fMRjcwfrL3AsiSHByb2plY3RzL3BvcHBpbi1zLWFwcC9sb2NhdGlvbnMvZXVyb3BlLXdlc3QxL2Z1bmN0aW9ucy9zZW5kRW1haWxUb1BhcmVudCoMCMDN0MYGEJjK0+4CMghub2RlanMyMDp3CiNnY3IuaW8vZ2FlLXJ1bnRpbWVzL25vZGVqczIwOnN0YWJsZRJQZXVyb3BlLXdlc3QxLWRvY2tlci5wa2cuZGV2L3NlcnZlcmxlc3MtcnVudGltZXMvZ29vZ2xlLTIyLWZ1bGwvcnVudGltZXMvbm9kZWpzMjBAAQ==","serviceAccount":"projects/poppin-s-app/serviceAccounts/402812477660-compute@developer.gserviceaccount.com","automaticUpdatePolicy":{}},"serviceConfig":{"service":"projects/poppin-s-app/locations/europe-west1/services/processemailqueue","timeoutSeconds":60,"environmentVariables":{"EMAIL_USER":"votre_email@gmail.com","EMAIL_PASSWORD":"votre_mot_de_passe_securise","FIREBASE_CONFIG":"{\"projectId\":\"poppin-s-app\",\"storageBucket\":\"poppin-s-app.firebasestorage.app\"}","GCLOUD_PROJECT":"poppin-s-app","EVENTARC_CLOUD_EVENT_SOURCE":"projects/poppin-s-app/locations/europe-west1/services/processEmailQueue","FUNCTION_SIGNATURE_TYPE":"cloudevent","FUNCTION_TARGET":"processEmailQueue","LOG_EXECUTION_ID":"true"},"ingressSettings":"ALLOW_ALL","uri":"https://processemailqueue-j3na7x5n2a-ew.a.run.app","serviceAccountEmail":"402812477660-compute@developer.gserviceaccount.com","availableMemory":"256Mi","allTrafficOnLatestRevision":true,"revision":"processemailqueue-00013-kub","maxInstanceRequestConcurrency":80,"availableCpu":"1"},"eventTrigger":{"trigger":"projects/poppin-s-app/locations/europe-west9/triggers/processemailqueue-666587","triggerRegion":"europe-west9","eventType":"google.cloud.firestore.document.v1.created","eventFilters":[{"attribute":"database","value":"(default)"},{"attribute":"namespace","value":"(default)"},{"attribute":"document","value":"emailQueue/{emailId}","operator":"match-path-pattern"}],"pubsubTopic":"projects/poppin-s-app/topics/eventarc-europe-west9-processemailqueue-666587-377","serviceAccountEmail":"402812477660-compute@developer.gserviceaccount.com","retryPolicy":"RETRY_POLICY_DO_NOT_RETRY"},"state":"ACTIVE","labels":{"deployment-tool":"cli-firebase","firebase-functions-hash":"ecbaa31c917c1fff03b9ad86e035ea77447bcf99"},"environment":"GEN_2","url":"https://europe-west1-poppin-s-app.cloudfunctions.net/processEmailQueue","satisfiesPzi":true},"stages":[{"name":"BUILD","message":"Reusing build","state":"COMPLETE","resource":"projects/402812477660/locations/europe-west1/builds/8677a979-60d7-4bfa-982e-bc51ddffff95"},{"name":"SERVICE","state":"NOT_STARTED"},{"name":"TRIGGER","state":"NOT_STARTED"}],"sourceToken":"Clhwcm9qZWN0cy80MDI4MTI0Nzc2NjAvbG9jYXRpb25zL2V1cm9wZS13ZXN0MS9idWlsZHMvODY3N2E5NzktNjBkNy00YmZhLTk4MmUtYmM1MWRkZmZmZjk1EnRldXJvcGUtd2VzdDEtZG9ja2VyLnBrZy5kZXYvcG9wcGluLXMtYXBwL2djZi1hcnRpZmFjdHMvcG9wcGluLS1zLS1hcHBfX2V1cm9wZS0td2VzdDFfX3NlbmRfZW1haWxfdG9fcGFyZW50OnZlcnNpb25fMRjcwfrL3AsiSHByb2plY3RzL3BvcHBpbi1zLWFwcC9sb2NhdGlvbnMvZXVyb3BlLXdlc3QxL2Z1bmN0aW9ucy9zZW5kRW1haWxUb1BhcmVudCoMCMDN0MYGEJjK0+4CMghub2RlanMyMDp3CiNnY3IuaW8vZ2FlLXJ1bnRpbWVzL25vZGVqczIwOnN0YWJsZRJQZXVyb3BlLXdlc3QxLWRvY2tlci5wa2cuZGV2L3NlcnZlcmxlc3MtcnVudGltZXMvZ29vZ2xlLTIyLWZ1bGwvcnVudGltZXMvbm9kZWpzMjBAAQ==","operationType":"UPDATE_FUNCTION","buildName":"projects/402812477660/locations/europe-west1/builds/8677a979-60d7-4bfa-982e-bc51ddffff95"},"done":false}
[debug] [2025-09-24T17:13:42.277Z] Got source token Clhwcm9qZWN0cy80MDI4MTI0Nzc2NjAvbG9jYXRpb25zL2V1cm9wZS13ZXN0MS9idWlsZHMvODY3N2E5NzktNjBkNy00YmZhLTk4MmUtYmM1MWRkZmZmZjk1EnRldXJvcGUtd2VzdDEtZG9ja2VyLnBrZy5kZXYvcG9wcGluLXMtYXBwL2djZi1hcnRpZmFjdHMvcG9wcGluLS1zLS1hcHBfX2V1cm9wZS0td2VzdDFfX3NlbmRfZW1haWxfdG9fcGFyZW50OnZlcnNpb25fMRjcwfrL3AsiSHByb2plY3RzL3BvcHBpbi1zLWFwcC9sb2NhdGlvbnMvZXVyb3BlLXdlc3QxL2Z1bmN0aW9ucy9zZW5kRW1haWxUb1BhcmVudCoMCMDN0MYGEJjK0+4CMghub2RlanMyMDp3CiNnY3IuaW8vZ2FlLXJ1bnRpbWVzL25vZGVqczIwOnN0YWJsZRJQZXVyb3BlLXdlc3QxLWRvY2tlci5wa2cuZGV2L3NlcnZlcmxlc3MtcnVudGltZXMvZ29vZ2xlLTIyLWZ1bGwvcnVudGltZXMvbm9kZWpzMjBAAQ== for region europe-west1
[debug] [2025-09-24T17:13:42.324Z] [update-default-europe-west1-declineDelegation] Retrying task index 0
[debug] [2025-09-24T17:13:42.325Z] Checked if tokens are valid: true, expires at: 1758736880538
[debug] [2025-09-24T17:13:42.325Z] Checked if tokens are valid: true, expires at: 1758736880538
[debug] [2025-09-24T17:13:42.325Z] >>> [apiv2][query] GET https://cloudfunctions.googleapis.com/v2/projects/poppin-s-app/locations/europe-west1/operations/operation-1758734020383-63f8f2c8a14a0-e240347a-dd078be4 [none]
[debug] [2025-09-24T17:13:42.326Z] [update-default-europe-west1-cleanupOldNotifications] Retrying task index 0
[debug] [2025-09-24T17:13:42.326Z] Checked if tokens are valid: true, expires at: 1758736880538
[debug] [2025-09-24T17:13:42.326Z] Checked if tokens are valid: true, expires at: 1758736880538
[debug] [2025-09-24T17:13:42.326Z] >>> [apiv2][query] GET https://cloudfunctions.googleapis.com/v2/projects/poppin-s-app/locations/europe-west1/operations/operation-1758734020371-63f8f2c89e3e7-25009bb3-85f903c9 [none]
[debug] [2025-09-24T17:13:42.363Z] [update-default-europe-west1-retryFailedEmails] Retrying task index 0
[debug] [2025-09-24T17:13:42.363Z] Checked if tokens are valid: true, expires at: 1758736880538
[debug] [2025-09-24T17:13:42.364Z] Checked if tokens are valid: true, expires at: 1758736880538
[debug] [2025-09-24T17:13:42.364Z] >>> [apiv2][query] GET https://cloudfunctions.googleapis.com/v2/projects/poppin-s-app/locations/europe-west1/operations/operation-1758734020361-63f8f2c89bd41-3872ef92-9d395aea [none]
[debug] [2025-09-24T17:13:42.374Z] <<< [apiv2][status] GET https://cloudfunctions.googleapis.com/v2/projects/poppin-s-app/locations/europe-west1/operations/operation-1758734020383-63f8f2c8a14a0-e240347a-dd078be4 200
[debug] [2025-09-24T17:13:42.375Z] <<< [apiv2][body] GET https://cloudfunctions.googleapis.com/v2/projects/poppin-s-app/locations/europe-west1/operations/operation-1758734020383-63f8f2c8a14a0-e240347a-dd078be4 {"name":"projects/poppin-s-app/locations/europe-west1/operations/operation-1758734020383-63f8f2c8a14a0-e240347a-dd078be4","metadata":{"@type":"type.googleapis.com/google.cloud.functions.v2.OperationMetadata","createTime":"2025-09-24T17:13:41.646221265Z","target":"projects/poppin-s-app/locations/europe-west1/functions/declineDelegation","verb":"update","cancelRequested":false,"apiVersion":"v2","requestResource":{"@type":"type.googleapis.com/google.cloud.functions.v2.Function","name":"projects/poppin-s-app/locations/europe-west1/functions/declineDelegation","buildConfig":{"runtime":"nodejs20","entryPoint":"declineDelegation","source":{"storageSource":{"bucket":"gcf-v2-sources-402812477660-europe-west1","object":"declineDelegation/function-source.zip","generation":"1758734021604980"}},"environmentVariables":{"GOOGLE_NODE_RUN_SCRIPTS":""},"dockerRepository":"projects/poppin-s-app/locations/europe-west1/repositories/gcf-artifacts","sourceProvenance":{"resolvedStorageSource":{"bucket":"gcf-v2-sources-402812477660-europe-west1","object":"declineDelegation/function-source.zip","generation":"1758733376216560"}},"dockerRegistry":"ARTIFACT_REGISTRY","sourceToken":"Clhwcm9qZWN0cy80MDI4MTI0Nzc2NjAvbG9jYXRpb25zL2V1cm9wZS13ZXN0MS9idWlsZHMvODY3N2E5NzktNjBkNy00YmZhLTk4MmUtYmM1MWRkZmZmZjk1EnRldXJvcGUtd2VzdDEtZG9ja2VyLnBrZy5kZXYvcG9wcGluLXMtYXBwL2djZi1hcnRpZmFjdHMvcG9wcGluLS1zLS1hcHBfX2V1cm9wZS0td2VzdDFfX3NlbmRfZW1haWxfdG9fcGFyZW50OnZlcnNpb25fMRjcwfrL3AsiSHByb2plY3RzL3BvcHBpbi1zLWFwcC9sb2NhdGlvbnMvZXVyb3BlLXdlc3QxL2Z1bmN0aW9ucy9zZW5kRW1haWxUb1BhcmVudCoMCMDN0MYGEJjK0+4CMghub2RlanMyMDp3CiNnY3IuaW8vZ2FlLXJ1bnRpbWVzL25vZGVqczIwOnN0YWJsZRJQZXVyb3BlLXdlc3QxLWRvY2tlci5wa2cuZGV2L3NlcnZlcmxlc3MtcnVudGltZXMvZ29vZ2xlLTIyLWZ1bGwvcnVudGltZXMvbm9kZWpzMjBAAQ==","serviceAccount":"projects/poppin-s-app/serviceAccounts/402812477660-compute@developer.gserviceaccount.com","automaticUpdatePolicy":{}},"serviceConfig":{"service":"projects/poppin-s-app/locations/europe-west1/services/declinedelegation","timeoutSeconds":60,"environmentVariables":{"EMAIL_USER":"votre_email@gmail.com","EMAIL_PASSWORD":"votre_mot_de_passe_securise","FIREBASE_CONFIG":"{\"projectId\":\"poppin-s-app\",\"storageBucket\":\"poppin-s-app.firebasestorage.app\"}","GCLOUD_PROJECT":"poppin-s-app","EVENTARC_CLOUD_EVENT_SOURCE":"projects/poppin-s-app/locations/europe-west1/services/declineDelegation","FUNCTION_TARGET":"declineDelegation","LOG_EXECUTION_ID":"true","FUNCTION_SIGNATURE_TYPE":"http"},"ingressSettings":"ALLOW_ALL","uri":"https://declinedelegation-j3na7x5n2a-ew.a.run.app","serviceAccountEmail":"402812477660-compute@developer.gserviceaccount.com","availableMemory":"256Mi","allTrafficOnLatestRevision":true,"revision":"declinedelegation-00004-jos","maxInstanceRequestConcurrency":80,"availableCpu":"1"},"state":"ACTIVE","labels":{"deployment-tool":"cli-firebase","deployment-callable":"true","firebase-functions-hash":"ecbaa31c917c1fff03b9ad86e035ea77447bcf99"},"environment":"GEN_2","url":"https://europe-west1-poppin-s-app.cloudfunctions.net/declineDelegation","satisfiesPzi":true},"stages":[{"name":"BUILD","message":"Reusing build","state":"COMPLETE","resource":"projects/402812477660/locations/europe-west1/builds/8677a979-60d7-4bfa-982e-bc51ddffff95"},{"name":"SERVICE","state":"NOT_STARTED"}],"sourceToken":"Clhwcm9qZWN0cy80MDI4MTI0Nzc2NjAvbG9jYXRpb25zL2V1cm9wZS13ZXN0MS9idWlsZHMvODY3N2E5NzktNjBkNy00YmZhLTk4MmUtYmM1MWRkZmZmZjk1EnRldXJvcGUtd2VzdDEtZG9ja2VyLnBrZy5kZXYvcG9wcGluLXMtYXBwL2djZi1hcnRpZmFjdHMvcG9wcGluLS1zLS1hcHBfX2V1cm9wZS0td2VzdDFfX3NlbmRfZW1haWxfdG9fcGFyZW50OnZlcnNpb25fMRjcwfrL3AsiSHByb2plY3RzL3BvcHBpbi1zLWFwcC9sb2NhdGlvbnMvZXVyb3BlLXdlc3QxL2Z1bmN0aW9ucy9zZW5kRW1haWxUb1BhcmVudCoMCMDN0MYGEJjK0+4CMghub2RlanMyMDp3CiNnY3IuaW8vZ2FlLXJ1bnRpbWVzL25vZGVqczIwOnN0YWJsZRJQZXVyb3BlLXdlc3QxLWRvY2tlci5wa2cuZGV2L3NlcnZlcmxlc3MtcnVudGltZXMvZ29vZ2xlLTIyLWZ1bGwvcnVudGltZXMvbm9kZWpzMjBAAQ==","operationType":"UPDATE_FUNCTION","buildName":"projects/402812477660/locations/europe-west1/builds/8677a979-60d7-4bfa-982e-bc51ddffff95"},"done":false}
[debug] [2025-09-24T17:13:42.375Z] Got source token Clhwcm9qZWN0cy80MDI4MTI0Nzc2NjAvbG9jYXRpb25zL2V1cm9wZS13ZXN0MS9idWlsZHMvODY3N2E5NzktNjBkNy00YmZhLTk4MmUtYmM1MWRkZmZmZjk1EnRldXJvcGUtd2VzdDEtZG9ja2VyLnBrZy5kZXYvcG9wcGluLXMtYXBwL2djZi1hcnRpZmFjdHMvcG9wcGluLS1zLS1hcHBfX2V1cm9wZS0td2VzdDFfX3NlbmRfZW1haWxfdG9fcGFyZW50OnZlcnNpb25fMRjcwfrL3AsiSHByb2plY3RzL3BvcHBpbi1zLWFwcC9sb2NhdGlvbnMvZXVyb3BlLXdlc3QxL2Z1bmN0aW9ucy9zZW5kRW1haWxUb1BhcmVudCoMCMDN0MYGEJjK0+4CMghub2RlanMyMDp3CiNnY3IuaW8vZ2FlLXJ1bnRpbWVzL25vZGVqczIwOnN0YWJsZRJQZXVyb3BlLXdlc3QxLWRvY2tlci5wa2cuZGV2L3NlcnZlcmxlc3MtcnVudGltZXMvZ29vZ2xlLTIyLWZ1bGwvcnVudGltZXMvbm9kZWpzMjBAAQ== for region europe-west1
[debug] [2025-09-24T17:13:42.383Z] [update-default-europe-west1-cancelDelegation] Retrying task index 0
[debug] [2025-09-24T17:13:42.383Z] Checked if tokens are valid: true, expires at: 1758736880538
[debug] [2025-09-24T17:13:42.384Z] Checked if tokens are valid: true, expires at: 1758736880538
[debug] [2025-09-24T17:13:42.384Z] >>> [apiv2][query] GET https://cloudfunctions.googleapis.com/v2/projects/poppin-s-app/locations/europe-west1/operations/operation-1758734020383-63f8f2c8a14e7-6d5755d8-15ed11fb [none]
[debug] [2025-09-24T17:13:42.385Z] <<< [apiv2][status] GET https://cloudfunctions.googleapis.com/v2/projects/poppin-s-app/locations/europe-west1/operations/operation-1758734020371-63f8f2c89e3e7-25009bb3-85f903c9 200
[debug] [2025-09-24T17:13:42.385Z] <<< [apiv2][body] GET https://cloudfunctions.googleapis.com/v2/projects/poppin-s-app/locations/europe-west1/operations/operation-1758734020371-63f8f2c89e3e7-25009bb3-85f903c9 {"name":"projects/poppin-s-app/locations/europe-west1/operations/operation-1758734020371-63f8f2c89e3e7-25009bb3-85f903c9","metadata":{"@type":"type.googleapis.com/google.cloud.functions.v2.OperationMetadata","createTime":"2025-09-24T17:13:41.684799604Z","target":"projects/poppin-s-app/locations/europe-west1/functions/cleanupOldNotifications","verb":"update","cancelRequested":false,"apiVersion":"v2","requestResource":{"@type":"type.googleapis.com/google.cloud.functions.v2.Function","name":"projects/poppin-s-app/locations/europe-west1/functions/cleanupOldNotifications","buildConfig":{"runtime":"nodejs20","entryPoint":"cleanupOldNotifications","source":{"storageSource":{"bucket":"gcf-v2-sources-402812477660-europe-west1","object":"cleanupOldNotifications/function-source.zip","generation":"1758734021645404"}},"environmentVariables":{"GOOGLE_NODE_RUN_SCRIPTS":""},"dockerRepository":"projects/poppin-s-app/locations/europe-west1/repositories/gcf-artifacts","sourceProvenance":{"resolvedStorageSource":{"bucket":"gcf-v2-sources-402812477660-europe-west1","object":"cleanupOldNotifications/function-source.zip","generation":"1758733376222472"}},"dockerRegistry":"ARTIFACT_REGISTRY","sourceToken":"Clhwcm9qZWN0cy80MDI4MTI0Nzc2NjAvbG9jYXRpb25zL2V1cm9wZS13ZXN0MS9idWlsZHMvODY3N2E5NzktNjBkNy00YmZhLTk4MmUtYmM1MWRkZmZmZjk1EnRldXJvcGUtd2VzdDEtZG9ja2VyLnBrZy5kZXYvcG9wcGluLXMtYXBwL2djZi1hcnRpZmFjdHMvcG9wcGluLS1zLS1hcHBfX2V1cm9wZS0td2VzdDFfX3NlbmRfZW1haWxfdG9fcGFyZW50OnZlcnNpb25fMRjcwfrL3AsiSHByb2plY3RzL3BvcHBpbi1zLWFwcC9sb2NhdGlvbnMvZXVyb3BlLXdlc3QxL2Z1bmN0aW9ucy9zZW5kRW1haWxUb1BhcmVudCoMCMDN0MYGEJjK0+4CMghub2RlanMyMDp3CiNnY3IuaW8vZ2FlLXJ1bnRpbWVzL25vZGVqczIwOnN0YWJsZRJQZXVyb3BlLXdlc3QxLWRvY2tlci5wa2cuZGV2L3NlcnZlcmxlc3MtcnVudGltZXMvZ29vZ2xlLTIyLWZ1bGwvcnVudGltZXMvbm9kZWpzMjBAAQ==","serviceAccount":"projects/poppin-s-app/serviceAccounts/402812477660-compute@developer.gserviceaccount.com","automaticUpdatePolicy":{}},"serviceConfig":{"service":"projects/poppin-s-app/locations/europe-west1/services/cleanupoldnotifications","timeoutSeconds":60,"environmentVariables":{"EMAIL_USER":"votre_email@gmail.com","EMAIL_PASSWORD":"votre_mot_de_passe_securise","FIREBASE_CONFIG":"{\"projectId\":\"poppin-s-app\",\"storageBucket\":\"poppin-s-app.firebasestorage.app\"}","GCLOUD_PROJECT":"poppin-s-app","EVENTARC_CLOUD_EVENT_SOURCE":"projects/poppin-s-app/locations/europe-west1/services/cleanupOldNotifications","FUNCTION_TARGET":"cleanupOldNotifications","LOG_EXECUTION_ID":"true","FUNCTION_SIGNATURE_TYPE":"http"},"ingressSettings":"ALLOW_ALL","uri":"https://cleanupoldnotifications-j3na7x5n2a-ew.a.run.app","serviceAccountEmail":"402812477660-compute@developer.gserviceaccount.com","availableMemory":"256Mi","allTrafficOnLatestRevision":true,"revision":"cleanupoldnotifications-00007-qus","maxInstanceRequestConcurrency":80,"availableCpu":"1"},"state":"ACTIVE","labels":{"deployment-tool":"cli-firebase","deployment-scheduled":"true","firebase-functions-hash":"ecbaa31c917c1fff03b9ad86e035ea77447bcf99"},"environment":"GEN_2","url":"https://europe-west1-poppin-s-app.cloudfunctions.net/cleanupOldNotifications","satisfiesPzi":true},"stages":[{"name":"BUILD","message":"Reusing build","state":"COMPLETE","resource":"projects/402812477660/locations/europe-west1/builds/8677a979-60d7-4bfa-982e-bc51ddffff95"},{"name":"SERVICE","state":"NOT_STARTED"}],"sourceToken":"Clhwcm9qZWN0cy80MDI4MTI0Nzc2NjAvbG9jYXRpb25zL2V1cm9wZS13ZXN0MS9idWlsZHMvODY3N2E5NzktNjBkNy00YmZhLTk4MmUtYmM1MWRkZmZmZjk1EnRldXJvcGUtd2VzdDEtZG9ja2VyLnBrZy5kZXYvcG9wcGluLXMtYXBwL2djZi1hcnRpZmFjdHMvcG9wcGluLS1zLS1hcHBfX2V1cm9wZS0td2VzdDFfX3NlbmRfZW1haWxfdG9fcGFyZW50OnZlcnNpb25fMRjcwfrL3AsiSHByb2plY3RzL3BvcHBpbi1zLWFwcC9sb2NhdGlvbnMvZXVyb3BlLXdlc3QxL2Z1bmN0aW9ucy9zZW5kRW1haWxUb1BhcmVudCoMCMDN0MYGEJjK0+4CMghub2RlanMyMDp3CiNnY3IuaW8vZ2FlLXJ1bnRpbWVzL25vZGVqczIwOnN0YWJsZRJQZXVyb3BlLXdlc3QxLWRvY2tlci5wa2cuZGV2L3NlcnZlcmxlc3MtcnVudGltZXMvZ29vZ2xlLTIyLWZ1bGwvcnVudGltZXMvbm9kZWpzMjBAAQ==","operationType":"UPDATE_FUNCTION","buildName":"projects/402812477660/locations/europe-west1/builds/8677a979-60d7-4bfa-982e-bc51ddffff95"},"done":false}
[debug] [2025-09-24T17:13:42.386Z] Got source token Clhwcm9qZWN0cy80MDI4MTI0Nzc2NjAvbG9jYXRpb25zL2V1cm9wZS13ZXN0MS9idWlsZHMvODY3N2E5NzktNjBkNy00YmZhLTk4MmUtYmM1MWRkZmZmZjk1EnRldXJvcGUtd2VzdDEtZG9ja2VyLnBrZy5kZXYvcG9wcGluLXMtYXBwL2djZi1hcnRpZmFjdHMvcG9wcGluLS1zLS1hcHBfX2V1cm9wZS0td2VzdDFfX3NlbmRfZW1haWxfdG9fcGFyZW50OnZlcnNpb25fMRjcwfrL3AsiSHByb2plY3RzL3BvcHBpbi1zLWFwcC9sb2NhdGlvbnMvZXVyb3BlLXdlc3QxL2Z1bmN0aW9ucy9zZW5kRW1haWxUb1BhcmVudCoMCMDN0MYGEJjK0+4CMghub2RlanMyMDp3CiNnY3IuaW8vZ2FlLXJ1bnRpbWVzL25vZGVqczIwOnN0YWJsZRJQZXVyb3BlLXdlc3QxLWRvY2tlci5wa2cuZGV2L3NlcnZlcmxlc3MtcnVudGltZXMvZ29vZ2xlLTIyLWZ1bGwvcnVudGltZXMvbm9kZWpzMjBAAQ== for region europe-west1
[debug] [2025-09-24T17:13:42.407Z] <<< [apiv2][status] GET https://cloudfunctions.googleapis.com/v2/projects/poppin-s-app/locations/europe-west1/operations/operation-1758734020361-63f8f2c89bd41-3872ef92-9d395aea 200
[debug] [2025-09-24T17:13:42.407Z] <<< [apiv2][body] GET https://cloudfunctions.googleapis.com/v2/projects/poppin-s-app/locations/europe-west1/operations/operation-1758734020361-63f8f2c89bd41-3872ef92-9d395aea {"name":"projects/poppin-s-app/locations/europe-west1/operations/operation-1758734020361-63f8f2c89bd41-3872ef92-9d395aea","metadata":{"@type":"type.googleapis.com/google.cloud.functions.v2.OperationMetadata","createTime":"2025-09-24T17:13:41.783549715Z","target":"projects/poppin-s-app/locations/europe-west1/functions/retryFailedEmails","verb":"update","cancelRequested":false,"apiVersion":"v2","requestResource":{"@type":"type.googleapis.com/google.cloud.functions.v2.Function","name":"projects/poppin-s-app/locations/europe-west1/functions/retryFailedEmails","buildConfig":{"runtime":"nodejs20","entryPoint":"retryFailedEmails","source":{"storageSource":{"bucket":"gcf-v2-sources-402812477660-europe-west1","object":"retryFailedEmails/function-source.zip","generation":"1758734021741000"}},"environmentVariables":{"GOOGLE_NODE_RUN_SCRIPTS":""},"dockerRepository":"projects/poppin-s-app/locations/europe-west1/repositories/gcf-artifacts","sourceProvenance":{"resolvedStorageSource":{"bucket":"gcf-v2-sources-402812477660-europe-west1","object":"retryFailedEmails/function-source.zip","generation":"1758733376031637"}},"dockerRegistry":"ARTIFACT_REGISTRY","sourceToken":"Clhwcm9qZWN0cy80MDI4MTI0Nzc2NjAvbG9jYXRpb25zL2V1cm9wZS13ZXN0MS9idWlsZHMvODY3N2E5NzktNjBkNy00YmZhLTk4MmUtYmM1MWRkZmZmZjk1EnRldXJvcGUtd2VzdDEtZG9ja2VyLnBrZy5kZXYvcG9wcGluLXMtYXBwL2djZi1hcnRpZmFjdHMvcG9wcGluLS1zLS1hcHBfX2V1cm9wZS0td2VzdDFfX3NlbmRfZW1haWxfdG9fcGFyZW50OnZlcnNpb25fMRjcwfrL3AsiSHByb2plY3RzL3BvcHBpbi1zLWFwcC9sb2NhdGlvbnMvZXVyb3BlLXdlc3QxL2Z1bmN0aW9ucy9zZW5kRW1haWxUb1BhcmVudCoMCMDN0MYGEJjK0+4CMghub2RlanMyMDp3CiNnY3IuaW8vZ2FlLXJ1bnRpbWVzL25vZGVqczIwOnN0YWJsZRJQZXVyb3BlLXdlc3QxLWRvY2tlci5wa2cuZGV2L3NlcnZlcmxlc3MtcnVudGltZXMvZ29vZ2xlLTIyLWZ1bGwvcnVudGltZXMvbm9kZWpzMjBAAQ==","serviceAccount":"projects/poppin-s-app/serviceAccounts/402812477660-compute@developer.gserviceaccount.com","automaticUpdatePolicy":{}},"serviceConfig":{"service":"projects/poppin-s-app/locations/europe-west1/services/retryfailedemails","timeoutSeconds":60,"environmentVariables":{"EMAIL_USER":"votre_email@gmail.com","EMAIL_PASSWORD":"votre_mot_de_passe_securise","FIREBASE_CONFIG":"{\"projectId\":\"poppin-s-app\",\"storageBucket\":\"poppin-s-app.firebasestorage.app\"}","GCLOUD_PROJECT":"poppin-s-app","EVENTARC_CLOUD_EVENT_SOURCE":"projects/poppin-s-app/locations/europe-west1/services/retryFailedEmails","FUNCTION_TARGET":"retryFailedEmails","LOG_EXECUTION_ID":"true","FUNCTION_SIGNATURE_TYPE":"http"},"ingressSettings":"ALLOW_ALL","uri":"https://retryfailedemails-j3na7x5n2a-ew.a.run.app","serviceAccountEmail":"402812477660-compute@developer.gserviceaccount.com","availableMemory":"256Mi","allTrafficOnLatestRevision":true,"revision":"retryfailedemails-00013-tip","maxInstanceRequestConcurrency":80,"availableCpu":"1"},"state":"ACTIVE","labels":{"deployment-tool":"cli-firebase","deployment-scheduled":"true","firebase-functions-hash":"ecbaa31c917c1fff03b9ad86e035ea77447bcf99"},"environment":"GEN_2","url":"https://europe-west1-poppin-s-app.cloudfunctions.net/retryFailedEmails","satisfiesPzi":true},"stages":[{"name":"BUILD","message":"Reusing build","state":"COMPLETE","resource":"projects/402812477660/locations/europe-west1/builds/8677a979-60d7-4bfa-982e-bc51ddffff95"},{"name":"SERVICE","state":"NOT_STARTED"}],"sourceToken":"Clhwcm9qZWN0cy80MDI4MTI0Nzc2NjAvbG9jYXRpb25zL2V1cm9wZS13ZXN0MS9idWlsZHMvODY3N2E5NzktNjBkNy00YmZhLTk4MmUtYmM1MWRkZmZmZjk1EnRldXJvcGUtd2VzdDEtZG9ja2VyLnBrZy5kZXYvcG9wcGluLXMtYXBwL2djZi1hcnRpZmFjdHMvcG9wcGluLS1zLS1hcHBfX2V1cm9wZS0td2VzdDFfX3NlbmRfZW1haWxfdG9fcGFyZW50OnZlcnNpb25fMRjcwfrL3AsiSHByb2plY3RzL3BvcHBpbi1zLWFwcC9sb2NhdGlvbnMvZXVyb3BlLXdlc3QxL2Z1bmN0aW9ucy9zZW5kRW1haWxUb1BhcmVudCoMCMDN0MYGEJjK0+4CMghub2RlanMyMDp3CiNnY3IuaW8vZ2FlLXJ1bnRpbWVzL25vZGVqczIwOnN0YWJsZRJQZXVyb3BlLXdlc3QxLWRvY2tlci5wa2cuZGV2L3NlcnZlcmxlc3MtcnVudGltZXMvZ29vZ2xlLTIyLWZ1bGwvcnVudGltZXMvbm9kZWpzMjBAAQ==","operationType":"UPDATE_FUNCTION","buildName":"projects/402812477660/locations/europe-west1/builds/8677a979-60d7-4bfa-982e-bc51ddffff95"},"done":false}
[debug] [2025-09-24T17:13:42.407Z] Got source token Clhwcm9qZWN0cy80MDI4MTI0Nzc2NjAvbG9jYXRpb25zL2V1cm9wZS13ZXN0MS9idWlsZHMvODY3N2E5NzktNjBkNy00YmZhLTk4MmUtYmM1MWRkZmZmZjk1EnRldXJvcGUtd2VzdDEtZG9ja2VyLnBrZy5kZXYvcG9wcGluLXMtYXBwL2djZi1hcnRpZmFjdHMvcG9wcGluLS1zLS1hcHBfX2V1cm9wZS0td2VzdDFfX3NlbmRfZW1haWxfdG9fcGFyZW50OnZlcnNpb25fMRjcwfrL3AsiSHByb2plY3RzL3BvcHBpbi1zLWFwcC9sb2NhdGlvbnMvZXVyb3BlLXdlc3QxL2Z1bmN0aW9ucy9zZW5kRW1haWxUb1BhcmVudCoMCMDN0MYGEJjK0+4CMghub2RlanMyMDp3CiNnY3IuaW8vZ2FlLXJ1bnRpbWVzL25vZGVqczIwOnN0YWJsZRJQZXVyb3BlLXdlc3QxLWRvY2tlci5wa2cuZGV2L3NlcnZlcmxlc3MtcnVudGltZXMvZ29vZ2xlLTIyLWZ1bGwvcnVudGltZXMvbm9kZWpzMjBAAQ== for region europe-west1
[debug] [2025-09-24T17:13:42.441Z] <<< [apiv2][status] GET https://cloudfunctions.googleapis.com/v2/projects/poppin-s-app/locations/europe-west1/operations/operation-1758734020383-63f8f2c8a14e7-6d5755d8-15ed11fb 200
[debug] [2025-09-24T17:13:42.441Z] <<< [apiv2][body] GET https://cloudfunctions.googleapis.com/v2/projects/poppin-s-app/locations/europe-west1/operations/operation-1758734020383-63f8f2c8a14e7-6d5755d8-15ed11fb {"name":"projects/poppin-s-app/locations/europe-west1/operations/operation-1758734020383-63f8f2c8a14e7-6d5755d8-15ed11fb","metadata":{"@type":"type.googleapis.com/google.cloud.functions.v2.OperationMetadata","createTime":"2025-09-24T17:13:41.803708058Z","target":"projects/poppin-s-app/locations/europe-west1/functions/cancelDelegation","verb":"update","cancelRequested":false,"apiVersion":"v2","requestResource":{"@type":"type.googleapis.com/google.cloud.functions.v2.Function","name":"projects/poppin-s-app/locations/europe-west1/functions/cancelDelegation","buildConfig":{"runtime":"nodejs20","entryPoint":"cancelDelegation","source":{"storageSource":{"bucket":"gcf-v2-sources-402812477660-europe-west1","object":"cancelDelegation/function-source.zip","generation":"1758734021764882"}},"environmentVariables":{"GOOGLE_NODE_RUN_SCRIPTS":""},"dockerRepository":"projects/poppin-s-app/locations/europe-west1/repositories/gcf-artifacts","sourceProvenance":{"resolvedStorageSource":{"bucket":"gcf-v2-sources-402812477660-europe-west1","object":"cancelDelegation/function-source.zip","generation":"1758733376075305"}},"dockerRegistry":"ARTIFACT_REGISTRY","sourceToken":"Clhwcm9qZWN0cy80MDI4MTI0Nzc2NjAvbG9jYXRpb25zL2V1cm9wZS13ZXN0MS9idWlsZHMvODY3N2E5NzktNjBkNy00YmZhLTk4MmUtYmM1MWRkZmZmZjk1EnRldXJvcGUtd2VzdDEtZG9ja2VyLnBrZy5kZXYvcG9wcGluLXMtYXBwL2djZi1hcnRpZmFjdHMvcG9wcGluLS1zLS1hcHBfX2V1cm9wZS0td2VzdDFfX3NlbmRfZW1haWxfdG9fcGFyZW50OnZlcnNpb25fMRjcwfrL3AsiSHByb2plY3RzL3BvcHBpbi1zLWFwcC9sb2NhdGlvbnMvZXVyb3BlLXdlc3QxL2Z1bmN0aW9ucy9zZW5kRW1haWxUb1BhcmVudCoMCMDN0MYGEJjK0+4CMghub2RlanMyMDp3CiNnY3IuaW8vZ2FlLXJ1bnRpbWVzL25vZGVqczIwOnN0YWJsZRJQZXVyb3BlLXdlc3QxLWRvY2tlci5wa2cuZGV2L3NlcnZlcmxlc3MtcnVudGltZXMvZ29vZ2xlLTIyLWZ1bGwvcnVudGltZXMvbm9kZWpzMjBAAQ==","serviceAccount":"projects/poppin-s-app/serviceAccounts/402812477660-compute@developer.gserviceaccount.com","automaticUpdatePolicy":{}},"serviceConfig":{"service":"projects/poppin-s-app/locations/europe-west1/services/canceldelegation","timeoutSeconds":60,"environmentVariables":{"EMAIL_USER":"votre_email@gmail.com","EMAIL_PASSWORD":"votre_mot_de_passe_securise","FIREBASE_CONFIG":"{\"projectId\":\"poppin-s-app\",\"storageBucket\":\"poppin-s-app.firebasestorage.app\"}","GCLOUD_PROJECT":"poppin-s-app","EVENTARC_CLOUD_EVENT_SOURCE":"projects/poppin-s-app/locations/europe-west1/services/cancelDelegation","FUNCTION_TARGET":"cancelDelegation","LOG_EXECUTION_ID":"true","FUNCTION_SIGNATURE_TYPE":"http"},"ingressSettings":"ALLOW_ALL","uri":"https://canceldelegation-j3na7x5n2a-ew.a.run.app","serviceAccountEmail":"402812477660-compute@developer.gserviceaccount.com","availableMemory":"256Mi","allTrafficOnLatestRevision":true,"revision":"canceldelegation-00004-ruw","maxInstanceRequestConcurrency":80,"availableCpu":"1"},"state":"ACTIVE","labels":{"deployment-tool":"cli-firebase","deployment-callable":"true","firebase-functions-hash":"ecbaa31c917c1fff03b9ad86e035ea77447bcf99"},"environment":"GEN_2","url":"https://europe-west1-poppin-s-app.cloudfunctions.net/cancelDelegation","satisfiesPzi":true},"stages":[{"name":"BUILD","message":"Reusing build","state":"COMPLETE","resource":"projects/402812477660/locations/europe-west1/builds/8677a979-60d7-4bfa-982e-bc51ddffff95"},{"name":"SERVICE","state":"NOT_STARTED"}],"sourceToken":"Clhwcm9qZWN0cy80MDI4MTI0Nzc2NjAvbG9jYXRpb25zL2V1cm9wZS13ZXN0MS9idWlsZHMvODY3N2E5NzktNjBkNy00YmZhLTk4MmUtYmM1MWRkZmZmZjk1EnRldXJvcGUtd2VzdDEtZG9ja2VyLnBrZy5kZXYvcG9wcGluLXMtYXBwL2djZi1hcnRpZmFjdHMvcG9wcGluLS1zLS1hcHBfX2V1cm9wZS0td2VzdDFfX3NlbmRfZW1haWxfdG9fcGFyZW50OnZlcnNpb25fMRjcwfrL3AsiSHByb2plY3RzL3BvcHBpbi1zLWFwcC9sb2NhdGlvbnMvZXVyb3BlLXdlc3QxL2Z1bmN0aW9ucy9zZW5kRW1haWxUb1BhcmVudCoMCMDN0MYGEJjK0+4CMghub2RlanMyMDp3CiNnY3IuaW8vZ2FlLXJ1bnRpbWVzL25vZGVqczIwOnN0YWJsZRJQZXVyb3BlLXdlc3QxLWRvY2tlci5wa2cuZGV2L3NlcnZlcmxlc3MtcnVudGltZXMvZ29vZ2xlLTIyLWZ1bGwvcnVudGltZXMvbm9kZWpzMjBAAQ==","operationType":"UPDATE_FUNCTION","buildName":"projects/402812477660/locations/europe-west1/builds/8677a979-60d7-4bfa-982e-bc51ddffff95"},"done":false}
[debug] [2025-09-24T17:13:42.441Z] Got source token Clhwcm9qZWN0cy80MDI4MTI0Nzc2NjAvbG9jYXRpb25zL2V1cm9wZS13ZXN0MS9idWlsZHMvODY3N2E5NzktNjBkNy00YmZhLTk4MmUtYmM1MWRkZmZmZjk1EnRldXJvcGUtd2VzdDEtZG9ja2VyLnBrZy5kZXYvcG9wcGluLXMtYXBwL2djZi1hcnRpZmFjdHMvcG9wcGluLS1zLS1hcHBfX2V1cm9wZS0td2VzdDFfX3NlbmRfZW1haWxfdG9fcGFyZW50OnZlcnNpb25fMRjcwfrL3AsiSHByb2plY3RzL3BvcHBpbi1zLWFwcC9sb2NhdGlvbnMvZXVyb3BlLXdlc3QxL2Z1bmN0aW9ucy9zZW5kRW1haWxUb1BhcmVudCoMCMDN0MYGEJjK0+4CMghub2RlanMyMDp3CiNnY3IuaW8vZ2FlLXJ1bnRpbWVzL25vZGVqczIwOnN0YWJsZRJQZXVyb3BlLXdlc3QxLWRvY2tlci5wa2cuZGV2L3NlcnZlcmxlc3MtcnVudGltZXMvZ29vZ2xlLTIyLWZ1bGwvcnVudGltZXMvbm9kZWpzMjBAAQ== for region europe-west1
[debug] [2025-09-24T17:13:42.453Z] [update-default-europe-west1-acceptDelegation] Retrying task index 0
[debug] [2025-09-24T17:13:42.453Z] Checked if tokens are valid: true, expires at: 1758736880538
[debug] [2025-09-24T17:13:42.454Z] Checked if tokens are valid: true, expires at: 1758736880538
[debug] [2025-09-24T17:13:42.454Z] >>> [apiv2][query] GET https://cloudfunctions.googleapis.com/v2/projects/poppin-s-app/locations/europe-west1/operations/operation-1758734020331-63f8f2c894786-13e1ccfa-dd435520 [none]
[debug] [2025-09-24T17:13:42.503Z] [update-default-europe-west1-onNewMessage] Retrying task index 0
[debug] [2025-09-24T17:13:42.503Z] Checked if tokens are valid: true, expires at: 1758736880538
[debug] [2025-09-24T17:13:42.503Z] Checked if tokens are valid: true, expires at: 1758736880538
[debug] [2025-09-24T17:13:42.504Z] >>> [apiv2][query] GET https://cloudfunctions.googleapis.com/v2/projects/poppin-s-app/locations/europe-west1/operations/operation-1758734020383-63f8f2c8a14a2-37bbcb92-d73fd8d9 [none]
[debug] [2025-09-24T17:13:42.518Z] <<< [apiv2][status] GET https://cloudfunctions.googleapis.com/v2/projects/poppin-s-app/locations/europe-west1/operations/operation-1758734020331-63f8f2c894786-13e1ccfa-dd435520 200
[debug] [2025-09-24T17:13:42.518Z] <<< [apiv2][body] GET https://cloudfunctions.googleapis.com/v2/projects/poppin-s-app/locations/europe-west1/operations/operation-1758734020331-63f8f2c894786-13e1ccfa-dd435520 {"name":"projects/poppin-s-app/locations/europe-west1/operations/operation-1758734020331-63f8f2c894786-13e1ccfa-dd435520","metadata":{"@type":"type.googleapis.com/google.cloud.functions.v2.OperationMetadata","createTime":"2025-09-24T17:13:41.884606757Z","target":"projects/poppin-s-app/locations/europe-west1/functions/acceptDelegation","verb":"update","cancelRequested":false,"apiVersion":"v2","requestResource":{"@type":"type.googleapis.com/google.cloud.functions.v2.Function","name":"projects/poppin-s-app/locations/europe-west1/functions/acceptDelegation","buildConfig":{"runtime":"nodejs20","entryPoint":"acceptDelegation","source":{"storageSource":{"bucket":"gcf-v2-sources-402812477660-europe-west1","object":"acceptDelegation/function-source.zip","generation":"1758734021843027"}},"environmentVariables":{"GOOGLE_NODE_RUN_SCRIPTS":""},"dockerRepository":"projects/poppin-s-app/locations/europe-west1/repositories/gcf-artifacts","sourceProvenance":{"resolvedStorageSource":{"bucket":"gcf-v2-sources-402812477660-europe-west1","object":"acceptDelegation/function-source.zip","generation":"1758733375803976"}},"dockerRegistry":"ARTIFACT_REGISTRY","sourceToken":"Clhwcm9qZWN0cy80MDI4MTI0Nzc2NjAvbG9jYXRpb25zL2V1cm9wZS13ZXN0MS9idWlsZHMvODY3N2E5NzktNjBkNy00YmZhLTk4MmUtYmM1MWRkZmZmZjk1EnRldXJvcGUtd2VzdDEtZG9ja2VyLnBrZy5kZXYvcG9wcGluLXMtYXBwL2djZi1hcnRpZmFjdHMvcG9wcGluLS1zLS1hcHBfX2V1cm9wZS0td2VzdDFfX3NlbmRfZW1haWxfdG9fcGFyZW50OnZlcnNpb25fMRjcwfrL3AsiSHByb2plY3RzL3BvcHBpbi1zLWFwcC9sb2NhdGlvbnMvZXVyb3BlLXdlc3QxL2Z1bmN0aW9ucy9zZW5kRW1haWxUb1BhcmVudCoMCMDN0MYGEJjK0+4CMghub2RlanMyMDp3CiNnY3IuaW8vZ2FlLXJ1bnRpbWVzL25vZGVqczIwOnN0YWJsZRJQZXVyb3BlLXdlc3QxLWRvY2tlci5wa2cuZGV2L3NlcnZlcmxlc3MtcnVudGltZXMvZ29vZ2xlLTIyLWZ1bGwvcnVudGltZXMvbm9kZWpzMjBAAQ==","serviceAccount":"projects/poppin-s-app/serviceAccounts/402812477660-compute@developer.gserviceaccount.com","automaticUpdatePolicy":{}},"serviceConfig":{"service":"projects/poppin-s-app/locations/europe-west1/services/acceptdelegation","timeoutSeconds":60,"environmentVariables":{"EMAIL_USER":"votre_email@gmail.com","EMAIL_PASSWORD":"votre_mot_de_passe_securise","FIREBASE_CONFIG":"{\"projectId\":\"poppin-s-app\",\"storageBucket\":\"poppin-s-app.firebasestorage.app\"}","GCLOUD_PROJECT":"poppin-s-app","EVENTARC_CLOUD_EVENT_SOURCE":"projects/poppin-s-app/locations/europe-west1/services/acceptDelegation","FUNCTION_TARGET":"acceptDelegation","LOG_EXECUTION_ID":"true","FUNCTION_SIGNATURE_TYPE":"http"},"ingressSettings":"ALLOW_ALL","uri":"https://acceptdelegation-j3na7x5n2a-ew.a.run.app","serviceAccountEmail":"402812477660-compute@developer.gserviceaccount.com","availableMemory":"256Mi","allTrafficOnLatestRevision":true,"revision":"acceptdelegation-00004-zug","maxInstanceRequestConcurrency":80,"availableCpu":"1"},"state":"ACTIVE","labels":{"deployment-tool":"cli-firebase","deployment-callable":"true","firebase-functions-hash":"ecbaa31c917c1fff03b9ad86e035ea77447bcf99"},"environment":"GEN_2","url":"https://europe-west1-poppin-s-app.cloudfunctions.net/acceptDelegation","satisfiesPzi":true},"stages":[{"name":"BUILD","message":"Reusing build","state":"COMPLETE","resource":"projects/402812477660/locations/europe-west1/builds/8677a979-60d7-4bfa-982e-bc51ddffff95"},{"name":"SERVICE","state":"NOT_STARTED"}],"sourceToken":"Clhwcm9qZWN0cy80MDI4MTI0Nzc2NjAvbG9jYXRpb25zL2V1cm9wZS13ZXN0MS9idWlsZHMvODY3N2E5NzktNjBkNy00YmZhLTk4MmUtYmM1MWRkZmZmZjk1EnRldXJvcGUtd2VzdDEtZG9ja2VyLnBrZy5kZXYvcG9wcGluLXMtYXBwL2djZi1hcnRpZmFjdHMvcG9wcGluLS1zLS1hcHBfX2V1cm9wZS0td2VzdDFfX3NlbmRfZW1haWxfdG9fcGFyZW50OnZlcnNpb25fMRjcwfrL3AsiSHByb2plY3RzL3BvcHBpbi1zLWFwcC9sb2NhdGlvbnMvZXVyb3BlLXdlc3QxL2Z1bmN0aW9ucy9zZW5kRW1haWxUb1BhcmVudCoMCMDN0MYGEJjK0+4CMghub2RlanMyMDp3CiNnY3IuaW8vZ2FlLXJ1bnRpbWVzL25vZGVqczIwOnN0YWJsZRJQZXVyb3BlLXdlc3QxLWRvY2tlci5wa2cuZGV2L3NlcnZlcmxlc3MtcnVudGltZXMvZ29vZ2xlLTIyLWZ1bGwvcnVudGltZXMvbm9kZWpzMjBAAQ==","operationType":"UPDATE_FUNCTION","buildName":"projects/402812477660/locations/europe-west1/builds/8677a979-60d7-4bfa-982e-bc51ddffff95"},"done":false}
[debug] [2025-09-24T17:13:42.518Z] Got source token Clhwcm9qZWN0cy80MDI4MTI0Nzc2NjAvbG9jYXRpb25zL2V1cm9wZS13ZXN0MS9idWlsZHMvODY3N2E5NzktNjBkNy00YmZhLTk4MmUtYmM1MWRkZmZmZjk1EnRldXJvcGUtd2VzdDEtZG9ja2VyLnBrZy5kZXYvcG9wcGluLXMtYXBwL2djZi1hcnRpZmFjdHMvcG9wcGluLS1zLS1hcHBfX2V1cm9wZS0td2VzdDFfX3NlbmRfZW1haWxfdG9fcGFyZW50OnZlcnNpb25fMRjcwfrL3AsiSHByb2plY3RzL3BvcHBpbi1zLWFwcC9sb2NhdGlvbnMvZXVyb3BlLXdlc3QxL2Z1bmN0aW9ucy9zZW5kRW1haWxUb1BhcmVudCoMCMDN0MYGEJjK0+4CMghub2RlanMyMDp3CiNnY3IuaW8vZ2FlLXJ1bnRpbWVzL25vZGVqczIwOnN0YWJsZRJQZXVyb3BlLXdlc3QxLWRvY2tlci5wa2cuZGV2L3NlcnZlcmxlc3MtcnVudGltZXMvZ29vZ2xlLTIyLWZ1bGwvcnVudGltZXMvbm9kZWpzMjBAAQ== for region europe-west1
[debug] [2025-09-24T17:13:42.530Z] [update-default-europe-west1-onDelegationCreated] Retrying task index 0
[debug] [2025-09-24T17:13:42.530Z] Checked if tokens are valid: true, expires at: 1758736880538
[debug] [2025-09-24T17:13:42.530Z] Checked if tokens are valid: true, expires at: 1758736880538
[debug] [2025-09-24T17:13:42.530Z] >>> [apiv2][query] GET https://cloudfunctions.googleapis.com/v2/projects/poppin-s-app/locations/europe-west1/operations/operation-1758734020365-63f8f2c89cb81-055d6225-33c66182 [none]
[debug] [2025-09-24T17:13:42.532Z] [update-default-europe-west1-onStockNeedsUpdated] Retrying task index 0
[debug] [2025-09-24T17:13:42.532Z] Checked if tokens are valid: true, expires at: 1758736880538
[debug] [2025-09-24T17:13:42.532Z] Checked if tokens are valid: true, expires at: 1758736880538
[debug] [2025-09-24T17:13:42.533Z] >>> [apiv2][query] GET https://cloudfunctions.googleapis.com/v2/projects/poppin-s-app/locations/europe-west1/operations/operation-1758734020370-63f8f2c89e1f0-de4c0a3a-44a19313 [none]
[debug] [2025-09-24T17:13:42.554Z] <<< [apiv2][status] GET https://cloudfunctions.googleapis.com/v2/projects/poppin-s-app/locations/europe-west1/operations/operation-1758734020383-63f8f2c8a14a2-37bbcb92-d73fd8d9 200
[debug] [2025-09-24T17:13:42.554Z] <<< [apiv2][body] GET https://cloudfunctions.googleapis.com/v2/projects/poppin-s-app/locations/europe-west1/operations/operation-1758734020383-63f8f2c8a14a2-37bbcb92-d73fd8d9 {"name":"projects/poppin-s-app/locations/europe-west1/operations/operation-1758734020383-63f8f2c8a14a2-37bbcb92-d73fd8d9","metadata":{"@type":"type.googleapis.com/google.cloud.functions.v2.OperationMetadata","createTime":"2025-09-24T17:13:41.924675768Z","target":"projects/poppin-s-app/locations/europe-west1/functions/onNewMessage","verb":"update","cancelRequested":false,"apiVersion":"v2","requestResource":{"@type":"type.googleapis.com/google.cloud.functions.v2.Function","name":"projects/poppin-s-app/locations/europe-west1/functions/onNewMessage","buildConfig":{"runtime":"nodejs20","entryPoint":"onNewMessage","source":{"storageSource":{"bucket":"gcf-v2-sources-402812477660-europe-west1","object":"onNewMessage/function-source.zip","generation":"1758734021881509"}},"environmentVariables":{"GOOGLE_NODE_RUN_SCRIPTS":""},"dockerRepository":"projects/poppin-s-app/locations/europe-west1/repositories/gcf-artifacts","sourceProvenance":{"resolvedStorageSource":{"bucket":"gcf-v2-sources-402812477660-europe-west1","object":"onNewMessage/function-source.zip","generation":"1758733376447997"}},"dockerRegistry":"ARTIFACT_REGISTRY","sourceToken":"Clhwcm9qZWN0cy80MDI4MTI0Nzc2NjAvbG9jYXRpb25zL2V1cm9wZS13ZXN0MS9idWlsZHMvODY3N2E5NzktNjBkNy00YmZhLTk4MmUtYmM1MWRkZmZmZjk1EnRldXJvcGUtd2VzdDEtZG9ja2VyLnBrZy5kZXYvcG9wcGluLXMtYXBwL2djZi1hcnRpZmFjdHMvcG9wcGluLS1zLS1hcHBfX2V1cm9wZS0td2VzdDFfX3NlbmRfZW1haWxfdG9fcGFyZW50OnZlcnNpb25fMRjcwfrL3AsiSHByb2plY3RzL3BvcHBpbi1zLWFwcC9sb2NhdGlvbnMvZXVyb3BlLXdlc3QxL2Z1bmN0aW9ucy9zZW5kRW1haWxUb1BhcmVudCoMCMDN0MYGEJjK0+4CMghub2RlanMyMDp3CiNnY3IuaW8vZ2FlLXJ1bnRpbWVzL25vZGVqczIwOnN0YWJsZRJQZXVyb3BlLXdlc3QxLWRvY2tlci5wa2cuZGV2L3NlcnZlcmxlc3MtcnVudGltZXMvZ29vZ2xlLTIyLWZ1bGwvcnVudGltZXMvbm9kZWpzMjBAAQ==","serviceAccount":"projects/poppin-s-app/serviceAccounts/402812477660-compute@developer.gserviceaccount.com","automaticUpdatePolicy":{}},"serviceConfig":{"service":"projects/poppin-s-app/locations/europe-west1/services/onnewmessage","timeoutSeconds":60,"environmentVariables":{"EMAIL_USER":"votre_email@gmail.com","EMAIL_PASSWORD":"votre_mot_de_passe_securise","FIREBASE_CONFIG":"{\"projectId\":\"poppin-s-app\",\"storageBucket\":\"poppin-s-app.firebasestorage.app\"}","GCLOUD_PROJECT":"poppin-s-app","EVENTARC_CLOUD_EVENT_SOURCE":"projects/poppin-s-app/locations/europe-west1/services/onNewMessage","FUNCTION_SIGNATURE_TYPE":"cloudevent","FUNCTION_TARGET":"onNewMessage","LOG_EXECUTION_ID":"true"},"ingressSettings":"ALLOW_ALL","uri":"https://onnewmessage-j3na7x5n2a-ew.a.run.app","serviceAccountEmail":"402812477660-compute@developer.gserviceaccount.com","availableMemory":"256Mi","allTrafficOnLatestRevision":true,"revision":"onnewmessage-00007-paf","maxInstanceRequestConcurrency":80,"availableCpu":"1"},"eventTrigger":{"trigger":"projects/poppin-s-app/locations/europe-west9/triggers/onnewmessage-930037","triggerRegion":"europe-west9","eventType":"google.cloud.firestore.document.v1.created","eventFilters":[{"attribute":"database","value":"(default)"},{"attribute":"namespace","value":"(default)"},{"attribute":"document","value":"exchanges/{messageId}","operator":"match-path-pattern"}],"pubsubTopic":"projects/poppin-s-app/topics/eventarc-europe-west9-onnewmessage-930037-538","serviceAccountEmail":"402812477660-compute@developer.gserviceaccount.com","retryPolicy":"RETRY_POLICY_DO_NOT_RETRY"},"state":"ACTIVE","labels":{"deployment-tool":"cli-firebase","firebase-functions-hash":"ecbaa31c917c1fff03b9ad86e035ea77447bcf99"},"environment":"GEN_2","url":"https://europe-west1-poppin-s-app.cloudfunctions.net/onNewMessage","satisfiesPzi":true},"stages":[{"name":"BUILD","message":"Reusing build","state":"COMPLETE","resource":"projects/402812477660/locations/europe-west1/builds/8677a979-60d7-4bfa-982e-bc51ddffff95"},{"name":"SERVICE","state":"NOT_STARTED"},{"name":"TRIGGER","state":"NOT_STARTED"}],"sourceToken":"Clhwcm9qZWN0cy80MDI4MTI0Nzc2NjAvbG9jYXRpb25zL2V1cm9wZS13ZXN0MS9idWlsZHMvODY3N2E5NzktNjBkNy00YmZhLTk4MmUtYmM1MWRkZmZmZjk1EnRldXJvcGUtd2VzdDEtZG9ja2VyLnBrZy5kZXYvcG9wcGluLXMtYXBwL2djZi1hcnRpZmFjdHMvcG9wcGluLS1zLS1hcHBfX2V1cm9wZS0td2VzdDFfX3NlbmRfZW1haWxfdG9fcGFyZW50OnZlcnNpb25fMRjcwfrL3AsiSHByb2plY3RzL3BvcHBpbi1zLWFwcC9sb2NhdGlvbnMvZXVyb3BlLXdlc3QxL2Z1bmN0aW9ucy9zZW5kRW1haWxUb1BhcmVudCoMCMDN0MYGEJjK0+4CMghub2RlanMyMDp3CiNnY3IuaW8vZ2FlLXJ1bnRpbWVzL25vZGVqczIwOnN0YWJsZRJQZXVyb3BlLXdlc3QxLWRvY2tlci5wa2cuZGV2L3NlcnZlcmxlc3MtcnVudGltZXMvZ29vZ2xlLTIyLWZ1bGwvcnVudGltZXMvbm9kZWpzMjBAAQ==","operationType":"UPDATE_FUNCTION","buildName":"projects/402812477660/locations/europe-west1/builds/8677a979-60d7-4bfa-982e-bc51ddffff95"},"done":false}
[debug] [2025-09-24T17:13:42.554Z] Got source token Clhwcm9qZWN0cy80MDI4MTI0Nzc2NjAvbG9jYXRpb25zL2V1cm9wZS13ZXN0MS9idWlsZHMvODY3N2E5NzktNjBkNy00YmZhLTk4MmUtYmM1MWRkZmZmZjk1EnRldXJvcGUtd2VzdDEtZG9ja2VyLnBrZy5kZXYvcG9wcGluLXMtYXBwL2djZi1hcnRpZmFjdHMvcG9wcGluLS1zLS1hcHBfX2V1cm9wZS0td2VzdDFfX3NlbmRfZW1haWxfdG9fcGFyZW50OnZlcnNpb25fMRjcwfrL3AsiSHByb2plY3RzL3BvcHBpbi1zLWFwcC9sb2NhdGlvbnMvZXVyb3BlLXdlc3QxL2Z1bmN0aW9ucy9zZW5kRW1haWxUb1BhcmVudCoMCMDN0MYGEJjK0+4CMghub2RlanMyMDp3CiNnY3IuaW8vZ2FlLXJ1bnRpbWVzL25vZGVqczIwOnN0YWJsZRJQZXVyb3BlLXdlc3QxLWRvY2tlci5wa2cuZGV2L3NlcnZlcmxlc3MtcnVudGltZXMvZ29vZ2xlLTIyLWZ1bGwvcnVudGltZXMvbm9kZWpzMjBAAQ== for region europe-west1
[debug] [2025-09-24T17:13:42.578Z] <<< [apiv2][status] GET https://cloudfunctions.googleapis.com/v2/projects/poppin-s-app/locations/europe-west1/operations/operation-1758734020365-63f8f2c89cb81-055d6225-33c66182 200
[debug] [2025-09-24T17:13:42.578Z] <<< [apiv2][body] GET https://cloudfunctions.googleapis.com/v2/projects/poppin-s-app/locations/europe-west1/operations/operation-1758734020365-63f8f2c89cb81-055d6225-33c66182 {"name":"projects/poppin-s-app/locations/europe-west1/operations/operation-1758734020365-63f8f2c89cb81-055d6225-33c66182","metadata":{"@type":"type.googleapis.com/google.cloud.functions.v2.OperationMetadata","createTime":"2025-09-24T17:13:41.943695149Z","target":"projects/poppin-s-app/locations/europe-west1/functions/onDelegationCreated","verb":"update","cancelRequested":false,"apiVersion":"v2","requestResource":{"@type":"type.googleapis.com/google.cloud.functions.v2.Function","name":"projects/poppin-s-app/locations/europe-west1/functions/onDelegationCreated","buildConfig":{"runtime":"nodejs20","entryPoint":"onDelegationCreated","source":{"storageSource":{"bucket":"gcf-v2-sources-402812477660-europe-west1","object":"onDelegationCreated/function-source.zip","generation":"1758734021899379"}},"environmentVariables":{"GOOGLE_NODE_RUN_SCRIPTS":""},"dockerRepository":"projects/poppin-s-app/locations/europe-west1/repositories/gcf-artifacts","sourceProvenance":{"resolvedStorageSource":{"bucket":"gcf-v2-sources-402812477660-europe-west1","object":"onDelegationCreated/function-source.zip","generation":"1758733376459632"}},"dockerRegistry":"ARTIFACT_REGISTRY","sourceToken":"Clhwcm9qZWN0cy80MDI4MTI0Nzc2NjAvbG9jYXRpb25zL2V1cm9wZS13ZXN0MS9idWlsZHMvODY3N2E5NzktNjBkNy00YmZhLTk4MmUtYmM1MWRkZmZmZjk1EnRldXJvcGUtd2VzdDEtZG9ja2VyLnBrZy5kZXYvcG9wcGluLXMtYXBwL2djZi1hcnRpZmFjdHMvcG9wcGluLS1zLS1hcHBfX2V1cm9wZS0td2VzdDFfX3NlbmRfZW1haWxfdG9fcGFyZW50OnZlcnNpb25fMRjcwfrL3AsiSHByb2plY3RzL3BvcHBpbi1zLWFwcC9sb2NhdGlvbnMvZXVyb3BlLXdlc3QxL2Z1bmN0aW9ucy9zZW5kRW1haWxUb1BhcmVudCoMCMDN0MYGEJjK0+4CMghub2RlanMyMDp3CiNnY3IuaW8vZ2FlLXJ1bnRpbWVzL25vZGVqczIwOnN0YWJsZRJQZXVyb3BlLXdlc3QxLWRvY2tlci5wa2cuZGV2L3NlcnZlcmxlc3MtcnVudGltZXMvZ29vZ2xlLTIyLWZ1bGwvcnVudGltZXMvbm9kZWpzMjBAAQ==","serviceAccount":"projects/poppin-s-app/serviceAccounts/402812477660-compute@developer.gserviceaccount.com","automaticUpdatePolicy":{}},"serviceConfig":{"service":"projects/poppin-s-app/locations/europe-west1/services/ondelegationcreated","timeoutSeconds":60,"environmentVariables":{"EMAIL_USER":"votre_email@gmail.com","EMAIL_PASSWORD":"votre_mot_de_passe_securise","FIREBASE_CONFIG":"{\"projectId\":\"poppin-s-app\",\"storageBucket\":\"poppin-s-app.firebasestorage.app\"}","GCLOUD_PROJECT":"poppin-s-app","EVENTARC_CLOUD_EVENT_SOURCE":"projects/poppin-s-app/locations/europe-west1/services/onDelegationCreated","FUNCTION_SIGNATURE_TYPE":"cloudevent","FUNCTION_TARGET":"onDelegationCreated","LOG_EXECUTION_ID":"true"},"ingressSettings":"ALLOW_ALL","uri":"https://ondelegationcreated-j3na7x5n2a-ew.a.run.app","serviceAccountEmail":"402812477660-compute@developer.gserviceaccount.com","availableMemory":"256Mi","allTrafficOnLatestRevision":true,"revision":"ondelegationcreated-00003-zeg","maxInstanceRequestConcurrency":80,"availableCpu":"1"},"eventTrigger":{"trigger":"projects/poppin-s-app/locations/europe-west9/triggers/ondelegationcreated-613746","triggerRegion":"europe-west9","eventType":"google.cloud.firestore.document.v1.created","eventFilters":[{"attribute":"database","value":"(default)"},{"attribute":"namespace","value":"(default)"},{"attribute":"document","value":"structures/{structureId}/delegations/{delegationId}","operator":"match-path-pattern"}],"pubsubTopic":"projects/poppin-s-app/topics/eventarc-europe-west9-ondelegationcreated-613746-417","serviceAccountEmail":"402812477660-compute@developer.gserviceaccount.com","retryPolicy":"RETRY_POLICY_DO_NOT_RETRY"},"state":"ACTIVE","labels":{"deployment-tool":"cli-firebase","firebase-functions-hash":"ecbaa31c917c1fff03b9ad86e035ea77447bcf99"},"environment":"GEN_2","url":"https://europe-west1-poppin-s-app.cloudfunctions.net/onDelegationCreated","satisfiesPzi":true},"stages":[{"name":"BUILD","message":"Reusing build","state":"COMPLETE","resource":"projects/402812477660/locations/europe-west1/builds/8677a979-60d7-4bfa-982e-bc51ddffff95"},{"name":"SERVICE","state":"NOT_STARTED"},{"name":"TRIGGER","state":"NOT_STARTED"}],"sourceToken":"Clhwcm9qZWN0cy80MDI4MTI0Nzc2NjAvbG9jYXRpb25zL2V1cm9wZS13ZXN0MS9idWlsZHMvODY3N2E5NzktNjBkNy00YmZhLTk4MmUtYmM1MWRkZmZmZjk1EnRldXJvcGUtd2VzdDEtZG9ja2VyLnBrZy5kZXYvcG9wcGluLXMtYXBwL2djZi1hcnRpZmFjdHMvcG9wcGluLS1zLS1hcHBfX2V1cm9wZS0td2VzdDFfX3NlbmRfZW1haWxfdG9fcGFyZW50OnZlcnNpb25fMRjcwfrL3AsiSHByb2plY3RzL3BvcHBpbi1zLWFwcC9sb2NhdGlvbnMvZXVyb3BlLXdlc3QxL2Z1bmN0aW9ucy9zZW5kRW1haWxUb1BhcmVudCoMCMDN0MYGEJjK0+4CMghub2RlanMyMDp3CiNnY3IuaW8vZ2FlLXJ1bnRpbWVzL25vZGVqczIwOnN0YWJsZRJQZXVyb3BlLXdlc3QxLWRvY2tlci5wa2cuZGV2L3NlcnZlcmxlc3MtcnVudGltZXMvZ29vZ2xlLTIyLWZ1bGwvcnVudGltZXMvbm9kZWpzMjBAAQ==","operationType":"UPDATE_FUNCTION","buildName":"projects/402812477660/locations/europe-west1/builds/8677a979-60d7-4bfa-982e-bc51ddffff95"},"done":false}
[debug] [2025-09-24T17:13:42.578Z] Got source token Clhwcm9qZWN0cy80MDI4MTI0Nzc2NjAvbG9jYXRpb25zL2V1cm9wZS13ZXN0MS9idWlsZHMvODY3N2E5NzktNjBkNy00YmZhLTk4MmUtYmM1MWRkZmZmZjk1EnRldXJvcGUtd2VzdDEtZG9ja2VyLnBrZy5kZXYvcG9wcGluLXMtYXBwL2djZi1hcnRpZmFjdHMvcG9wcGluLS1zLS1hcHBfX2V1cm9wZS0td2VzdDFfX3NlbmRfZW1haWxfdG9fcGFyZW50OnZlcnNpb25fMRjcwfrL3AsiSHByb2plY3RzL3BvcHBpbi1zLWFwcC9sb2NhdGlvbnMvZXVyb3BlLXdlc3QxL2Z1bmN0aW9ucy9zZW5kRW1haWxUb1BhcmVudCoMCMDN0MYGEJjK0+4CMghub2RlanMyMDp3CiNnY3IuaW8vZ2FlLXJ1bnRpbWVzL25vZGVqczIwOnN0YWJsZRJQZXVyb3BlLXdlc3QxLWRvY2tlci5wa2cuZGV2L3NlcnZlcmxlc3MtcnVudGltZXMvZ29vZ2xlLTIyLWZ1bGwvcnVudGltZXMvbm9kZWpzMjBAAQ== for region europe-west1
[debug] [2025-09-24T17:13:42.605Z] <<< [apiv2][status] GET https://cloudfunctions.googleapis.com/v2/projects/poppin-s-app/locations/europe-west1/operations/operation-1758734020370-63f8f2c89e1f0-de4c0a3a-44a19313 200
[debug] [2025-09-24T17:13:42.606Z] <<< [apiv2][body] GET https://cloudfunctions.googleapis.com/v2/projects/poppin-s-app/locations/europe-west1/operations/operation-1758734020370-63f8f2c89e1f0-de4c0a3a-44a19313 {"name":"projects/poppin-s-app/locations/europe-west1/operations/operation-1758734020370-63f8f2c89e1f0-de4c0a3a-44a19313","metadata":{"@type":"type.googleapis.com/google.cloud.functions.v2.OperationMetadata","createTime":"2025-09-24T17:13:41.952369740Z","target":"projects/poppin-s-app/locations/europe-west1/functions/onStockNeedsUpdated","verb":"update","cancelRequested":false,"apiVersion":"v2","requestResource":{"@type":"type.googleapis.com/google.cloud.functions.v2.Function","name":"projects/poppin-s-app/locations/europe-west1/functions/onStockNeedsUpdated","buildConfig":{"runtime":"nodejs20","entryPoint":"onStockNeedsUpdated","source":{"storageSource":{"bucket":"gcf-v2-sources-402812477660-europe-west1","object":"onStockNeedsUpdated/function-source.zip","generation":"1758734021898754"}},"environmentVariables":{"GOOGLE_NODE_RUN_SCRIPTS":""},"dockerRepository":"projects/poppin-s-app/locations/europe-west1/repositories/gcf-artifacts","sourceProvenance":{"resolvedStorageSource":{"bucket":"gcf-v2-sources-402812477660-europe-west1","object":"onStockNeedsUpdated/function-source.zip","generation":"1758733376321180"}},"dockerRegistry":"ARTIFACT_REGISTRY","sourceToken":"Clhwcm9qZWN0cy80MDI4MTI0Nzc2NjAvbG9jYXRpb25zL2V1cm9wZS13ZXN0MS9idWlsZHMvODY3N2E5NzktNjBkNy00YmZhLTk4MmUtYmM1MWRkZmZmZjk1EnRldXJvcGUtd2VzdDEtZG9ja2VyLnBrZy5kZXYvcG9wcGluLXMtYXBwL2djZi1hcnRpZmFjdHMvcG9wcGluLS1zLS1hcHBfX2V1cm9wZS0td2VzdDFfX3NlbmRfZW1haWxfdG9fcGFyZW50OnZlcnNpb25fMRjcwfrL3AsiSHByb2plY3RzL3BvcHBpbi1zLWFwcC9sb2NhdGlvbnMvZXVyb3BlLXdlc3QxL2Z1bmN0aW9ucy9zZW5kRW1haWxUb1BhcmVudCoMCMDN0MYGEJjK0+4CMghub2RlanMyMDp3CiNnY3IuaW8vZ2FlLXJ1bnRpbWVzL25vZGVqczIwOnN0YWJsZRJQZXVyb3BlLXdlc3QxLWRvY2tlci5wa2cuZGV2L3NlcnZlcmxlc3MtcnVudGltZXMvZ29vZ2xlLTIyLWZ1bGwvcnVudGltZXMvbm9kZWpzMjBAAQ==","serviceAccount":"projects/poppin-s-app/serviceAccounts/402812477660-compute@developer.gserviceaccount.com","automaticUpdatePolicy":{}},"serviceConfig":{"service":"projects/poppin-s-app/locations/europe-west1/services/onstockneedsupdated","timeoutSeconds":60,"environmentVariables":{"EMAIL_USER":"votre_email@gmail.com","EMAIL_PASSWORD":"votre_mot_de_passe_securise","FIREBASE_CONFIG":"{\"projectId\":\"poppin-s-app\",\"storageBucket\":\"poppin-s-app.firebasestorage.app\"}","GCLOUD_PROJECT":"poppin-s-app","EVENTARC_CLOUD_EVENT_SOURCE":"projects/poppin-s-app/locations/europe-west1/services/onStockNeedsUpdated","FUNCTION_SIGNATURE_TYPE":"cloudevent","FUNCTION_TARGET":"onStockNeedsUpdated","LOG_EXECUTION_ID":"true"},"ingressSettings":"ALLOW_ALL","uri":"https://onstockneedsupdated-j3na7x5n2a-ew.a.run.app","serviceAccountEmail":"402812477660-compute@developer.gserviceaccount.com","availableMemory":"256Mi","allTrafficOnLatestRevision":true,"revision":"onstockneedsupdated-00006-kew","maxInstanceRequestConcurrency":80,"availableCpu":"1"},"eventTrigger":{"trigger":"projects/poppin-s-app/locations/europe-west9/triggers/onstockneedsupdated-763256","triggerRegion":"europe-west9","eventType":"google.cloud.firestore.document.v1.written","eventFilters":[{"attribute":"database","value":"(default)"},{"attribute":"namespace","value":"(default)"},{"attribute":"document","value":"structures/{structureId}/children/{childId}/stocks/current","operator":"match-path-pattern"}],"pubsubTopic":"projects/poppin-s-app/topics/eventarc-europe-west9-onstockneedsupdated-763256-289","serviceAccountEmail":"402812477660-compute@developer.gserviceaccount.com","retryPolicy":"RETRY_POLICY_DO_NOT_RETRY"},"state":"ACTIVE","labels":{"deployment-tool":"cli-firebase","firebase-functions-hash":"ecbaa31c917c1fff03b9ad86e035ea77447bcf99"},"environment":"GEN_2","url":"https://europe-west1-poppin-s-app.cloudfunctions.net/onStockNeedsUpdated","satisfiesPzi":true},"stages":[{"name":"BUILD","message":"Reusing build","state":"COMPLETE","resource":"projects/402812477660/locations/europe-west1/builds/8677a979-60d7-4bfa-982e-bc51ddffff95"},{"name":"SERVICE","state":"NOT_STARTED"},{"name":"TRIGGER","state":"NOT_STARTED"}],"sourceToken":"Clhwcm9qZWN0cy80MDI4MTI0Nzc2NjAvbG9jYXRpb25zL2V1cm9wZS13ZXN0MS9idWlsZHMvODY3N2E5NzktNjBkNy00YmZhLTk4MmUtYmM1MWRkZmZmZjk1EnRldXJvcGUtd2VzdDEtZG9ja2VyLnBrZy5kZXYvcG9wcGluLXMtYXBwL2djZi1hcnRpZmFjdHMvcG9wcGluLS1zLS1hcHBfX2V1cm9wZS0td2VzdDFfX3NlbmRfZW1haWxfdG9fcGFyZW50OnZlcnNpb25fMRjcwfrL3AsiSHByb2plY3RzL3BvcHBpbi1zLWFwcC9sb2NhdGlvbnMvZXVyb3BlLXdlc3QxL2Z1bmN0aW9ucy9zZW5kRW1haWxUb1BhcmVudCoMCMDN0MYGEJjK0+4CMghub2RlanMyMDp3CiNnY3IuaW8vZ2FlLXJ1bnRpbWVzL25vZGVqczIwOnN0YWJsZRJQZXVyb3BlLXdlc3QxLWRvY2tlci5wa2cuZGV2L3NlcnZlcmxlc3MtcnVudGltZXMvZ29vZ2xlLTIyLWZ1bGwvcnVudGltZXMvbm9kZWpzMjBAAQ==","operationType":"UPDATE_FUNCTION","buildName":"projects/402812477660/locations/europe-west1/builds/8677a979-60d7-4bfa-982e-bc51ddffff95"},"done":false}
[debug] [2025-09-24T17:13:42.606Z] Got source token Clhwcm9qZWN0cy80MDI4MTI0Nzc2NjAvbG9jYXRpb25zL2V1cm9wZS13ZXN0MS9idWlsZHMvODY3N2E5NzktNjBkNy00YmZhLTk4MmUtYmM1MWRkZmZmZjk1EnRldXJvcGUtd2VzdDEtZG9ja2VyLnBrZy5kZXYvcG9wcGluLXMtYXBwL2djZi1hcnRpZmFjdHMvcG9wcGluLS1zLS1hcHBfX2V1cm9wZS0td2VzdDFfX3NlbmRfZW1haWxfdG9fcGFyZW50OnZlcnNpb25fMRjcwfrL3AsiSHByb2plY3RzL3BvcHBpbi1zLWFwcC9sb2NhdGlvbnMvZXVyb3BlLXdlc3QxL2Z1bmN0aW9ucy9zZW5kRW1haWxUb1BhcmVudCoMCMDN0MYGEJjK0+4CMghub2RlanMyMDp3CiNnY3IuaW8vZ2FlLXJ1bnRpbWVzL25vZGVqczIwOnN0YWJsZRJQZXVyb3BlLXdlc3QxLWRvY2tlci5wa2cuZGV2L3NlcnZlcmxlc3MtcnVudGltZXMvZ29vZ2xlLTIyLWZ1bGwvcnVudGltZXMvbm9kZWpzMjBAAQ== for region europe-west1
[debug] [2025-09-24T17:13:42.707Z] [update-default-europe-west1-sendNotification] Retrying task index 0
[debug] [2025-09-24T17:13:42.708Z] Checked if tokens are valid: true, expires at: 1758736880538
[debug] [2025-09-24T17:13:42.708Z] Checked if tokens are valid: true, expires at: 1758736880538
[debug] [2025-09-24T17:13:42.708Z] >>> [apiv2][query] GET https://cloudfunctions.googleapis.com/v2/projects/poppin-s-app/locations/europe-west1/operations/operation-1758734020383-63f8f2c8a14e6-beca0c65-85dffa34 [none]
[debug] [2025-09-24T17:13:42.775Z] <<< [apiv2][status] GET https://cloudfunctions.googleapis.com/v2/projects/poppin-s-app/locations/europe-west1/operations/operation-1758734020383-63f8f2c8a14e6-beca0c65-85dffa34 200
[debug] [2025-09-24T17:13:42.775Z] <<< [apiv2][body] GET https://cloudfunctions.googleapis.com/v2/projects/poppin-s-app/locations/europe-west1/operations/operation-1758734020383-63f8f2c8a14e6-beca0c65-85dffa34 {"name":"projects/poppin-s-app/locations/europe-west1/operations/operation-1758734020383-63f8f2c8a14e6-beca0c65-85dffa34","metadata":{"@type":"type.googleapis.com/google.cloud.functions.v2.OperationMetadata","createTime":"2025-09-24T17:13:42.126375189Z","target":"projects/poppin-s-app/locations/europe-west1/functions/sendNotification","verb":"update","cancelRequested":false,"apiVersion":"v2","requestResource":{"@type":"type.googleapis.com/google.cloud.functions.v2.Function","name":"projects/poppin-s-app/locations/europe-west1/functions/sendNotification","buildConfig":{"runtime":"nodejs20","entryPoint":"sendNotification","source":{"storageSource":{"bucket":"gcf-v2-sources-402812477660-europe-west1","object":"sendNotification/function-source.zip","generation":"1758734021995939"}},"environmentVariables":{"GOOGLE_NODE_RUN_SCRIPTS":""},"dockerRepository":"projects/poppin-s-app/locations/europe-west1/repositories/gcf-artifacts","sourceProvenance":{"resolvedStorageSource":{"bucket":"gcf-v2-sources-402812477660-europe-west1","object":"sendNotification/function-source.zip","generation":"1758733376204936"}},"dockerRegistry":"ARTIFACT_REGISTRY","sourceToken":"Clhwcm9qZWN0cy80MDI4MTI0Nzc2NjAvbG9jYXRpb25zL2V1cm9wZS13ZXN0MS9idWlsZHMvODY3N2E5NzktNjBkNy00YmZhLTk4MmUtYmM1MWRkZmZmZjk1EnRldXJvcGUtd2VzdDEtZG9ja2VyLnBrZy5kZXYvcG9wcGluLXMtYXBwL2djZi1hcnRpZmFjdHMvcG9wcGluLS1zLS1hcHBfX2V1cm9wZS0td2VzdDFfX3NlbmRfZW1haWxfdG9fcGFyZW50OnZlcnNpb25fMRjcwfrL3AsiSHByb2plY3RzL3BvcHBpbi1zLWFwcC9sb2NhdGlvbnMvZXVyb3BlLXdlc3QxL2Z1bmN0aW9ucy9zZW5kRW1haWxUb1BhcmVudCoMCMDN0MYGEJjK0+4CMghub2RlanMyMDp3CiNnY3IuaW8vZ2FlLXJ1bnRpbWVzL25vZGVqczIwOnN0YWJsZRJQZXVyb3BlLXdlc3QxLWRvY2tlci5wa2cuZGV2L3NlcnZlcmxlc3MtcnVudGltZXMvZ29vZ2xlLTIyLWZ1bGwvcnVudGltZXMvbm9kZWpzMjBAAQ==","serviceAccount":"projects/poppin-s-app/serviceAccounts/402812477660-compute@developer.gserviceaccount.com","automaticUpdatePolicy":{}},"serviceConfig":{"service":"projects/poppin-s-app/locations/europe-west1/services/sendnotification","timeoutSeconds":60,"environmentVariables":{"EMAIL_USER":"votre_email@gmail.com","EMAIL_PASSWORD":"votre_mot_de_passe_securise","FIREBASE_CONFIG":"{\"projectId\":\"poppin-s-app\",\"storageBucket\":\"poppin-s-app.firebasestorage.app\"}","GCLOUD_PROJECT":"poppin-s-app","EVENTARC_CLOUD_EVENT_SOURCE":"projects/poppin-s-app/locations/europe-west1/services/sendNotification","FUNCTION_SIGNATURE_TYPE":"cloudevent","FUNCTION_TARGET":"sendNotification","LOG_EXECUTION_ID":"true"},"ingressSettings":"ALLOW_ALL","uri":"https://sendnotification-j3na7x5n2a-ew.a.run.app","serviceAccountEmail":"402812477660-compute@developer.gserviceaccount.com","availableMemory":"256Mi","allTrafficOnLatestRevision":true,"revision":"sendnotification-00007-moq","maxInstanceRequestConcurrency":80,"availableCpu":"1"},"eventTrigger":{"trigger":"projects/poppin-s-app/locations/europe-west9/triggers/sendnotification-959171","triggerRegion":"europe-west9","eventType":"google.cloud.firestore.document.v1.created","eventFilters":[{"attribute":"database","value":"(default)"},{"attribute":"namespace","value":"(default)"},{"attribute":"document","value":"notifications/{notificationId}","operator":"match-path-pattern"}],"pubsubTopic":"projects/poppin-s-app/topics/eventarc-europe-west9-sendnotification-959171-415","serviceAccountEmail":"402812477660-compute@developer.gserviceaccount.com","retryPolicy":"RETRY_POLICY_DO_NOT_RETRY"},"state":"ACTIVE","labels":{"deployment-tool":"cli-firebase","firebase-functions-hash":"ecbaa31c917c1fff03b9ad86e035ea77447bcf99"},"environment":"GEN_2","url":"https://europe-west1-poppin-s-app.cloudfunctions.net/sendNotification","satisfiesPzi":true},"stages":[{"name":"BUILD","message":"Reusing build","state":"COMPLETE","resource":"projects/402812477660/locations/europe-west1/builds/8677a979-60d7-4bfa-982e-bc51ddffff95"},{"name":"SERVICE","state":"NOT_STARTED"},{"name":"TRIGGER","state":"NOT_STARTED"}],"sourceToken":"Clhwcm9qZWN0cy80MDI4MTI0Nzc2NjAvbG9jYXRpb25zL2V1cm9wZS13ZXN0MS9idWlsZHMvODY3N2E5NzktNjBkNy00YmZhLTk4MmUtYmM1MWRkZmZmZjk1EnRldXJvcGUtd2VzdDEtZG9ja2VyLnBrZy5kZXYvcG9wcGluLXMtYXBwL2djZi1hcnRpZmFjdHMvcG9wcGluLS1zLS1hcHBfX2V1cm9wZS0td2VzdDFfX3NlbmRfZW1haWxfdG9fcGFyZW50OnZlcnNpb25fMRjcwfrL3AsiSHByb2plY3RzL3BvcHBpbi1zLWFwcC9sb2NhdGlvbnMvZXVyb3BlLXdlc3QxL2Z1bmN0aW9ucy9zZW5kRW1haWxUb1BhcmVudCoMCMDN0MYGEJjK0+4CMghub2RlanMyMDp3CiNnY3IuaW8vZ2FlLXJ1bnRpbWVzL25vZGVqczIwOnN0YWJsZRJQZXVyb3BlLXdlc3QxLWRvY2tlci5wa2cuZGV2L3NlcnZlcmxlc3MtcnVudGltZXMvZ29vZ2xlLTIyLWZ1bGwvcnVudGltZXMvbm9kZWpzMjBAAQ==","operationType":"UPDATE_FUNCTION","buildName":"projects/402812477660/locations/europe-west1/builds/8677a979-60d7-4bfa-982e-bc51ddffff95"},"done":false}
[debug] [2025-09-24T17:13:42.775Z] Got source token Clhwcm9qZWN0cy80MDI4MTI0Nzc2NjAvbG9jYXRpb25zL2V1cm9wZS13ZXN0MS9idWlsZHMvODY3N2E5NzktNjBkNy00YmZhLTk4MmUtYmM1MWRkZmZmZjk1EnRldXJvcGUtd2VzdDEtZG9ja2VyLnBrZy5kZXYvcG9wcGluLXMtYXBwL2djZi1hcnRpZmFjdHMvcG9wcGluLS1zLS1hcHBfX2V1cm9wZS0td2VzdDFfX3NlbmRfZW1haWxfdG9fcGFyZW50OnZlcnNpb25fMRjcwfrL3AsiSHByb2plY3RzL3BvcHBpbi1zLWFwcC9sb2NhdGlvbnMvZXVyb3BlLXdlc3QxL2Z1bmN0aW9ucy9zZW5kRW1haWxUb1BhcmVudCoMCMDN0MYGEJjK0+4CMghub2RlanMyMDp3CiNnY3IuaW8vZ2FlLXJ1bnRpbWVzL25vZGVqczIwOnN0YWJsZRJQZXVyb3BlLXdlc3QxLWRvY2tlci5wa2cuZGV2L3NlcnZlcmxlc3MtcnVudGltZXMvZ29vZ2xlLTIyLWZ1bGwvcnVudGltZXMvbm9kZWpzMjBAAQ== for region europe-west1
[debug] [2025-09-24T17:13:43.243Z] [update-default-europe-west1-testNotification] Retrying task index 0
[debug] [2025-09-24T17:13:43.244Z] Checked if tokens are valid: true, expires at: 1758736880538
[debug] [2025-09-24T17:13:43.244Z] Checked if tokens are valid: true, expires at: 1758736880538
[debug] [2025-09-24T17:13:43.244Z] >>> [apiv2][query] GET https://cloudfunctions.googleapis.com/v2/projects/poppin-s-app/locations/europe-west1/operations/operation-1758734020372-63f8f2c89e9e4-5f59e2bc-ae5bc96a [none]
[debug] [2025-09-24T17:13:43.278Z] [update-default-europe-west1-processEmailQueue] Retrying task index 0
[debug] [2025-09-24T17:13:43.278Z] Checked if tokens are valid: true, expires at: 1758736880538
[debug] [2025-09-24T17:13:43.279Z] Checked if tokens are valid: true, expires at: 1758736880538
[debug] [2025-09-24T17:13:43.279Z] >>> [apiv2][query] GET https://cloudfunctions.googleapis.com/v2/projects/poppin-s-app/locations/europe-west1/operations/operation-1758734020371-63f8f2c89e3b4-2530d91d-0da147f7 [none]
[debug] [2025-09-24T17:13:43.298Z] <<< [apiv2][status] GET https://cloudfunctions.googleapis.com/v2/projects/poppin-s-app/locations/europe-west1/operations/operation-1758734020372-63f8f2c89e9e4-5f59e2bc-ae5bc96a 200
[debug] [2025-09-24T17:13:43.299Z] <<< [apiv2][body] GET https://cloudfunctions.googleapis.com/v2/projects/poppin-s-app/locations/europe-west1/operations/operation-1758734020372-63f8f2c89e9e4-5f59e2bc-ae5bc96a {"name":"projects/poppin-s-app/locations/europe-west1/operations/operation-1758734020372-63f8f2c89e9e4-5f59e2bc-ae5bc96a","metadata":{"@type":"type.googleapis.com/google.cloud.functions.v2.OperationMetadata","createTime":"2025-09-24T17:13:41.579212179Z","target":"projects/poppin-s-app/locations/europe-west1/functions/testNotification","verb":"update","cancelRequested":false,"apiVersion":"v2","requestResource":{"@type":"type.googleapis.com/google.cloud.functions.v2.Function","name":"projects/poppin-s-app/locations/europe-west1/functions/testNotification","buildConfig":{"runtime":"nodejs20","entryPoint":"testNotification","source":{"storageSource":{"bucket":"gcf-v2-sources-402812477660-europe-west1","object":"testNotification/function-source.zip","generation":"1758734021532030"}},"environmentVariables":{"GOOGLE_NODE_RUN_SCRIPTS":""},"dockerRepository":"projects/poppin-s-app/locations/europe-west1/repositories/gcf-artifacts","sourceProvenance":{"resolvedStorageSource":{"bucket":"gcf-v2-sources-402812477660-europe-west1","object":"testNotification/function-source.zip","generation":"1758733376162763"}},"dockerRegistry":"ARTIFACT_REGISTRY","sourceToken":"Clhwcm9qZWN0cy80MDI4MTI0Nzc2NjAvbG9jYXRpb25zL2V1cm9wZS13ZXN0MS9idWlsZHMvODY3N2E5NzktNjBkNy00YmZhLTk4MmUtYmM1MWRkZmZmZjk1EnRldXJvcGUtd2VzdDEtZG9ja2VyLnBrZy5kZXYvcG9wcGluLXMtYXBwL2djZi1hcnRpZmFjdHMvcG9wcGluLS1zLS1hcHBfX2V1cm9wZS0td2VzdDFfX3NlbmRfZW1haWxfdG9fcGFyZW50OnZlcnNpb25fMRjcwfrL3AsiSHByb2plY3RzL3BvcHBpbi1zLWFwcC9sb2NhdGlvbnMvZXVyb3BlLXdlc3QxL2Z1bmN0aW9ucy9zZW5kRW1haWxUb1BhcmVudCoMCMDN0MYGEJjK0+4CMghub2RlanMyMDp3CiNnY3IuaW8vZ2FlLXJ1bnRpbWVzL25vZGVqczIwOnN0YWJsZRJQZXVyb3BlLXdlc3QxLWRvY2tlci5wa2cuZGV2L3NlcnZlcmxlc3MtcnVudGltZXMvZ29vZ2xlLTIyLWZ1bGwvcnVudGltZXMvbm9kZWpzMjBAAQ==","serviceAccount":"projects/poppin-s-app/serviceAccounts/402812477660-compute@developer.gserviceaccount.com","automaticUpdatePolicy":{}},"serviceConfig":{"service":"projects/poppin-s-app/locations/europe-west1/services/testnotification","timeoutSeconds":60,"environmentVariables":{"EMAIL_USER":"votre_email@gmail.com","EMAIL_PASSWORD":"votre_mot_de_passe_securise","FIREBASE_CONFIG":"{\"projectId\":\"poppin-s-app\",\"storageBucket\":\"poppin-s-app.firebasestorage.app\"}","GCLOUD_PROJECT":"poppin-s-app","EVENTARC_CLOUD_EVENT_SOURCE":"projects/poppin-s-app/locations/europe-west1/services/testNotification","FUNCTION_TARGET":"testNotification","LOG_EXECUTION_ID":"true","FUNCTION_SIGNATURE_TYPE":"http"},"ingressSettings":"ALLOW_ALL","uri":"https://testnotification-j3na7x5n2a-ew.a.run.app","serviceAccountEmail":"402812477660-compute@developer.gserviceaccount.com","availableMemory":"256Mi","allTrafficOnLatestRevision":true,"revision":"testnotification-00007-nuf","maxInstanceRequestConcurrency":80,"availableCpu":"1"},"state":"ACTIVE","labels":{"deployment-tool":"cli-firebase","deployment-callable":"true","firebase-functions-hash":"ecbaa31c917c1fff03b9ad86e035ea77447bcf99"},"environment":"GEN_2","url":"https://europe-west1-poppin-s-app.cloudfunctions.net/testNotification","satisfiesPzi":true},"stages":[{"name":"BUILD","message":"Reusing build","state":"COMPLETE","resource":"projects/402812477660/locations/europe-west1/builds/8677a979-60d7-4bfa-982e-bc51ddffff95"},{"name":"SERVICE","message":"Updating Cloud Run service","state":"IN_PROGRESS","resource":"projects/poppin-s-app/locations/europe-west1/services/testnotification","resourceUri":"https://console.cloud.google.com/run/detail/europe-west1/testnotification?project=poppin-s-app","stateMessages":[{"severity":"INFO","type":"CloudRunServiceNewRevisionTrafficInfo","message":"A new revision will be deployed serving with 100% traffic."}]}],"sourceToken":"Clhwcm9qZWN0cy80MDI4MTI0Nzc2NjAvbG9jYXRpb25zL2V1cm9wZS13ZXN0MS9idWlsZHMvODY3N2E5NzktNjBkNy00YmZhLTk4MmUtYmM1MWRkZmZmZjk1EnRldXJvcGUtd2VzdDEtZG9ja2VyLnBrZy5kZXYvcG9wcGluLXMtYXBwL2djZi1hcnRpZmFjdHMvcG9wcGluLS1zLS1hcHBfX2V1cm9wZS0td2VzdDFfX3NlbmRfZW1haWxfdG9fcGFyZW50OnZlcnNpb25fMRjcwfrL3AsiSHByb2plY3RzL3BvcHBpbi1zLWFwcC9sb2NhdGlvbnMvZXVyb3BlLXdlc3QxL2Z1bmN0aW9ucy9zZW5kRW1haWxUb1BhcmVudCoMCMDN0MYGEJjK0+4CMghub2RlanMyMDp3CiNnY3IuaW8vZ2FlLXJ1bnRpbWVzL25vZGVqczIwOnN0YWJsZRJQZXVyb3BlLXdlc3QxLWRvY2tlci5wa2cuZGV2L3NlcnZlcmxlc3MtcnVudGltZXMvZ29vZ2xlLTIyLWZ1bGwvcnVudGltZXMvbm9kZWpzMjBAAQ==","operationType":"UPDATE_FUNCTION","buildName":"projects/402812477660/locations/europe-west1/builds/8677a979-60d7-4bfa-982e-bc51ddffff95"},"done":false}
[debug] [2025-09-24T17:13:43.299Z] Got source token Clhwcm9qZWN0cy80MDI4MTI0Nzc2NjAvbG9jYXRpb25zL2V1cm9wZS13ZXN0MS9idWlsZHMvODY3N2E5NzktNjBkNy00YmZhLTk4MmUtYmM1MWRkZmZmZjk1EnRldXJvcGUtd2VzdDEtZG9ja2VyLnBrZy5kZXYvcG9wcGluLXMtYXBwL2djZi1hcnRpZmFjdHMvcG9wcGluLS1zLS1hcHBfX2V1cm9wZS0td2VzdDFfX3NlbmRfZW1haWxfdG9fcGFyZW50OnZlcnNpb25fMRjcwfrL3AsiSHByb2plY3RzL3BvcHBpbi1zLWFwcC9sb2NhdGlvbnMvZXVyb3BlLXdlc3QxL2Z1bmN0aW9ucy9zZW5kRW1haWxUb1BhcmVudCoMCMDN0MYGEJjK0+4CMghub2RlanMyMDp3CiNnY3IuaW8vZ2FlLXJ1bnRpbWVzL25vZGVqczIwOnN0YWJsZRJQZXVyb3BlLXdlc3QxLWRvY2tlci5wa2cuZGV2L3NlcnZlcmxlc3MtcnVudGltZXMvZ29vZ2xlLTIyLWZ1bGwvcnVudGltZXMvbm9kZWpzMjBAAQ== for region europe-west1
[debug] [2025-09-24T17:13:43.345Z] <<< [apiv2][status] GET https://cloudfunctions.googleapis.com/v2/projects/poppin-s-app/locations/europe-west1/operations/operation-1758734020371-63f8f2c89e3b4-2530d91d-0da147f7 200
[debug] [2025-09-24T17:13:43.346Z] <<< [apiv2][body] GET https://cloudfunctions.googleapis.com/v2/projects/poppin-s-app/locations/europe-west1/operations/operation-1758734020371-63f8f2c89e3b4-2530d91d-0da147f7 {"name":"projects/poppin-s-app/locations/europe-west1/operations/operation-1758734020371-63f8f2c89e3b4-2530d91d-0da147f7","metadata":{"@type":"type.googleapis.com/google.cloud.functions.v2.OperationMetadata","createTime":"2025-09-24T17:13:41.628159156Z","target":"projects/poppin-s-app/locations/europe-west1/functions/processEmailQueue","verb":"update","cancelRequested":false,"apiVersion":"v2","requestResource":{"@type":"type.googleapis.com/google.cloud.functions.v2.Function","name":"projects/poppin-s-app/locations/europe-west1/functions/processEmailQueue","buildConfig":{"runtime":"nodejs20","entryPoint":"processEmailQueue","source":{"storageSource":{"bucket":"gcf-v2-sources-402812477660-europe-west1","object":"processEmailQueue/function-source.zip","generation":"1758734021576919"}},"environmentVariables":{"GOOGLE_NODE_RUN_SCRIPTS":""},"dockerRepository":"projects/poppin-s-app/locations/europe-west1/repositories/gcf-artifacts","sourceProvenance":{"resolvedStorageSource":{"bucket":"gcf-v2-sources-402812477660-europe-west1","object":"processEmailQueue/function-source.zip","generation":"1758733376362802"}},"dockerRegistry":"ARTIFACT_REGISTRY","sourceToken":"Clhwcm9qZWN0cy80MDI4MTI0Nzc2NjAvbG9jYXRpb25zL2V1cm9wZS13ZXN0MS9idWlsZHMvODY3N2E5NzktNjBkNy00YmZhLTk4MmUtYmM1MWRkZmZmZjk1EnRldXJvcGUtd2VzdDEtZG9ja2VyLnBrZy5kZXYvcG9wcGluLXMtYXBwL2djZi1hcnRpZmFjdHMvcG9wcGluLS1zLS1hcHBfX2V1cm9wZS0td2VzdDFfX3NlbmRfZW1haWxfdG9fcGFyZW50OnZlcnNpb25fMRjcwfrL3AsiSHByb2plY3RzL3BvcHBpbi1zLWFwcC9sb2NhdGlvbnMvZXVyb3BlLXdlc3QxL2Z1bmN0aW9ucy9zZW5kRW1haWxUb1BhcmVudCoMCMDN0MYGEJjK0+4CMghub2RlanMyMDp3CiNnY3IuaW8vZ2FlLXJ1bnRpbWVzL25vZGVqczIwOnN0YWJsZRJQZXVyb3BlLXdlc3QxLWRvY2tlci5wa2cuZGV2L3NlcnZlcmxlc3MtcnVudGltZXMvZ29vZ2xlLTIyLWZ1bGwvcnVudGltZXMvbm9kZWpzMjBAAQ==","serviceAccount":"projects/poppin-s-app/serviceAccounts/402812477660-compute@developer.gserviceaccount.com","automaticUpdatePolicy":{}},"serviceConfig":{"service":"projects/poppin-s-app/locations/europe-west1/services/processemailqueue","timeoutSeconds":60,"environmentVariables":{"EMAIL_USER":"votre_email@gmail.com","EMAIL_PASSWORD":"votre_mot_de_passe_securise","FIREBASE_CONFIG":"{\"projectId\":\"poppin-s-app\",\"storageBucket\":\"poppin-s-app.firebasestorage.app\"}","GCLOUD_PROJECT":"poppin-s-app","EVENTARC_CLOUD_EVENT_SOURCE":"projects/poppin-s-app/locations/europe-west1/services/processEmailQueue","FUNCTION_SIGNATURE_TYPE":"cloudevent","FUNCTION_TARGET":"processEmailQueue","LOG_EXECUTION_ID":"true"},"ingressSettings":"ALLOW_ALL","uri":"https://processemailqueue-j3na7x5n2a-ew.a.run.app","serviceAccountEmail":"402812477660-compute@developer.gserviceaccount.com","availableMemory":"256Mi","allTrafficOnLatestRevision":true,"revision":"processemailqueue-00013-kub","maxInstanceRequestConcurrency":80,"availableCpu":"1"},"eventTrigger":{"trigger":"projects/poppin-s-app/locations/europe-west9/triggers/processemailqueue-666587","triggerRegion":"europe-west9","eventType":"google.cloud.firestore.document.v1.created","eventFilters":[{"attribute":"database","value":"(default)"},{"attribute":"namespace","value":"(default)"},{"attribute":"document","value":"emailQueue/{emailId}","operator":"match-path-pattern"}],"pubsubTopic":"projects/poppin-s-app/topics/eventarc-europe-west9-processemailqueue-666587-377","serviceAccountEmail":"402812477660-compute@developer.gserviceaccount.com","retryPolicy":"RETRY_POLICY_DO_NOT_RETRY"},"state":"ACTIVE","labels":{"deployment-tool":"cli-firebase","firebase-functions-hash":"ecbaa31c917c1fff03b9ad86e035ea77447bcf99"},"environment":"GEN_2","url":"https://europe-west1-poppin-s-app.cloudfunctions.net/processEmailQueue","satisfiesPzi":true},"stages":[{"name":"BUILD","message":"Reusing build","state":"COMPLETE","resource":"projects/402812477660/locations/europe-west1/builds/8677a979-60d7-4bfa-982e-bc51ddffff95"},{"name":"SERVICE","message":"Updating Cloud Run service","state":"IN_PROGRESS","resource":"projects/poppin-s-app/locations/europe-west1/services/processemailqueue","resourceUri":"https://console.cloud.google.com/run/detail/europe-west1/processemailqueue?project=poppin-s-app","stateMessages":[{"severity":"INFO","type":"CloudRunServiceNewRevisionTrafficInfo","message":"A new revision will be deployed serving with 100% traffic."}]},{"name":"TRIGGER","state":"NOT_STARTED"}],"sourceToken":"Clhwcm9qZWN0cy80MDI4MTI0Nzc2NjAvbG9jYXRpb25zL2V1cm9wZS13ZXN0MS9idWlsZHMvODY3N2E5NzktNjBkNy00YmZhLTk4MmUtYmM1MWRkZmZmZjk1EnRldXJvcGUtd2VzdDEtZG9ja2VyLnBrZy5kZXYvcG9wcGluLXMtYXBwL2djZi1hcnRpZmFjdHMvcG9wcGluLS1zLS1hcHBfX2V1cm9wZS0td2VzdDFfX3NlbmRfZW1haWxfdG9fcGFyZW50OnZlcnNpb25fMRjcwfrL3AsiSHByb2plY3RzL3BvcHBpbi1zLWFwcC9sb2NhdGlvbnMvZXVyb3BlLXdlc3QxL2Z1bmN0aW9ucy9zZW5kRW1haWxUb1BhcmVudCoMCMDN0MYGEJjK0+4CMghub2RlanMyMDp3CiNnY3IuaW8vZ2FlLXJ1bnRpbWVzL25vZGVqczIwOnN0YWJsZRJQZXVyb3BlLXdlc3QxLWRvY2tlci5wa2cuZGV2L3NlcnZlcmxlc3MtcnVudGltZXMvZ29vZ2xlLTIyLWZ1bGwvcnVudGltZXMvbm9kZWpzMjBAAQ==","operationType":"UPDATE_FUNCTION","buildName":"projects/402812477660/locations/europe-west1/builds/8677a979-60d7-4bfa-982e-bc51ddffff95"},"done":false}
[debug] [2025-09-24T17:13:43.346Z] Got source token Clhwcm9qZWN0cy80MDI4MTI0Nzc2NjAvbG9jYXRpb25zL2V1cm9wZS13ZXN0MS9idWlsZHMvODY3N2E5NzktNjBkNy00YmZhLTk4MmUtYmM1MWRkZmZmZjk1EnRldXJvcGUtd2VzdDEtZG9ja2VyLnBrZy5kZXYvcG9wcGluLXMtYXBwL2djZi1hcnRpZmFjdHMvcG9wcGluLS1zLS1hcHBfX2V1cm9wZS0td2VzdDFfX3NlbmRfZW1haWxfdG9fcGFyZW50OnZlcnNpb25fMRjcwfrL3AsiSHByb2plY3RzL3BvcHBpbi1zLWFwcC9sb2NhdGlvbnMvZXVyb3BlLXdlc3QxL2Z1bmN0aW9ucy9zZW5kRW1haWxUb1BhcmVudCoMCMDN0MYGEJjK0+4CMghub2RlanMyMDp3CiNnY3IuaW8vZ2FlLXJ1bnRpbWVzL25vZGVqczIwOnN0YWJsZRJQZXVyb3BlLXdlc3QxLWRvY2tlci5wa2cuZGV2L3NlcnZlcmxlc3MtcnVudGltZXMvZ29vZ2xlLTIyLWZ1bGwvcnVudGltZXMvbm9kZWpzMjBAAQ== for region europe-west1
[debug] [2025-09-24T17:13:43.375Z] [update-default-europe-west1-declineDelegation] Retrying task index 0
[debug] [2025-09-24T17:13:43.376Z] Checked if tokens are valid: true, expires at: 1758736880538
[debug] [2025-09-24T17:13:43.376Z] Checked if tokens are valid: true, expires at: 1758736880538
[debug] [2025-09-24T17:13:43.376Z] >>> [apiv2][query] GET https://cloudfunctions.googleapis.com/v2/projects/poppin-s-app/locations/europe-west1/operations/operation-1758734020383-63f8f2c8a14a0-e240347a-dd078be4 [none]
[debug] [2025-09-24T17:13:43.387Z] [update-default-europe-west1-cleanupOldNotifications] Retrying task index 0
[debug] [2025-09-24T17:13:43.387Z] Checked if tokens are valid: true, expires at: 1758736880538
[debug] [2025-09-24T17:13:43.387Z] Checked if tokens are valid: true, expires at: 1758736880538
[debug] [2025-09-24T17:13:43.387Z] >>> [apiv2][query] GET https://cloudfunctions.googleapis.com/v2/projects/poppin-s-app/locations/europe-west1/operations/operation-1758734020371-63f8f2c89e3e7-25009bb3-85f903c9 [none]
[debug] [2025-09-24T17:13:43.409Z] [update-default-europe-west1-retryFailedEmails] Retrying task index 0
[debug] [2025-09-24T17:13:43.410Z] Checked if tokens are valid: true, expires at: 1758736880538
[debug] [2025-09-24T17:13:43.410Z] Checked if tokens are valid: true, expires at: 1758736880538
[debug] [2025-09-24T17:13:43.410Z] >>> [apiv2][query] GET https://cloudfunctions.googleapis.com/v2/projects/poppin-s-app/locations/europe-west1/operations/operation-1758734020361-63f8f2c89bd41-3872ef92-9d395aea [none]
[debug] [2025-09-24T17:13:43.433Z] <<< [apiv2][status] GET https://cloudfunctions.googleapis.com/v2/projects/poppin-s-app/locations/europe-west1/operations/operation-1758734020383-63f8f2c8a14a0-e240347a-dd078be4 200
[debug] [2025-09-24T17:13:43.434Z] <<< [apiv2][body] GET https://cloudfunctions.googleapis.com/v2/projects/poppin-s-app/locations/europe-west1/operations/operation-1758734020383-63f8f2c8a14a0-e240347a-dd078be4 {"name":"projects/poppin-s-app/locations/europe-west1/operations/operation-1758734020383-63f8f2c8a14a0-e240347a-dd078be4","metadata":{"@type":"type.googleapis.com/google.cloud.functions.v2.OperationMetadata","createTime":"2025-09-24T17:13:41.646221265Z","target":"projects/poppin-s-app/locations/europe-west1/functions/declineDelegation","verb":"update","cancelRequested":false,"apiVersion":"v2","requestResource":{"@type":"type.googleapis.com/google.cloud.functions.v2.Function","name":"projects/poppin-s-app/locations/europe-west1/functions/declineDelegation","buildConfig":{"runtime":"nodejs20","entryPoint":"declineDelegation","source":{"storageSource":{"bucket":"gcf-v2-sources-402812477660-europe-west1","object":"declineDelegation/function-source.zip","generation":"1758734021604980"}},"environmentVariables":{"GOOGLE_NODE_RUN_SCRIPTS":""},"dockerRepository":"projects/poppin-s-app/locations/europe-west1/repositories/gcf-artifacts","sourceProvenance":{"resolvedStorageSource":{"bucket":"gcf-v2-sources-402812477660-europe-west1","object":"declineDelegation/function-source.zip","generation":"1758733376216560"}},"dockerRegistry":"ARTIFACT_REGISTRY","sourceToken":"Clhwcm9qZWN0cy80MDI4MTI0Nzc2NjAvbG9jYXRpb25zL2V1cm9wZS13ZXN0MS9idWlsZHMvODY3N2E5NzktNjBkNy00YmZhLTk4MmUtYmM1MWRkZmZmZjk1EnRldXJvcGUtd2VzdDEtZG9ja2VyLnBrZy5kZXYvcG9wcGluLXMtYXBwL2djZi1hcnRpZmFjdHMvcG9wcGluLS1zLS1hcHBfX2V1cm9wZS0td2VzdDFfX3NlbmRfZW1haWxfdG9fcGFyZW50OnZlcnNpb25fMRjcwfrL3AsiSHByb2plY3RzL3BvcHBpbi1zLWFwcC9sb2NhdGlvbnMvZXVyb3BlLXdlc3QxL2Z1bmN0aW9ucy9zZW5kRW1haWxUb1BhcmVudCoMCMDN0MYGEJjK0+4CMghub2RlanMyMDp3CiNnY3IuaW8vZ2FlLXJ1bnRpbWVzL25vZGVqczIwOnN0YWJsZRJQZXVyb3BlLXdlc3QxLWRvY2tlci5wa2cuZGV2L3NlcnZlcmxlc3MtcnVudGltZXMvZ29vZ2xlLTIyLWZ1bGwvcnVudGltZXMvbm9kZWpzMjBAAQ==","serviceAccount":"projects/poppin-s-app/serviceAccounts/402812477660-compute@developer.gserviceaccount.com","automaticUpdatePolicy":{}},"serviceConfig":{"service":"projects/poppin-s-app/locations/europe-west1/services/declinedelegation","timeoutSeconds":60,"environmentVariables":{"EMAIL_USER":"votre_email@gmail.com","EMAIL_PASSWORD":"votre_mot_de_passe_securise","FIREBASE_CONFIG":"{\"projectId\":\"poppin-s-app\",\"storageBucket\":\"poppin-s-app.firebasestorage.app\"}","GCLOUD_PROJECT":"poppin-s-app","EVENTARC_CLOUD_EVENT_SOURCE":"projects/poppin-s-app/locations/europe-west1/services/declineDelegation","FUNCTION_TARGET":"declineDelegation","LOG_EXECUTION_ID":"true","FUNCTION_SIGNATURE_TYPE":"http"},"ingressSettings":"ALLOW_ALL","uri":"https://declinedelegation-j3na7x5n2a-ew.a.run.app","serviceAccountEmail":"402812477660-compute@developer.gserviceaccount.com","availableMemory":"256Mi","allTrafficOnLatestRevision":true,"revision":"declinedelegation-00004-jos","maxInstanceRequestConcurrency":80,"availableCpu":"1"},"state":"ACTIVE","labels":{"deployment-tool":"cli-firebase","deployment-callable":"true","firebase-functions-hash":"ecbaa31c917c1fff03b9ad86e035ea77447bcf99"},"environment":"GEN_2","url":"https://europe-west1-poppin-s-app.cloudfunctions.net/declineDelegation","satisfiesPzi":true},"stages":[{"name":"BUILD","message":"Reusing build","state":"COMPLETE","resource":"projects/402812477660/locations/europe-west1/builds/8677a979-60d7-4bfa-982e-bc51ddffff95"},{"name":"SERVICE","message":"Updating Cloud Run service","state":"IN_PROGRESS","resource":"projects/poppin-s-app/locations/europe-west1/services/declinedelegation","resourceUri":"https://console.cloud.google.com/run/detail/europe-west1/declinedelegation?project=poppin-s-app","stateMessages":[{"severity":"INFO","type":"CloudRunServiceNewRevisionTrafficInfo","message":"A new revision will be deployed serving with 100% traffic."}]}],"sourceToken":"Clhwcm9qZWN0cy80MDI4MTI0Nzc2NjAvbG9jYXRpb25zL2V1cm9wZS13ZXN0MS9idWlsZHMvODY3N2E5NzktNjBkNy00YmZhLTk4MmUtYmM1MWRkZmZmZjk1EnRldXJvcGUtd2VzdDEtZG9ja2VyLnBrZy5kZXYvcG9wcGluLXMtYXBwL2djZi1hcnRpZmFjdHMvcG9wcGluLS1zLS1hcHBfX2V1cm9wZS0td2VzdDFfX3NlbmRfZW1haWxfdG9fcGFyZW50OnZlcnNpb25fMRjcwfrL3AsiSHByb2plY3RzL3BvcHBpbi1zLWFwcC9sb2NhdGlvbnMvZXVyb3BlLXdlc3QxL2Z1bmN0aW9ucy9zZW5kRW1haWxUb1BhcmVudCoMCMDN0MYGEJjK0+4CMghub2RlanMyMDp3CiNnY3IuaW8vZ2FlLXJ1bnRpbWVzL25vZGVqczIwOnN0YWJsZRJQZXVyb3BlLXdlc3QxLWRvY2tlci5wa2cuZGV2L3NlcnZlcmxlc3MtcnVudGltZXMvZ29vZ2xlLTIyLWZ1bGwvcnVudGltZXMvbm9kZWpzMjBAAQ==","operationType":"UPDATE_FUNCTION","buildName":"projects/402812477660/locations/europe-west1/builds/8677a979-60d7-4bfa-982e-bc51ddffff95"},"done":false}
[debug] [2025-09-24T17:13:43.434Z] Got source token Clhwcm9qZWN0cy80MDI4MTI0Nzc2NjAvbG9jYXRpb25zL2V1cm9wZS13ZXN0MS9idWlsZHMvODY3N2E5NzktNjBkNy00YmZhLTk4MmUtYmM1MWRkZmZmZjk1EnRldXJvcGUtd2VzdDEtZG9ja2VyLnBrZy5kZXYvcG9wcGluLXMtYXBwL2djZi1hcnRpZmFjdHMvcG9wcGluLS1zLS1hcHBfX2V1cm9wZS0td2VzdDFfX3NlbmRfZW1haWxfdG9fcGFyZW50OnZlcnNpb25fMRjcwfrL3AsiSHByb2plY3RzL3BvcHBpbi1zLWFwcC9sb2NhdGlvbnMvZXVyb3BlLXdlc3QxL2Z1bmN0aW9ucy9zZW5kRW1haWxUb1BhcmVudCoMCMDN0MYGEJjK0+4CMghub2RlanMyMDp3CiNnY3IuaW8vZ2FlLXJ1bnRpbWVzL25vZGVqczIwOnN0YWJsZRJQZXVyb3BlLXdlc3QxLWRvY2tlci5wa2cuZGV2L3NlcnZlcmxlc3MtcnVudGltZXMvZ29vZ2xlLTIyLWZ1bGwvcnVudGltZXMvbm9kZWpzMjBAAQ== for region europe-west1
[debug] [2025-09-24T17:13:43.435Z] <<< [apiv2][status] GET https://cloudfunctions.googleapis.com/v2/projects/poppin-s-app/locations/europe-west1/operations/operation-1758734020371-63f8f2c89e3e7-25009bb3-85f903c9 200
[debug] [2025-09-24T17:13:43.435Z] <<< [apiv2][body] GET https://cloudfunctions.googleapis.com/v2/projects/poppin-s-app/locations/europe-west1/operations/operation-1758734020371-63f8f2c89e3e7-25009bb3-85f903c9 {"name":"projects/poppin-s-app/locations/europe-west1/operations/operation-1758734020371-63f8f2c89e3e7-25009bb3-85f903c9","metadata":{"@type":"type.googleapis.com/google.cloud.functions.v2.OperationMetadata","createTime":"2025-09-24T17:13:41.684799604Z","target":"projects/poppin-s-app/locations/europe-west1/functions/cleanupOldNotifications","verb":"update","cancelRequested":false,"apiVersion":"v2","requestResource":{"@type":"type.googleapis.com/google.cloud.functions.v2.Function","name":"projects/poppin-s-app/locations/europe-west1/functions/cleanupOldNotifications","buildConfig":{"runtime":"nodejs20","entryPoint":"cleanupOldNotifications","source":{"storageSource":{"bucket":"gcf-v2-sources-402812477660-europe-west1","object":"cleanupOldNotifications/function-source.zip","generation":"1758734021645404"}},"environmentVariables":{"GOOGLE_NODE_RUN_SCRIPTS":""},"dockerRepository":"projects/poppin-s-app/locations/europe-west1/repositories/gcf-artifacts","sourceProvenance":{"resolvedStorageSource":{"bucket":"gcf-v2-sources-402812477660-europe-west1","object":"cleanupOldNotifications/function-source.zip","generation":"1758733376222472"}},"dockerRegistry":"ARTIFACT_REGISTRY","sourceToken":"Clhwcm9qZWN0cy80MDI4MTI0Nzc2NjAvbG9jYXRpb25zL2V1cm9wZS13ZXN0MS9idWlsZHMvODY3N2E5NzktNjBkNy00YmZhLTk4MmUtYmM1MWRkZmZmZjk1EnRldXJvcGUtd2VzdDEtZG9ja2VyLnBrZy5kZXYvcG9wcGluLXMtYXBwL2djZi1hcnRpZmFjdHMvcG9wcGluLS1zLS1hcHBfX2V1cm9wZS0td2VzdDFfX3NlbmRfZW1haWxfdG9fcGFyZW50OnZlcnNpb25fMRjcwfrL3AsiSHByb2plY3RzL3BvcHBpbi1zLWFwcC9sb2NhdGlvbnMvZXVyb3BlLXdlc3QxL2Z1bmN0aW9ucy9zZW5kRW1haWxUb1BhcmVudCoMCMDN0MYGEJjK0+4CMghub2RlanMyMDp3CiNnY3IuaW8vZ2FlLXJ1bnRpbWVzL25vZGVqczIwOnN0YWJsZRJQZXVyb3BlLXdlc3QxLWRvY2tlci5wa2cuZGV2L3NlcnZlcmxlc3MtcnVudGltZXMvZ29vZ2xlLTIyLWZ1bGwvcnVudGltZXMvbm9kZWpzMjBAAQ==","serviceAccount":"projects/poppin-s-app/serviceAccounts/402812477660-compute@developer.gserviceaccount.com","automaticUpdatePolicy":{}},"serviceConfig":{"service":"projects/poppin-s-app/locations/europe-west1/services/cleanupoldnotifications","timeoutSeconds":60,"environmentVariables":{"EMAIL_USER":"votre_email@gmail.com","EMAIL_PASSWORD":"votre_mot_de_passe_securise","FIREBASE_CONFIG":"{\"projectId\":\"poppin-s-app\",\"storageBucket\":\"poppin-s-app.firebasestorage.app\"}","GCLOUD_PROJECT":"poppin-s-app","EVENTARC_CLOUD_EVENT_SOURCE":"projects/poppin-s-app/locations/europe-west1/services/cleanupOldNotifications","FUNCTION_TARGET":"cleanupOldNotifications","LOG_EXECUTION_ID":"true","FUNCTION_SIGNATURE_TYPE":"http"},"ingressSettings":"ALLOW_ALL","uri":"https://cleanupoldnotifications-j3na7x5n2a-ew.a.run.app","serviceAccountEmail":"402812477660-compute@developer.gserviceaccount.com","availableMemory":"256Mi","allTrafficOnLatestRevision":true,"revision":"cleanupoldnotifications-00007-qus","maxInstanceRequestConcurrency":80,"availableCpu":"1"},"state":"ACTIVE","labels":{"deployment-tool":"cli-firebase","deployment-scheduled":"true","firebase-functions-hash":"ecbaa31c917c1fff03b9ad86e035ea77447bcf99"},"environment":"GEN_2","url":"https://europe-west1-poppin-s-app.cloudfunctions.net/cleanupOldNotifications","satisfiesPzi":true},"stages":[{"name":"BUILD","message":"Reusing build","state":"COMPLETE","resource":"projects/402812477660/locations/europe-west1/builds/8677a979-60d7-4bfa-982e-bc51ddffff95"},{"name":"SERVICE","message":"Updating Cloud Run service","state":"IN_PROGRESS","resource":"projects/poppin-s-app/locations/europe-west1/services/cleanupoldnotifications","resourceUri":"https://console.cloud.google.com/run/detail/europe-west1/cleanupoldnotifications?project=poppin-s-app","stateMessages":[{"severity":"INFO","type":"CloudRunServiceNewRevisionTrafficInfo","message":"A new revision will be deployed serving with 100% traffic."}]}],"sourceToken":"Clhwcm9qZWN0cy80MDI4MTI0Nzc2NjAvbG9jYXRpb25zL2V1cm9wZS13ZXN0MS9idWlsZHMvODY3N2E5NzktNjBkNy00YmZhLTk4MmUtYmM1MWRkZmZmZjk1EnRldXJvcGUtd2VzdDEtZG9ja2VyLnBrZy5kZXYvcG9wcGluLXMtYXBwL2djZi1hcnRpZmFjdHMvcG9wcGluLS1zLS1hcHBfX2V1cm9wZS0td2VzdDFfX3NlbmRfZW1haWxfdG9fcGFyZW50OnZlcnNpb25fMRjcwfrL3AsiSHByb2plY3RzL3BvcHBpbi1zLWFwcC9sb2NhdGlvbnMvZXVyb3BlLXdlc3QxL2Z1bmN0aW9ucy9zZW5kRW1haWxUb1BhcmVudCoMCMDN0MYGEJjK0+4CMghub2RlanMyMDp3CiNnY3IuaW8vZ2FlLXJ1bnRpbWVzL25vZGVqczIwOnN0YWJsZRJQZXVyb3BlLXdlc3QxLWRvY2tlci5wa2cuZGV2L3NlcnZlcmxlc3MtcnVudGltZXMvZ29vZ2xlLTIyLWZ1bGwvcnVudGltZXMvbm9kZWpzMjBAAQ==","operationType":"UPDATE_FUNCTION","buildName":"projects/402812477660/locations/europe-west1/builds/8677a979-60d7-4bfa-982e-bc51ddffff95"},"done":false}
[debug] [2025-09-24T17:13:43.436Z] Got source token Clhwcm9qZWN0cy80MDI4MTI0Nzc2NjAvbG9jYXRpb25zL2V1cm9wZS13ZXN0MS9idWlsZHMvODY3N2E5NzktNjBkNy00YmZhLTk4MmUtYmM1MWRkZmZmZjk1EnRldXJvcGUtd2VzdDEtZG9ja2VyLnBrZy5kZXYvcG9wcGluLXMtYXBwL2djZi1hcnRpZmFjdHMvcG9wcGluLS1zLS1hcHBfX2V1cm9wZS0td2VzdDFfX3NlbmRfZW1haWxfdG9fcGFyZW50OnZlcnNpb25fMRjcwfrL3AsiSHByb2plY3RzL3BvcHBpbi1zLWFwcC9sb2NhdGlvbnMvZXVyb3BlLXdlc3QxL2Z1bmN0aW9ucy9zZW5kRW1haWxUb1BhcmVudCoMCMDN0MYGEJjK0+4CMghub2RlanMyMDp3CiNnY3IuaW8vZ2FlLXJ1bnRpbWVzL25vZGVqczIwOnN0YWJsZRJQZXVyb3BlLXdlc3QxLWRvY2tlci5wa2cuZGV2L3NlcnZlcmxlc3MtcnVudGltZXMvZ29vZ2xlLTIyLWZ1bGwvcnVudGltZXMvbm9kZWpzMjBAAQ== for region europe-west1
[debug] [2025-09-24T17:13:43.443Z] [update-default-europe-west1-cancelDelegation] Retrying task index 0
[debug] [2025-09-24T17:13:43.443Z] Checked if tokens are valid: true, expires at: 1758736880538
[debug] [2025-09-24T17:13:43.443Z] Checked if tokens are valid: true, expires at: 1758736880538
[debug] [2025-09-24T17:13:43.443Z] >>> [apiv2][query] GET https://cloudfunctions.googleapis.com/v2/projects/poppin-s-app/locations/europe-west1/operations/operation-1758734020383-63f8f2c8a14e7-6d5755d8-15ed11fb [none]
[debug] [2025-09-24T17:13:43.472Z] <<< [apiv2][status] GET https://cloudfunctions.googleapis.com/v2/projects/poppin-s-app/locations/europe-west1/operations/operation-1758734020361-63f8f2c89bd41-3872ef92-9d395aea 200
[debug] [2025-09-24T17:13:43.472Z] <<< [apiv2][body] GET https://cloudfunctions.googleapis.com/v2/projects/poppin-s-app/locations/europe-west1/operations/operation-1758734020361-63f8f2c89bd41-3872ef92-9d395aea {"name":"projects/poppin-s-app/locations/europe-west1/operations/operation-1758734020361-63f8f2c89bd41-3872ef92-9d395aea","metadata":{"@type":"type.googleapis.com/google.cloud.functions.v2.OperationMetadata","createTime":"2025-09-24T17:13:41.783549715Z","target":"projects/poppin-s-app/locations/europe-west1/functions/retryFailedEmails","verb":"update","cancelRequested":false,"apiVersion":"v2","requestResource":{"@type":"type.googleapis.com/google.cloud.functions.v2.Function","name":"projects/poppin-s-app/locations/europe-west1/functions/retryFailedEmails","buildConfig":{"runtime":"nodejs20","entryPoint":"retryFailedEmails","source":{"storageSource":{"bucket":"gcf-v2-sources-402812477660-europe-west1","object":"retryFailedEmails/function-source.zip","generation":"1758734021741000"}},"environmentVariables":{"GOOGLE_NODE_RUN_SCRIPTS":""},"dockerRepository":"projects/poppin-s-app/locations/europe-west1/repositories/gcf-artifacts","sourceProvenance":{"resolvedStorageSource":{"bucket":"gcf-v2-sources-402812477660-europe-west1","object":"retryFailedEmails/function-source.zip","generation":"1758733376031637"}},"dockerRegistry":"ARTIFACT_REGISTRY","sourceToken":"Clhwcm9qZWN0cy80MDI4MTI0Nzc2NjAvbG9jYXRpb25zL2V1cm9wZS13ZXN0MS9idWlsZHMvODY3N2E5NzktNjBkNy00YmZhLTk4MmUtYmM1MWRkZmZmZjk1EnRldXJvcGUtd2VzdDEtZG9ja2VyLnBrZy5kZXYvcG9wcGluLXMtYXBwL2djZi1hcnRpZmFjdHMvcG9wcGluLS1zLS1hcHBfX2V1cm9wZS0td2VzdDFfX3NlbmRfZW1haWxfdG9fcGFyZW50OnZlcnNpb25fMRjcwfrL3AsiSHByb2plY3RzL3BvcHBpbi1zLWFwcC9sb2NhdGlvbnMvZXVyb3BlLXdlc3QxL2Z1bmN0aW9ucy9zZW5kRW1haWxUb1BhcmVudCoMCMDN0MYGEJjK0+4CMghub2RlanMyMDp3CiNnY3IuaW8vZ2FlLXJ1bnRpbWVzL25vZGVqczIwOnN0YWJsZRJQZXVyb3BlLXdlc3QxLWRvY2tlci5wa2cuZGV2L3NlcnZlcmxlc3MtcnVudGltZXMvZ29vZ2xlLTIyLWZ1bGwvcnVudGltZXMvbm9kZWpzMjBAAQ==","serviceAccount":"projects/poppin-s-app/serviceAccounts/402812477660-compute@developer.gserviceaccount.com","automaticUpdatePolicy":{}},"serviceConfig":{"service":"projects/poppin-s-app/locations/europe-west1/services/retryfailedemails","timeoutSeconds":60,"environmentVariables":{"EMAIL_USER":"votre_email@gmail.com","EMAIL_PASSWORD":"votre_mot_de_passe_securise","FIREBASE_CONFIG":"{\"projectId\":\"poppin-s-app\",\"storageBucket\":\"poppin-s-app.firebasestorage.app\"}","GCLOUD_PROJECT":"poppin-s-app","EVENTARC_CLOUD_EVENT_SOURCE":"projects/poppin-s-app/locations/europe-west1/services/retryFailedEmails","FUNCTION_TARGET":"retryFailedEmails","LOG_EXECUTION_ID":"true","FUNCTION_SIGNATURE_TYPE":"http"},"ingressSettings":"ALLOW_ALL","uri":"https://retryfailedemails-j3na7x5n2a-ew.a.run.app","serviceAccountEmail":"402812477660-compute@developer.gserviceaccount.com","availableMemory":"256Mi","allTrafficOnLatestRevision":true,"revision":"retryfailedemails-00013-tip","maxInstanceRequestConcurrency":80,"availableCpu":"1"},"state":"ACTIVE","labels":{"deployment-tool":"cli-firebase","deployment-scheduled":"true","firebase-functions-hash":"ecbaa31c917c1fff03b9ad86e035ea77447bcf99"},"environment":"GEN_2","url":"https://europe-west1-poppin-s-app.cloudfunctions.net/retryFailedEmails","satisfiesPzi":true},"stages":[{"name":"BUILD","message":"Reusing build","state":"COMPLETE","resource":"projects/402812477660/locations/europe-west1/builds/8677a979-60d7-4bfa-982e-bc51ddffff95"},{"name":"SERVICE","message":"Updating Cloud Run service","state":"IN_PROGRESS","resource":"projects/poppin-s-app/locations/europe-west1/services/retryfailedemails","resourceUri":"https://console.cloud.google.com/run/detail/europe-west1/retryfailedemails?project=poppin-s-app","stateMessages":[{"severity":"INFO","type":"CloudRunServiceNewRevisionTrafficInfo","message":"A new revision will be deployed serving with 100% traffic."}]}],"sourceToken":"Clhwcm9qZWN0cy80MDI4MTI0Nzc2NjAvbG9jYXRpb25zL2V1cm9wZS13ZXN0MS9idWlsZHMvODY3N2E5NzktNjBkNy00YmZhLTk4MmUtYmM1MWRkZmZmZjk1EnRldXJvcGUtd2VzdDEtZG9ja2VyLnBrZy5kZXYvcG9wcGluLXMtYXBwL2djZi1hcnRpZmFjdHMvcG9wcGluLS1zLS1hcHBfX2V1cm9wZS0td2VzdDFfX3NlbmRfZW1haWxfdG9fcGFyZW50OnZlcnNpb25fMRjcwfrL3AsiSHByb2plY3RzL3BvcHBpbi1zLWFwcC9sb2NhdGlvbnMvZXVyb3BlLXdlc3QxL2Z1bmN0aW9ucy9zZW5kRW1haWxUb1BhcmVudCoMCMDN0MYGEJjK0+4CMghub2RlanMyMDp3CiNnY3IuaW8vZ2FlLXJ1bnRpbWVzL25vZGVqczIwOnN0YWJsZRJQZXVyb3BlLXdlc3QxLWRvY2tlci5wa2cuZGV2L3NlcnZlcmxlc3MtcnVudGltZXMvZ29vZ2xlLTIyLWZ1bGwvcnVudGltZXMvbm9kZWpzMjBAAQ==","operationType":"UPDATE_FUNCTION","buildName":"projects/402812477660/locations/europe-west1/builds/8677a979-60d7-4bfa-982e-bc51ddffff95"},"done":false}
[debug] [2025-09-24T17:13:43.473Z] Got source token Clhwcm9qZWN0cy80MDI4MTI0Nzc2NjAvbG9jYXRpb25zL2V1cm9wZS13ZXN0MS9idWlsZHMvODY3N2E5NzktNjBkNy00YmZhLTk4MmUtYmM1MWRkZmZmZjk1EnRldXJvcGUtd2VzdDEtZG9ja2VyLnBrZy5kZXYvcG9wcGluLXMtYXBwL2djZi1hcnRpZmFjdHMvcG9wcGluLS1zLS1hcHBfX2V1cm9wZS0td2VzdDFfX3NlbmRfZW1haWxfdG9fcGFyZW50OnZlcnNpb25fMRjcwfrL3AsiSHByb2plY3RzL3BvcHBpbi1zLWFwcC9sb2NhdGlvbnMvZXVyb3BlLXdlc3QxL2Z1bmN0aW9ucy9zZW5kRW1haWxUb1BhcmVudCoMCMDN0MYGEJjK0+4CMghub2RlanMyMDp3CiNnY3IuaW8vZ2FlLXJ1bnRpbWVzL25vZGVqczIwOnN0YWJsZRJQZXVyb3BlLXdlc3QxLWRvY2tlci5wa2cuZGV2L3NlcnZlcmxlc3MtcnVudGltZXMvZ29vZ2xlLTIyLWZ1bGwvcnVudGltZXMvbm9kZWpzMjBAAQ== for region europe-west1
[debug] [2025-09-24T17:13:43.489Z] <<< [apiv2][status] GET https://cloudfunctions.googleapis.com/v2/projects/poppin-s-app/locations/europe-west1/operations/operation-1758734020383-63f8f2c8a14e7-6d5755d8-15ed11fb 200
[debug] [2025-09-24T17:13:43.490Z] <<< [apiv2][body] GET https://cloudfunctions.googleapis.com/v2/projects/poppin-s-app/locations/europe-west1/operations/operation-1758734020383-63f8f2c8a14e7-6d5755d8-15ed11fb {"name":"projects/poppin-s-app/locations/europe-west1/operations/operation-1758734020383-63f8f2c8a14e7-6d5755d8-15ed11fb","metadata":{"@type":"type.googleapis.com/google.cloud.functions.v2.OperationMetadata","createTime":"2025-09-24T17:13:41.803708058Z","target":"projects/poppin-s-app/locations/europe-west1/functions/cancelDelegation","verb":"update","cancelRequested":false,"apiVersion":"v2","requestResource":{"@type":"type.googleapis.com/google.cloud.functions.v2.Function","name":"projects/poppin-s-app/locations/europe-west1/functions/cancelDelegation","buildConfig":{"runtime":"nodejs20","entryPoint":"cancelDelegation","source":{"storageSource":{"bucket":"gcf-v2-sources-402812477660-europe-west1","object":"cancelDelegation/function-source.zip","generation":"1758734021764882"}},"environmentVariables":{"GOOGLE_NODE_RUN_SCRIPTS":""},"dockerRepository":"projects/poppin-s-app/locations/europe-west1/repositories/gcf-artifacts","sourceProvenance":{"resolvedStorageSource":{"bucket":"gcf-v2-sources-402812477660-europe-west1","object":"cancelDelegation/function-source.zip","generation":"1758733376075305"}},"dockerRegistry":"ARTIFACT_REGISTRY","sourceToken":"Clhwcm9qZWN0cy80MDI4MTI0Nzc2NjAvbG9jYXRpb25zL2V1cm9wZS13ZXN0MS9idWlsZHMvODY3N2E5NzktNjBkNy00YmZhLTk4MmUtYmM1MWRkZmZmZjk1EnRldXJvcGUtd2VzdDEtZG9ja2VyLnBrZy5kZXYvcG9wcGluLXMtYXBwL2djZi1hcnRpZmFjdHMvcG9wcGluLS1zLS1hcHBfX2V1cm9wZS0td2VzdDFfX3NlbmRfZW1haWxfdG9fcGFyZW50OnZlcnNpb25fMRjcwfrL3AsiSHByb2plY3RzL3BvcHBpbi1zLWFwcC9sb2NhdGlvbnMvZXVyb3BlLXdlc3QxL2Z1bmN0aW9ucy9zZW5kRW1haWxUb1BhcmVudCoMCMDN0MYGEJjK0+4CMghub2RlanMyMDp3CiNnY3IuaW8vZ2FlLXJ1bnRpbWVzL25vZGVqczIwOnN0YWJsZRJQZXVyb3BlLXdlc3QxLWRvY2tlci5wa2cuZGV2L3NlcnZlcmxlc3MtcnVudGltZXMvZ29vZ2xlLTIyLWZ1bGwvcnVudGltZXMvbm9kZWpzMjBAAQ==","serviceAccount":"projects/poppin-s-app/serviceAccounts/402812477660-compute@developer.gserviceaccount.com","automaticUpdatePolicy":{}},"serviceConfig":{"service":"projects/poppin-s-app/locations/europe-west1/services/canceldelegation","timeoutSeconds":60,"environmentVariables":{"EMAIL_USER":"votre_email@gmail.com","EMAIL_PASSWORD":"votre_mot_de_passe_securise","FIREBASE_CONFIG":"{\"projectId\":\"poppin-s-app\",\"storageBucket\":\"poppin-s-app.firebasestorage.app\"}","GCLOUD_PROJECT":"poppin-s-app","EVENTARC_CLOUD_EVENT_SOURCE":"projects/poppin-s-app/locations/europe-west1/services/cancelDelegation","FUNCTION_TARGET":"cancelDelegation","LOG_EXECUTION_ID":"true","FUNCTION_SIGNATURE_TYPE":"http"},"ingressSettings":"ALLOW_ALL","uri":"https://canceldelegation-j3na7x5n2a-ew.a.run.app","serviceAccountEmail":"402812477660-compute@developer.gserviceaccount.com","availableMemory":"256Mi","allTrafficOnLatestRevision":true,"revision":"canceldelegation-00004-ruw","maxInstanceRequestConcurrency":80,"availableCpu":"1"},"state":"ACTIVE","labels":{"deployment-tool":"cli-firebase","deployment-callable":"true","firebase-functions-hash":"ecbaa31c917c1fff03b9ad86e035ea77447bcf99"},"environment":"GEN_2","url":"https://europe-west1-poppin-s-app.cloudfunctions.net/cancelDelegation","satisfiesPzi":true},"stages":[{"name":"BUILD","message":"Reusing build","state":"COMPLETE","resource":"projects/402812477660/locations/europe-west1/builds/8677a979-60d7-4bfa-982e-bc51ddffff95"},{"name":"SERVICE","message":"Updating Cloud Run service","state":"IN_PROGRESS","resource":"projects/poppin-s-app/locations/europe-west1/services/canceldelegation","resourceUri":"https://console.cloud.google.com/run/detail/europe-west1/canceldelegation?project=poppin-s-app","stateMessages":[{"severity":"INFO","type":"CloudRunServiceNewRevisionTrafficInfo","message":"A new revision will be deployed serving with 100% traffic."}]}],"sourceToken":"Clhwcm9qZWN0cy80MDI4MTI0Nzc2NjAvbG9jYXRpb25zL2V1cm9wZS13ZXN0MS9idWlsZHMvODY3N2E5NzktNjBkNy00YmZhLTk4MmUtYmM1MWRkZmZmZjk1EnRldXJvcGUtd2VzdDEtZG9ja2VyLnBrZy5kZXYvcG9wcGluLXMtYXBwL2djZi1hcnRpZmFjdHMvcG9wcGluLS1zLS1hcHBfX2V1cm9wZS0td2VzdDFfX3NlbmRfZW1haWxfdG9fcGFyZW50OnZlcnNpb25fMRjcwfrL3AsiSHByb2plY3RzL3BvcHBpbi1zLWFwcC9sb2NhdGlvbnMvZXVyb3BlLXdlc3QxL2Z1bmN0aW9ucy9zZW5kRW1haWxUb1BhcmVudCoMCMDN0MYGEJjK0+4CMghub2RlanMyMDp3CiNnY3IuaW8vZ2FlLXJ1bnRpbWVzL25vZGVqczIwOnN0YWJsZRJQZXVyb3BlLXdlc3QxLWRvY2tlci5wa2cuZGV2L3NlcnZlcmxlc3MtcnVudGltZXMvZ29vZ2xlLTIyLWZ1bGwvcnVudGltZXMvbm9kZWpzMjBAAQ==","operationType":"UPDATE_FUNCTION","buildName":"projects/402812477660/locations/europe-west1/builds/8677a979-60d7-4bfa-982e-bc51ddffff95"},"done":false}
[debug] [2025-09-24T17:13:43.490Z] Got source token Clhwcm9qZWN0cy80MDI4MTI0Nzc2NjAvbG9jYXRpb25zL2V1cm9wZS13ZXN0MS9idWlsZHMvODY3N2E5NzktNjBkNy00YmZhLTk4MmUtYmM1MWRkZmZmZjk1EnRldXJvcGUtd2VzdDEtZG9ja2VyLnBrZy5kZXYvcG9wcGluLXMtYXBwL2djZi1hcnRpZmFjdHMvcG9wcGluLS1zLS1hcHBfX2V1cm9wZS0td2VzdDFfX3NlbmRfZW1haWxfdG9fcGFyZW50OnZlcnNpb25fMRjcwfrL3AsiSHByb2plY3RzL3BvcHBpbi1zLWFwcC9sb2NhdGlvbnMvZXVyb3BlLXdlc3QxL2Z1bmN0aW9ucy9zZW5kRW1haWxUb1BhcmVudCoMCMDN0MYGEJjK0+4CMghub2RlanMyMDp3CiNnY3IuaW8vZ2FlLXJ1bnRpbWVzL25vZGVqczIwOnN0YWJsZRJQZXVyb3BlLXdlc3QxLWRvY2tlci5wa2cuZGV2L3NlcnZlcmxlc3MtcnVudGltZXMvZ29vZ2xlLTIyLWZ1bGwvcnVudGltZXMvbm9kZWpzMjBAAQ== for region europe-west1
[debug] [2025-09-24T17:13:43.520Z] [update-default-europe-west1-acceptDelegation] Retrying task index 0
[debug] [2025-09-24T17:13:43.521Z] Checked if tokens are valid: true, expires at: 1758736880538
[debug] [2025-09-24T17:13:43.521Z] Checked if tokens are valid: true, expires at: 1758736880538
[debug] [2025-09-24T17:13:43.521Z] >>> [apiv2][query] GET https://cloudfunctions.googleapis.com/v2/projects/poppin-s-app/locations/europe-west1/operations/operation-1758734020331-63f8f2c894786-13e1ccfa-dd435520 [none]
[debug] [2025-09-24T17:13:43.556Z] [update-default-europe-west1-onNewMessage] Retrying task index 0
[debug] [2025-09-24T17:13:43.556Z] Checked if tokens are valid: true, expires at: 1758736880538
[debug] [2025-09-24T17:13:43.556Z] Checked if tokens are valid: true, expires at: 1758736880538
[debug] [2025-09-24T17:13:43.557Z] >>> [apiv2][query] GET https://cloudfunctions.googleapis.com/v2/projects/poppin-s-app/locations/europe-west1/operations/operation-1758734020383-63f8f2c8a14a2-37bbcb92-d73fd8d9 [none]
[debug] [2025-09-24T17:13:43.566Z] <<< [apiv2][status] GET https://cloudfunctions.googleapis.com/v2/projects/poppin-s-app/locations/europe-west1/operations/operation-1758734020331-63f8f2c894786-13e1ccfa-dd435520 200
[debug] [2025-09-24T17:13:43.566Z] <<< [apiv2][body] GET https://cloudfunctions.googleapis.com/v2/projects/poppin-s-app/locations/europe-west1/operations/operation-1758734020331-63f8f2c894786-13e1ccfa-dd435520 {"name":"projects/poppin-s-app/locations/europe-west1/operations/operation-1758734020331-63f8f2c894786-13e1ccfa-dd435520","metadata":{"@type":"type.googleapis.com/google.cloud.functions.v2.OperationMetadata","createTime":"2025-09-24T17:13:41.884606757Z","target":"projects/poppin-s-app/locations/europe-west1/functions/acceptDelegation","verb":"update","cancelRequested":false,"apiVersion":"v2","requestResource":{"@type":"type.googleapis.com/google.cloud.functions.v2.Function","name":"projects/poppin-s-app/locations/europe-west1/functions/acceptDelegation","buildConfig":{"runtime":"nodejs20","entryPoint":"acceptDelegation","source":{"storageSource":{"bucket":"gcf-v2-sources-402812477660-europe-west1","object":"acceptDelegation/function-source.zip","generation":"1758734021843027"}},"environmentVariables":{"GOOGLE_NODE_RUN_SCRIPTS":""},"dockerRepository":"projects/poppin-s-app/locations/europe-west1/repositories/gcf-artifacts","sourceProvenance":{"resolvedStorageSource":{"bucket":"gcf-v2-sources-402812477660-europe-west1","object":"acceptDelegation/function-source.zip","generation":"1758733375803976"}},"dockerRegistry":"ARTIFACT_REGISTRY","sourceToken":"Clhwcm9qZWN0cy80MDI4MTI0Nzc2NjAvbG9jYXRpb25zL2V1cm9wZS13ZXN0MS9idWlsZHMvODY3N2E5NzktNjBkNy00YmZhLTk4MmUtYmM1MWRkZmZmZjk1EnRldXJvcGUtd2VzdDEtZG9ja2VyLnBrZy5kZXYvcG9wcGluLXMtYXBwL2djZi1hcnRpZmFjdHMvcG9wcGluLS1zLS1hcHBfX2V1cm9wZS0td2VzdDFfX3NlbmRfZW1haWxfdG9fcGFyZW50OnZlcnNpb25fMRjcwfrL3AsiSHByb2plY3RzL3BvcHBpbi1zLWFwcC9sb2NhdGlvbnMvZXVyb3BlLXdlc3QxL2Z1bmN0aW9ucy9zZW5kRW1haWxUb1BhcmVudCoMCMDN0MYGEJjK0+4CMghub2RlanMyMDp3CiNnY3IuaW8vZ2FlLXJ1bnRpbWVzL25vZGVqczIwOnN0YWJsZRJQZXVyb3BlLXdlc3QxLWRvY2tlci5wa2cuZGV2L3NlcnZlcmxlc3MtcnVudGltZXMvZ29vZ2xlLTIyLWZ1bGwvcnVudGltZXMvbm9kZWpzMjBAAQ==","serviceAccount":"projects/poppin-s-app/serviceAccounts/402812477660-compute@developer.gserviceaccount.com","automaticUpdatePolicy":{}},"serviceConfig":{"service":"projects/poppin-s-app/locations/europe-west1/services/acceptdelegation","timeoutSeconds":60,"environmentVariables":{"EMAIL_USER":"votre_email@gmail.com","EMAIL_PASSWORD":"votre_mot_de_passe_securise","FIREBASE_CONFIG":"{\"projectId\":\"poppin-s-app\",\"storageBucket\":\"poppin-s-app.firebasestorage.app\"}","GCLOUD_PROJECT":"poppin-s-app","EVENTARC_CLOUD_EVENT_SOURCE":"projects/poppin-s-app/locations/europe-west1/services/acceptDelegation","FUNCTION_TARGET":"acceptDelegation","LOG_EXECUTION_ID":"true","FUNCTION_SIGNATURE_TYPE":"http"},"ingressSettings":"ALLOW_ALL","uri":"https://acceptdelegation-j3na7x5n2a-ew.a.run.app","serviceAccountEmail":"402812477660-compute@developer.gserviceaccount.com","availableMemory":"256Mi","allTrafficOnLatestRevision":true,"revision":"acceptdelegation-00004-zug","maxInstanceRequestConcurrency":80,"availableCpu":"1"},"state":"ACTIVE","labels":{"deployment-tool":"cli-firebase","deployment-callable":"true","firebase-functions-hash":"ecbaa31c917c1fff03b9ad86e035ea77447bcf99"},"environment":"GEN_2","url":"https://europe-west1-poppin-s-app.cloudfunctions.net/acceptDelegation","satisfiesPzi":true},"stages":[{"name":"BUILD","message":"Reusing build","state":"COMPLETE","resource":"projects/402812477660/locations/europe-west1/builds/8677a979-60d7-4bfa-982e-bc51ddffff95"},{"name":"SERVICE","message":"Updating Cloud Run service","state":"IN_PROGRESS","resource":"projects/poppin-s-app/locations/europe-west1/services/acceptdelegation","resourceUri":"https://console.cloud.google.com/run/detail/europe-west1/acceptdelegation?project=poppin-s-app","stateMessages":[{"severity":"INFO","type":"CloudRunServiceNewRevisionTrafficInfo","message":"A new revision will be deployed serving with 100% traffic."}]}],"sourceToken":"Clhwcm9qZWN0cy80MDI4MTI0Nzc2NjAvbG9jYXRpb25zL2V1cm9wZS13ZXN0MS9idWlsZHMvODY3N2E5NzktNjBkNy00YmZhLTk4MmUtYmM1MWRkZmZmZjk1EnRldXJvcGUtd2VzdDEtZG9ja2VyLnBrZy5kZXYvcG9wcGluLXMtYXBwL2djZi1hcnRpZmFjdHMvcG9wcGluLS1zLS1hcHBfX2V1cm9wZS0td2VzdDFfX3NlbmRfZW1haWxfdG9fcGFyZW50OnZlcnNpb25fMRjcwfrL3AsiSHByb2plY3RzL3BvcHBpbi1zLWFwcC9sb2NhdGlvbnMvZXVyb3BlLXdlc3QxL2Z1bmN0aW9ucy9zZW5kRW1haWxUb1BhcmVudCoMCMDN0MYGEJjK0+4CMghub2RlanMyMDp3CiNnY3IuaW8vZ2FlLXJ1bnRpbWVzL25vZGVqczIwOnN0YWJsZRJQZXVyb3BlLXdlc3QxLWRvY2tlci5wa2cuZGV2L3NlcnZlcmxlc3MtcnVudGltZXMvZ29vZ2xlLTIyLWZ1bGwvcnVudGltZXMvbm9kZWpzMjBAAQ==","operationType":"UPDATE_FUNCTION","buildName":"projects/402812477660/locations/europe-west1/builds/8677a979-60d7-4bfa-982e-bc51ddffff95"},"done":false}
[debug] [2025-09-24T17:13:43.567Z] Got source token Clhwcm9qZWN0cy80MDI4MTI0Nzc2NjAvbG9jYXRpb25zL2V1cm9wZS13ZXN0MS9idWlsZHMvODY3N2E5NzktNjBkNy00YmZhLTk4MmUtYmM1MWRkZmZmZjk1EnRldXJvcGUtd2VzdDEtZG9ja2VyLnBrZy5kZXYvcG9wcGluLXMtYXBwL2djZi1hcnRpZmFjdHMvcG9wcGluLS1zLS1hcHBfX2V1cm9wZS0td2VzdDFfX3NlbmRfZW1haWxfdG9fcGFyZW50OnZlcnNpb25fMRjcwfrL3AsiSHByb2plY3RzL3BvcHBpbi1zLWFwcC9sb2NhdGlvbnMvZXVyb3BlLXdlc3QxL2Z1bmN0aW9ucy9zZW5kRW1haWxUb1BhcmVudCoMCMDN0MYGEJjK0+4CMghub2RlanMyMDp3CiNnY3IuaW8vZ2FlLXJ1bnRpbWVzL25vZGVqczIwOnN0YWJsZRJQZXVyb3BlLXdlc3QxLWRvY2tlci5wa2cuZGV2L3NlcnZlcmxlc3MtcnVudGltZXMvZ29vZ2xlLTIyLWZ1bGwvcnVudGltZXMvbm9kZWpzMjBAAQ== for region europe-west1
[debug] [2025-09-24T17:13:43.580Z] [update-default-europe-west1-onDelegationCreated] Retrying task index 0
[debug] [2025-09-24T17:13:43.580Z] Checked if tokens are valid: true, expires at: 1758736880538
[debug] [2025-09-24T17:13:43.580Z] Checked if tokens are valid: true, expires at: 1758736880538
[debug] [2025-09-24T17:13:43.580Z] >>> [apiv2][query] GET https://cloudfunctions.googleapis.com/v2/projects/poppin-s-app/locations/europe-west1/operations/operation-1758734020365-63f8f2c89cb81-055d6225-33c66182 [none]
[debug] [2025-09-24T17:13:43.607Z] [update-default-europe-west1-onStockNeedsUpdated] Retrying task index 0
[debug] [2025-09-24T17:13:43.607Z] Checked if tokens are valid: true, expires at: 1758736880538
[debug] [2025-09-24T17:13:43.607Z] Checked if tokens are valid: true, expires at: 1758736880538
[debug] [2025-09-24T17:13:43.607Z] >>> [apiv2][query] GET https://cloudfunctions.googleapis.com/v2/projects/poppin-s-app/locations/europe-west1/operations/operation-1758734020370-63f8f2c89e1f0-de4c0a3a-44a19313 [none]
[debug] [2025-09-24T17:13:43.621Z] <<< [apiv2][status] GET https://cloudfunctions.googleapis.com/v2/projects/poppin-s-app/locations/europe-west1/operations/operation-1758734020383-63f8f2c8a14a2-37bbcb92-d73fd8d9 200
[debug] [2025-09-24T17:13:43.622Z] <<< [apiv2][body] GET https://cloudfunctions.googleapis.com/v2/projects/poppin-s-app/locations/europe-west1/operations/operation-1758734020383-63f8f2c8a14a2-37bbcb92-d73fd8d9 {"name":"projects/poppin-s-app/locations/europe-west1/operations/operation-1758734020383-63f8f2c8a14a2-37bbcb92-d73fd8d9","metadata":{"@type":"type.googleapis.com/google.cloud.functions.v2.OperationMetadata","createTime":"2025-09-24T17:13:41.924675768Z","target":"projects/poppin-s-app/locations/europe-west1/functions/onNewMessage","verb":"update","cancelRequested":false,"apiVersion":"v2","requestResource":{"@type":"type.googleapis.com/google.cloud.functions.v2.Function","name":"projects/poppin-s-app/locations/europe-west1/functions/onNewMessage","buildConfig":{"runtime":"nodejs20","entryPoint":"onNewMessage","source":{"storageSource":{"bucket":"gcf-v2-sources-402812477660-europe-west1","object":"onNewMessage/function-source.zip","generation":"1758734021881509"}},"environmentVariables":{"GOOGLE_NODE_RUN_SCRIPTS":""},"dockerRepository":"projects/poppin-s-app/locations/europe-west1/repositories/gcf-artifacts","sourceProvenance":{"resolvedStorageSource":{"bucket":"gcf-v2-sources-402812477660-europe-west1","object":"onNewMessage/function-source.zip","generation":"1758733376447997"}},"dockerRegistry":"ARTIFACT_REGISTRY","sourceToken":"Clhwcm9qZWN0cy80MDI4MTI0Nzc2NjAvbG9jYXRpb25zL2V1cm9wZS13ZXN0MS9idWlsZHMvODY3N2E5NzktNjBkNy00YmZhLTk4MmUtYmM1MWRkZmZmZjk1EnRldXJvcGUtd2VzdDEtZG9ja2VyLnBrZy5kZXYvcG9wcGluLXMtYXBwL2djZi1hcnRpZmFjdHMvcG9wcGluLS1zLS1hcHBfX2V1cm9wZS0td2VzdDFfX3NlbmRfZW1haWxfdG9fcGFyZW50OnZlcnNpb25fMRjcwfrL3AsiSHByb2plY3RzL3BvcHBpbi1zLWFwcC9sb2NhdGlvbnMvZXVyb3BlLXdlc3QxL2Z1bmN0aW9ucy9zZW5kRW1haWxUb1BhcmVudCoMCMDN0MYGEJjK0+4CMghub2RlanMyMDp3CiNnY3IuaW8vZ2FlLXJ1bnRpbWVzL25vZGVqczIwOnN0YWJsZRJQZXVyb3BlLXdlc3QxLWRvY2tlci5wa2cuZGV2L3NlcnZlcmxlc3MtcnVudGltZXMvZ29vZ2xlLTIyLWZ1bGwvcnVudGltZXMvbm9kZWpzMjBAAQ==","serviceAccount":"projects/poppin-s-app/serviceAccounts/402812477660-compute@developer.gserviceaccount.com","automaticUpdatePolicy":{}},"serviceConfig":{"service":"projects/poppin-s-app/locations/europe-west1/services/onnewmessage","timeoutSeconds":60,"environmentVariables":{"EMAIL_USER":"votre_email@gmail.com","EMAIL_PASSWORD":"votre_mot_de_passe_securise","FIREBASE_CONFIG":"{\"projectId\":\"poppin-s-app\",\"storageBucket\":\"poppin-s-app.firebasestorage.app\"}","GCLOUD_PROJECT":"poppin-s-app","EVENTARC_CLOUD_EVENT_SOURCE":"projects/poppin-s-app/locations/europe-west1/services/onNewMessage","FUNCTION_SIGNATURE_TYPE":"cloudevent","FUNCTION_TARGET":"onNewMessage","LOG_EXECUTION_ID":"true"},"ingressSettings":"ALLOW_ALL","uri":"https://onnewmessage-j3na7x5n2a-ew.a.run.app","serviceAccountEmail":"402812477660-compute@developer.gserviceaccount.com","availableMemory":"256Mi","allTrafficOnLatestRevision":true,"revision":"onnewmessage-00007-paf","maxInstanceRequestConcurrency":80,"availableCpu":"1"},"eventTrigger":{"trigger":"projects/poppin-s-app/locations/europe-west9/triggers/onnewmessage-930037","triggerRegion":"europe-west9","eventType":"google.cloud.firestore.document.v1.created","eventFilters":[{"attribute":"database","value":"(default)"},{"attribute":"namespace","value":"(default)"},{"attribute":"document","value":"exchanges/{messageId}","operator":"match-path-pattern"}],"pubsubTopic":"projects/poppin-s-app/topics/eventarc-europe-west9-onnewmessage-930037-538","serviceAccountEmail":"402812477660-compute@developer.gserviceaccount.com","retryPolicy":"RETRY_POLICY_DO_NOT_RETRY"},"state":"ACTIVE","labels":{"deployment-tool":"cli-firebase","firebase-functions-hash":"ecbaa31c917c1fff03b9ad86e035ea77447bcf99"},"environment":"GEN_2","url":"https://europe-west1-poppin-s-app.cloudfunctions.net/onNewMessage","satisfiesPzi":true},"stages":[{"name":"BUILD","message":"Reusing build","state":"COMPLETE","resource":"projects/402812477660/locations/europe-west1/builds/8677a979-60d7-4bfa-982e-bc51ddffff95"},{"name":"SERVICE","message":"Updating Cloud Run service","state":"IN_PROGRESS","resource":"projects/poppin-s-app/locations/europe-west1/services/onnewmessage","resourceUri":"https://console.cloud.google.com/run/detail/europe-west1/onnewmessage?project=poppin-s-app","stateMessages":[{"severity":"INFO","type":"CloudRunServiceNewRevisionTrafficInfo","message":"A new revision will be deployed serving with 100% traffic."}]},{"name":"TRIGGER","state":"NOT_STARTED"}],"sourceToken":"Clhwcm9qZWN0cy80MDI4MTI0Nzc2NjAvbG9jYXRpb25zL2V1cm9wZS13ZXN0MS9idWlsZHMvODY3N2E5NzktNjBkNy00YmZhLTk4MmUtYmM1MWRkZmZmZjk1EnRldXJvcGUtd2VzdDEtZG9ja2VyLnBrZy5kZXYvcG9wcGluLXMtYXBwL2djZi1hcnRpZmFjdHMvcG9wcGluLS1zLS1hcHBfX2V1cm9wZS0td2VzdDFfX3NlbmRfZW1haWxfdG9fcGFyZW50OnZlcnNpb25fMRjcwfrL3AsiSHByb2plY3RzL3BvcHBpbi1zLWFwcC9sb2NhdGlvbnMvZXVyb3BlLXdlc3QxL2Z1bmN0aW9ucy9zZW5kRW1haWxUb1BhcmVudCoMCMDN0MYGEJjK0+4CMghub2RlanMyMDp3CiNnY3IuaW8vZ2FlLXJ1bnRpbWVzL25vZGVqczIwOnN0YWJsZRJQZXVyb3BlLXdlc3QxLWRvY2tlci5wa2cuZGV2L3NlcnZlcmxlc3MtcnVudGltZXMvZ29vZ2xlLTIyLWZ1bGwvcnVudGltZXMvbm9kZWpzMjBAAQ==","operationType":"UPDATE_FUNCTION","buildName":"projects/402812477660/locations/europe-west1/builds/8677a979-60d7-4bfa-982e-bc51ddffff95"},"done":false}
[debug] [2025-09-24T17:13:43.622Z] Got source token Clhwcm9qZWN0cy80MDI4MTI0Nzc2NjAvbG9jYXRpb25zL2V1cm9wZS13ZXN0MS9idWlsZHMvODY3N2E5NzktNjBkNy00YmZhLTk4MmUtYmM1MWRkZmZmZjk1EnRldXJvcGUtd2VzdDEtZG9ja2VyLnBrZy5kZXYvcG9wcGluLXMtYXBwL2djZi1hcnRpZmFjdHMvcG9wcGluLS1zLS1hcHBfX2V1cm9wZS0td2VzdDFfX3NlbmRfZW1haWxfdG9fcGFyZW50OnZlcnNpb25fMRjcwfrL3AsiSHByb2plY3RzL3BvcHBpbi1zLWFwcC9sb2NhdGlvbnMvZXVyb3BlLXdlc3QxL2Z1bmN0aW9ucy9zZW5kRW1haWxUb1BhcmVudCoMCMDN0MYGEJjK0+4CMghub2RlanMyMDp3CiNnY3IuaW8vZ2FlLXJ1bnRpbWVzL25vZGVqczIwOnN0YWJsZRJQZXVyb3BlLXdlc3QxLWRvY2tlci5wa2cuZGV2L3NlcnZlcmxlc3MtcnVudGltZXMvZ29vZ2xlLTIyLWZ1bGwvcnVudGltZXMvbm9kZWpzMjBAAQ== for region europe-west1
[debug] [2025-09-24T17:13:43.636Z] <<< [apiv2][status] GET https://cloudfunctions.googleapis.com/v2/projects/poppin-s-app/locations/europe-west1/operations/operation-1758734020365-63f8f2c89cb81-055d6225-33c66182 200
[debug] [2025-09-24T17:13:43.636Z] <<< [apiv2][body] GET https://cloudfunctions.googleapis.com/v2/projects/poppin-s-app/locations/europe-west1/operations/operation-1758734020365-63f8f2c89cb81-055d6225-33c66182 {"name":"projects/poppin-s-app/locations/europe-west1/operations/operation-1758734020365-63f8f2c89cb81-055d6225-33c66182","metadata":{"@type":"type.googleapis.com/google.cloud.functions.v2.OperationMetadata","createTime":"2025-09-24T17:13:41.943695149Z","target":"projects/poppin-s-app/locations/europe-west1/functions/onDelegationCreated","verb":"update","cancelRequested":false,"apiVersion":"v2","requestResource":{"@type":"type.googleapis.com/google.cloud.functions.v2.Function","name":"projects/poppin-s-app/locations/europe-west1/functions/onDelegationCreated","buildConfig":{"runtime":"nodejs20","entryPoint":"onDelegationCreated","source":{"storageSource":{"bucket":"gcf-v2-sources-402812477660-europe-west1","object":"onDelegationCreated/function-source.zip","generation":"1758734021899379"}},"environmentVariables":{"GOOGLE_NODE_RUN_SCRIPTS":""},"dockerRepository":"projects/poppin-s-app/locations/europe-west1/repositories/gcf-artifacts","sourceProvenance":{"resolvedStorageSource":{"bucket":"gcf-v2-sources-402812477660-europe-west1","object":"onDelegationCreated/function-source.zip","generation":"1758733376459632"}},"dockerRegistry":"ARTIFACT_REGISTRY","sourceToken":"Clhwcm9qZWN0cy80MDI4MTI0Nzc2NjAvbG9jYXRpb25zL2V1cm9wZS13ZXN0MS9idWlsZHMvODY3N2E5NzktNjBkNy00YmZhLTk4MmUtYmM1MWRkZmZmZjk1EnRldXJvcGUtd2VzdDEtZG9ja2VyLnBrZy5kZXYvcG9wcGluLXMtYXBwL2djZi1hcnRpZmFjdHMvcG9wcGluLS1zLS1hcHBfX2V1cm9wZS0td2VzdDFfX3NlbmRfZW1haWxfdG9fcGFyZW50OnZlcnNpb25fMRjcwfrL3AsiSHByb2plY3RzL3BvcHBpbi1zLWFwcC9sb2NhdGlvbnMvZXVyb3BlLXdlc3QxL2Z1bmN0aW9ucy9zZW5kRW1haWxUb1BhcmVudCoMCMDN0MYGEJjK0+4CMghub2RlanMyMDp3CiNnY3IuaW8vZ2FlLXJ1bnRpbWVzL25vZGVqczIwOnN0YWJsZRJQZXVyb3BlLXdlc3QxLWRvY2tlci5wa2cuZGV2L3NlcnZlcmxlc3MtcnVudGltZXMvZ29vZ2xlLTIyLWZ1bGwvcnVudGltZXMvbm9kZWpzMjBAAQ==","serviceAccount":"projects/poppin-s-app/serviceAccounts/402812477660-compute@developer.gserviceaccount.com","automaticUpdatePolicy":{}},"serviceConfig":{"service":"projects/poppin-s-app/locations/europe-west1/services/ondelegationcreated","timeoutSeconds":60,"environmentVariables":{"EMAIL_USER":"votre_email@gmail.com","EMAIL_PASSWORD":"votre_mot_de_passe_securise","FIREBASE_CONFIG":"{\"projectId\":\"poppin-s-app\",\"storageBucket\":\"poppin-s-app.firebasestorage.app\"}","GCLOUD_PROJECT":"poppin-s-app","EVENTARC_CLOUD_EVENT_SOURCE":"projects/poppin-s-app/locations/europe-west1/services/onDelegationCreated","FUNCTION_SIGNATURE_TYPE":"cloudevent","FUNCTION_TARGET":"onDelegationCreated","LOG_EXECUTION_ID":"true"},"ingressSettings":"ALLOW_ALL","uri":"https://ondelegationcreated-j3na7x5n2a-ew.a.run.app","serviceAccountEmail":"402812477660-compute@developer.gserviceaccount.com","availableMemory":"256Mi","allTrafficOnLatestRevision":true,"revision":"ondelegationcreated-00003-zeg","maxInstanceRequestConcurrency":80,"availableCpu":"1"},"eventTrigger":{"trigger":"projects/poppin-s-app/locations/europe-west9/triggers/ondelegationcreated-613746","triggerRegion":"europe-west9","eventType":"google.cloud.firestore.document.v1.created","eventFilters":[{"attribute":"database","value":"(default)"},{"attribute":"namespace","value":"(default)"},{"attribute":"document","value":"structures/{structureId}/delegations/{delegationId}","operator":"match-path-pattern"}],"pubsubTopic":"projects/poppin-s-app/topics/eventarc-europe-west9-ondelegationcreated-613746-417","serviceAccountEmail":"402812477660-compute@developer.gserviceaccount.com","retryPolicy":"RETRY_POLICY_DO_NOT_RETRY"},"state":"ACTIVE","labels":{"deployment-tool":"cli-firebase","firebase-functions-hash":"ecbaa31c917c1fff03b9ad86e035ea77447bcf99"},"environment":"GEN_2","url":"https://europe-west1-poppin-s-app.cloudfunctions.net/onDelegationCreated","satisfiesPzi":true},"stages":[{"name":"BUILD","message":"Reusing build","state":"COMPLETE","resource":"projects/402812477660/locations/europe-west1/builds/8677a979-60d7-4bfa-982e-bc51ddffff95"},{"name":"SERVICE","message":"Updating Cloud Run service","state":"IN_PROGRESS","resource":"projects/poppin-s-app/locations/europe-west1/services/ondelegationcreated","resourceUri":"https://console.cloud.google.com/run/detail/europe-west1/ondelegationcreated?project=poppin-s-app","stateMessages":[{"severity":"INFO","type":"CloudRunServiceNewRevisionTrafficInfo","message":"A new revision will be deployed serving with 100% traffic."}]},{"name":"TRIGGER","state":"NOT_STARTED"}],"sourceToken":"Clhwcm9qZWN0cy80MDI4MTI0Nzc2NjAvbG9jYXRpb25zL2V1cm9wZS13ZXN0MS9idWlsZHMvODY3N2E5NzktNjBkNy00YmZhLTk4MmUtYmM1MWRkZmZmZjk1EnRldXJvcGUtd2VzdDEtZG9ja2VyLnBrZy5kZXYvcG9wcGluLXMtYXBwL2djZi1hcnRpZmFjdHMvcG9wcGluLS1zLS1hcHBfX2V1cm9wZS0td2VzdDFfX3NlbmRfZW1haWxfdG9fcGFyZW50OnZlcnNpb25fMRjcwfrL3AsiSHByb2plY3RzL3BvcHBpbi1zLWFwcC9sb2NhdGlvbnMvZXVyb3BlLXdlc3QxL2Z1bmN0aW9ucy9zZW5kRW1haWxUb1BhcmVudCoMCMDN0MYGEJjK0+4CMghub2RlanMyMDp3CiNnY3IuaW8vZ2FlLXJ1bnRpbWVzL25vZGVqczIwOnN0YWJsZRJQZXVyb3BlLXdlc3QxLWRvY2tlci5wa2cuZGV2L3NlcnZlcmxlc3MtcnVudGltZXMvZ29vZ2xlLTIyLWZ1bGwvcnVudGltZXMvbm9kZWpzMjBAAQ==","operationType":"UPDATE_FUNCTION","buildName":"projects/402812477660/locations/europe-west1/builds/8677a979-60d7-4bfa-982e-bc51ddffff95"},"done":false}
[debug] [2025-09-24T17:13:43.636Z] Got source token Clhwcm9qZWN0cy80MDI4MTI0Nzc2NjAvbG9jYXRpb25zL2V1cm9wZS13ZXN0MS9idWlsZHMvODY3N2E5NzktNjBkNy00YmZhLTk4MmUtYmM1MWRkZmZmZjk1EnRldXJvcGUtd2VzdDEtZG9ja2VyLnBrZy5kZXYvcG9wcGluLXMtYXBwL2djZi1hcnRpZmFjdHMvcG9wcGluLS1zLS1hcHBfX2V1cm9wZS0td2VzdDFfX3NlbmRfZW1haWxfdG9fcGFyZW50OnZlcnNpb25fMRjcwfrL3AsiSHByb2plY3RzL3BvcHBpbi1zLWFwcC9sb2NhdGlvbnMvZXVyb3BlLXdlc3QxL2Z1bmN0aW9ucy9zZW5kRW1haWxUb1BhcmVudCoMCMDN0MYGEJjK0+4CMghub2RlanMyMDp3CiNnY3IuaW8vZ2FlLXJ1bnRpbWVzL25vZGVqczIwOnN0YWJsZRJQZXVyb3BlLXdlc3QxLWRvY2tlci5wa2cuZGV2L3NlcnZlcmxlc3MtcnVudGltZXMvZ29vZ2xlLTIyLWZ1bGwvcnVudGltZXMvbm9kZWpzMjBAAQ== for region europe-west1
[debug] [2025-09-24T17:13:43.663Z] <<< [apiv2][status] GET https://cloudfunctions.googleapis.com/v2/projects/poppin-s-app/locations/europe-west1/operations/operation-1758734020370-63f8f2c89e1f0-de4c0a3a-44a19313 200
[debug] [2025-09-24T17:13:43.664Z] <<< [apiv2][body] GET https://cloudfunctions.googleapis.com/v2/projects/poppin-s-app/locations/europe-west1/operations/operation-1758734020370-63f8f2c89e1f0-de4c0a3a-44a19313 {"name":"projects/poppin-s-app/locations/europe-west1/operations/operation-1758734020370-63f8f2c89e1f0-de4c0a3a-44a19313","metadata":{"@type":"type.googleapis.com/google.cloud.functions.v2.OperationMetadata","createTime":"2025-09-24T17:13:41.952369740Z","target":"projects/poppin-s-app/locations/europe-west1/functions/onStockNeedsUpdated","verb":"update","cancelRequested":false,"apiVersion":"v2","requestResource":{"@type":"type.googleapis.com/google.cloud.functions.v2.Function","name":"projects/poppin-s-app/locations/europe-west1/functions/onStockNeedsUpdated","buildConfig":{"runtime":"nodejs20","entryPoint":"onStockNeedsUpdated","source":{"storageSource":{"bucket":"gcf-v2-sources-402812477660-europe-west1","object":"onStockNeedsUpdated/function-source.zip","generation":"1758734021898754"}},"environmentVariables":{"GOOGLE_NODE_RUN_SCRIPTS":""},"dockerRepository":"projects/poppin-s-app/locations/europe-west1/repositories/gcf-artifacts","sourceProvenance":{"resolvedStorageSource":{"bucket":"gcf-v2-sources-402812477660-europe-west1","object":"onStockNeedsUpdated/function-source.zip","generation":"1758733376321180"}},"dockerRegistry":"ARTIFACT_REGISTRY","sourceToken":"Clhwcm9qZWN0cy80MDI4MTI0Nzc2NjAvbG9jYXRpb25zL2V1cm9wZS13ZXN0MS9idWlsZHMvODY3N2E5NzktNjBkNy00YmZhLTk4MmUtYmM1MWRkZmZmZjk1EnRldXJvcGUtd2VzdDEtZG9ja2VyLnBrZy5kZXYvcG9wcGluLXMtYXBwL2djZi1hcnRpZmFjdHMvcG9wcGluLS1zLS1hcHBfX2V1cm9wZS0td2VzdDFfX3NlbmRfZW1haWxfdG9fcGFyZW50OnZlcnNpb25fMRjcwfrL3AsiSHByb2plY3RzL3BvcHBpbi1zLWFwcC9sb2NhdGlvbnMvZXVyb3BlLXdlc3QxL2Z1bmN0aW9ucy9zZW5kRW1haWxUb1BhcmVudCoMCMDN0MYGEJjK0+4CMghub2RlanMyMDp3CiNnY3IuaW8vZ2FlLXJ1bnRpbWVzL25vZGVqczIwOnN0YWJsZRJQZXVyb3BlLXdlc3QxLWRvY2tlci5wa2cuZGV2L3NlcnZlcmxlc3MtcnVudGltZXMvZ29vZ2xlLTIyLWZ1bGwvcnVudGltZXMvbm9kZWpzMjBAAQ==","serviceAccount":"projects/poppin-s-app/serviceAccounts/402812477660-compute@developer.gserviceaccount.com","automaticUpdatePolicy":{}},"serviceConfig":{"service":"projects/poppin-s-app/locations/europe-west1/services/onstockneedsupdated","timeoutSeconds":60,"environmentVariables":{"EMAIL_USER":"votre_email@gmail.com","EMAIL_PASSWORD":"votre_mot_de_passe_securise","FIREBASE_CONFIG":"{\"projectId\":\"poppin-s-app\",\"storageBucket\":\"poppin-s-app.firebasestorage.app\"}","GCLOUD_PROJECT":"poppin-s-app","EVENTARC_CLOUD_EVENT_SOURCE":"projects/poppin-s-app/locations/europe-west1/services/onStockNeedsUpdated","FUNCTION_SIGNATURE_TYPE":"cloudevent","FUNCTION_TARGET":"onStockNeedsUpdated","LOG_EXECUTION_ID":"true"},"ingressSettings":"ALLOW_ALL","uri":"https://onstockneedsupdated-j3na7x5n2a-ew.a.run.app","serviceAccountEmail":"402812477660-compute@developer.gserviceaccount.com","availableMemory":"256Mi","allTrafficOnLatestRevision":true,"revision":"onstockneedsupdated-00006-kew","maxInstanceRequestConcurrency":80,"availableCpu":"1"},"eventTrigger":{"trigger":"projects/poppin-s-app/locations/europe-west9/triggers/onstockneedsupdated-763256","triggerRegion":"europe-west9","eventType":"google.cloud.firestore.document.v1.written","eventFilters":[{"attribute":"database","value":"(default)"},{"attribute":"namespace","value":"(default)"},{"attribute":"document","value":"structures/{structureId}/children/{childId}/stocks/current","operator":"match-path-pattern"}],"pubsubTopic":"projects/poppin-s-app/topics/eventarc-europe-west9-onstockneedsupdated-763256-289","serviceAccountEmail":"402812477660-compute@developer.gserviceaccount.com","retryPolicy":"RETRY_POLICY_DO_NOT_RETRY"},"state":"ACTIVE","labels":{"deployment-tool":"cli-firebase","firebase-functions-hash":"ecbaa31c917c1fff03b9ad86e035ea77447bcf99"},"environment":"GEN_2","url":"https://europe-west1-poppin-s-app.cloudfunctions.net/onStockNeedsUpdated","satisfiesPzi":true},"stages":[{"name":"BUILD","message":"Reusing build","state":"COMPLETE","resource":"projects/402812477660/locations/europe-west1/builds/8677a979-60d7-4bfa-982e-bc51ddffff95"},{"name":"SERVICE","message":"Updating Cloud Run service","state":"IN_PROGRESS","resource":"projects/poppin-s-app/locations/europe-west1/services/onstockneedsupdated","resourceUri":"https://console.cloud.google.com/run/detail/europe-west1/onstockneedsupdated?project=poppin-s-app","stateMessages":[{"severity":"INFO","type":"CloudRunServiceNewRevisionTrafficInfo","message":"A new revision will be deployed serving with 100% traffic."}]},{"name":"TRIGGER","state":"NOT_STARTED"}],"sourceToken":"Clhwcm9qZWN0cy80MDI4MTI0Nzc2NjAvbG9jYXRpb25zL2V1cm9wZS13ZXN0MS9idWlsZHMvODY3N2E5NzktNjBkNy00YmZhLTk4MmUtYmM1MWRkZmZmZjk1EnRldXJvcGUtd2VzdDEtZG9ja2VyLnBrZy5kZXYvcG9wcGluLXMtYXBwL2djZi1hcnRpZmFjdHMvcG9wcGluLS1zLS1hcHBfX2V1cm9wZS0td2VzdDFfX3NlbmRfZW1haWxfdG9fcGFyZW50OnZlcnNpb25fMRjcwfrL3AsiSHByb2plY3RzL3BvcHBpbi1zLWFwcC9sb2NhdGlvbnMvZXVyb3BlLXdlc3QxL2Z1bmN0aW9ucy9zZW5kRW1haWxUb1BhcmVudCoMCMDN0MYGEJjK0+4CMghub2RlanMyMDp3CiNnY3IuaW8vZ2FlLXJ1bnRpbWVzL25vZGVqczIwOnN0YWJsZRJQZXVyb3BlLXdlc3QxLWRvY2tlci5wa2cuZGV2L3NlcnZlcmxlc3MtcnVudGltZXMvZ29vZ2xlLTIyLWZ1bGwvcnVudGltZXMvbm9kZWpzMjBAAQ==","operationType":"UPDATE_FUNCTION","buildName":"projects/402812477660/locations/europe-west1/builds/8677a979-60d7-4bfa-982e-bc51ddffff95"},"done":false}
[debug] [2025-09-24T17:13:43.664Z] Got source token Clhwcm9qZWN0cy80MDI4MTI0Nzc2NjAvbG9jYXRpb25zL2V1cm9wZS13ZXN0MS9idWlsZHMvODY3N2E5NzktNjBkNy00YmZhLTk4MmUtYmM1MWRkZmZmZjk1EnRldXJvcGUtd2VzdDEtZG9ja2VyLnBrZy5kZXYvcG9wcGluLXMtYXBwL2djZi1hcnRpZmFjdHMvcG9wcGluLS1zLS1hcHBfX2V1cm9wZS0td2VzdDFfX3NlbmRfZW1haWxfdG9fcGFyZW50OnZlcnNpb25fMRjcwfrL3AsiSHByb2plY3RzL3BvcHBpbi1zLWFwcC9sb2NhdGlvbnMvZXVyb3BlLXdlc3QxL2Z1bmN0aW9ucy9zZW5kRW1haWxUb1BhcmVudCoMCMDN0MYGEJjK0+4CMghub2RlanMyMDp3CiNnY3IuaW8vZ2FlLXJ1bnRpbWVzL25vZGVqczIwOnN0YWJsZRJQZXVyb3BlLXdlc3QxLWRvY2tlci5wa2cuZGV2L3NlcnZlcmxlc3MtcnVudGltZXMvZ29vZ2xlLTIyLWZ1bGwvcnVudGltZXMvbm9kZWpzMjBAAQ== for region europe-west1
[debug] [2025-09-24T17:13:43.777Z] [update-default-europe-west1-sendNotification] Retrying task index 0
[debug] [2025-09-24T17:13:43.778Z] Checked if tokens are valid: true, expires at: 1758736880538
[debug] [2025-09-24T17:13:43.778Z] Checked if tokens are valid: true, expires at: 1758736880538
[debug] [2025-09-24T17:13:43.778Z] >>> [apiv2][query] GET https://cloudfunctions.googleapis.com/v2/projects/poppin-s-app/locations/europe-west1/operations/operation-1758734020383-63f8f2c8a14e6-beca0c65-85dffa34 [none]
[debug] [2025-09-24T17:13:43.838Z] <<< [apiv2][status] GET https://cloudfunctions.googleapis.com/v2/projects/poppin-s-app/locations/europe-west1/operations/operation-1758734020383-63f8f2c8a14e6-beca0c65-85dffa34 200
[debug] [2025-09-24T17:13:43.839Z] <<< [apiv2][body] GET https://cloudfunctions.googleapis.com/v2/projects/poppin-s-app/locations/europe-west1/operations/operation-1758734020383-63f8f2c8a14e6-beca0c65-85dffa34 {"name":"projects/poppin-s-app/locations/europe-west1/operations/operation-1758734020383-63f8f2c8a14e6-beca0c65-85dffa34","metadata":{"@type":"type.googleapis.com/google.cloud.functions.v2.OperationMetadata","createTime":"2025-09-24T17:13:42.126375189Z","target":"projects/poppin-s-app/locations/europe-west1/functions/sendNotification","verb":"update","cancelRequested":false,"apiVersion":"v2","requestResource":{"@type":"type.googleapis.com/google.cloud.functions.v2.Function","name":"projects/poppin-s-app/locations/europe-west1/functions/sendNotification","buildConfig":{"runtime":"nodejs20","entryPoint":"sendNotification","source":{"storageSource":{"bucket":"gcf-v2-sources-402812477660-europe-west1","object":"sendNotification/function-source.zip","generation":"1758734021995939"}},"environmentVariables":{"GOOGLE_NODE_RUN_SCRIPTS":""},"dockerRepository":"projects/poppin-s-app/locations/europe-west1/repositories/gcf-artifacts","sourceProvenance":{"resolvedStorageSource":{"bucket":"gcf-v2-sources-402812477660-europe-west1","object":"sendNotification/function-source.zip","generation":"1758733376204936"}},"dockerRegistry":"ARTIFACT_REGISTRY","sourceToken":"Clhwcm9qZWN0cy80MDI4MTI0Nzc2NjAvbG9jYXRpb25zL2V1cm9wZS13ZXN0MS9idWlsZHMvODY3N2E5NzktNjBkNy00YmZhLTk4MmUtYmM1MWRkZmZmZjk1EnRldXJvcGUtd2VzdDEtZG9ja2VyLnBrZy5kZXYvcG9wcGluLXMtYXBwL2djZi1hcnRpZmFjdHMvcG9wcGluLS1zLS1hcHBfX2V1cm9wZS0td2VzdDFfX3NlbmRfZW1haWxfdG9fcGFyZW50OnZlcnNpb25fMRjcwfrL3AsiSHByb2plY3RzL3BvcHBpbi1zLWFwcC9sb2NhdGlvbnMvZXVyb3BlLXdlc3QxL2Z1bmN0aW9ucy9zZW5kRW1haWxUb1BhcmVudCoMCMDN0MYGEJjK0+4CMghub2RlanMyMDp3CiNnY3IuaW8vZ2FlLXJ1bnRpbWVzL25vZGVqczIwOnN0YWJsZRJQZXVyb3BlLXdlc3QxLWRvY2tlci5wa2cuZGV2L3NlcnZlcmxlc3MtcnVudGltZXMvZ29vZ2xlLTIyLWZ1bGwvcnVudGltZXMvbm9kZWpzMjBAAQ==","serviceAccount":"projects/poppin-s-app/serviceAccounts/402812477660-compute@developer.gserviceaccount.com","automaticUpdatePolicy":{}},"serviceConfig":{"service":"projects/poppin-s-app/locations/europe-west1/services/sendnotification","timeoutSeconds":60,"environmentVariables":{"EMAIL_USER":"votre_email@gmail.com","EMAIL_PASSWORD":"votre_mot_de_passe_securise","FIREBASE_CONFIG":"{\"projectId\":\"poppin-s-app\",\"storageBucket\":\"poppin-s-app.firebasestorage.app\"}","GCLOUD_PROJECT":"poppin-s-app","EVENTARC_CLOUD_EVENT_SOURCE":"projects/poppin-s-app/locations/europe-west1/services/sendNotification","FUNCTION_SIGNATURE_TYPE":"cloudevent","FUNCTION_TARGET":"sendNotification","LOG_EXECUTION_ID":"true"},"ingressSettings":"ALLOW_ALL","uri":"https://sendnotification-j3na7x5n2a-ew.a.run.app","serviceAccountEmail":"402812477660-compute@developer.gserviceaccount.com","availableMemory":"256Mi","allTrafficOnLatestRevision":true,"revision":"sendnotification-00007-moq","maxInstanceRequestConcurrency":80,"availableCpu":"1"},"eventTrigger":{"trigger":"projects/poppin-s-app/locations/europe-west9/triggers/sendnotification-959171","triggerRegion":"europe-west9","eventType":"google.cloud.firestore.document.v1.created","eventFilters":[{"attribute":"database","value":"(default)"},{"attribute":"namespace","value":"(default)"},{"attribute":"document","value":"notifications/{notificationId}","operator":"match-path-pattern"}],"pubsubTopic":"projects/poppin-s-app/topics/eventarc-europe-west9-sendnotification-959171-415","serviceAccountEmail":"402812477660-compute@developer.gserviceaccount.com","retryPolicy":"RETRY_POLICY_DO_NOT_RETRY"},"state":"ACTIVE","labels":{"deployment-tool":"cli-firebase","firebase-functions-hash":"ecbaa31c917c1fff03b9ad86e035ea77447bcf99"},"environment":"GEN_2","url":"https://europe-west1-poppin-s-app.cloudfunctions.net/sendNotification","satisfiesPzi":true},"stages":[{"name":"BUILD","message":"Reusing build","state":"COMPLETE","resource":"projects/402812477660/locations/europe-west1/builds/8677a979-60d7-4bfa-982e-bc51ddffff95"},{"name":"SERVICE","message":"Updating Cloud Run service","state":"IN_PROGRESS","resource":"projects/poppin-s-app/locations/europe-west1/services/sendnotification","resourceUri":"https://console.cloud.google.com/run/detail/europe-west1/sendnotification?project=poppin-s-app","stateMessages":[{"severity":"INFO","type":"CloudRunServiceNewRevisionTrafficInfo","message":"A new revision will be deployed serving with 100% traffic."}]},{"name":"TRIGGER","state":"NOT_STARTED"}],"sourceToken":"Clhwcm9qZWN0cy80MDI4MTI0Nzc2NjAvbG9jYXRpb25zL2V1cm9wZS13ZXN0MS9idWlsZHMvODY3N2E5NzktNjBkNy00YmZhLTk4MmUtYmM1MWRkZmZmZjk1EnRldXJvcGUtd2VzdDEtZG9ja2VyLnBrZy5kZXYvcG9wcGluLXMtYXBwL2djZi1hcnRpZmFjdHMvcG9wcGluLS1zLS1hcHBfX2V1cm9wZS0td2VzdDFfX3NlbmRfZW1haWxfdG9fcGFyZW50OnZlcnNpb25fMRjcwfrL3AsiSHByb2plY3RzL3BvcHBpbi1zLWFwcC9sb2NhdGlvbnMvZXVyb3BlLXdlc3QxL2Z1bmN0aW9ucy9zZW5kRW1haWxUb1BhcmVudCoMCMDN0MYGEJjK0+4CMghub2RlanMyMDp3CiNnY3IuaW8vZ2FlLXJ1bnRpbWVzL25vZGVqczIwOnN0YWJsZRJQZXVyb3BlLXdlc3QxLWRvY2tlci5wa2cuZGV2L3NlcnZlcmxlc3MtcnVudGltZXMvZ29vZ2xlLTIyLWZ1bGwvcnVudGltZXMvbm9kZWpzMjBAAQ==","operationType":"UPDATE_FUNCTION","buildName":"projects/402812477660/locations/europe-west1/builds/8677a979-60d7-4bfa-982e-bc51ddffff95"},"done":false}
[debug] [2025-09-24T17:13:43.839Z] Got source token Clhwcm9qZWN0cy80MDI4MTI0Nzc2NjAvbG9jYXRpb25zL2V1cm9wZS13ZXN0MS9idWlsZHMvODY3N2E5NzktNjBkNy00YmZhLTk4MmUtYmM1MWRkZmZmZjk1EnRldXJvcGUtd2VzdDEtZG9ja2VyLnBrZy5kZXYvcG9wcGluLXMtYXBwL2djZi1hcnRpZmFjdHMvcG9wcGluLS1zLS1hcHBfX2V1cm9wZS0td2VzdDFfX3NlbmRfZW1haWxfdG9fcGFyZW50OnZlcnNpb25fMRjcwfrL3AsiSHByb2plY3RzL3BvcHBpbi1zLWFwcC9sb2NhdGlvbnMvZXVyb3BlLXdlc3QxL2Z1bmN0aW9ucy9zZW5kRW1haWxUb1BhcmVudCoMCMDN0MYGEJjK0+4CMghub2RlanMyMDp3CiNnY3IuaW8vZ2FlLXJ1bnRpbWVzL25vZGVqczIwOnN0YWJsZRJQZXVyb3BlLXdlc3QxLWRvY2tlci5wa2cuZGV2L3NlcnZlcmxlc3MtcnVudGltZXMvZ29vZ2xlLTIyLWZ1bGwvcnVudGltZXMvbm9kZWpzMjBAAQ== for region europe-west1
[debug] [2025-09-24T17:13:45.299Z] [update-default-europe-west1-testNotification] Retrying task index 0
[debug] [2025-09-24T17:13:45.300Z] Checked if tokens are valid: true, expires at: 1758736880538
[debug] [2025-09-24T17:13:45.300Z] Checked if tokens are valid: true, expires at: 1758736880538
[debug] [2025-09-24T17:13:45.300Z] >>> [apiv2][query] GET https://cloudfunctions.googleapis.com/v2/projects/poppin-s-app/locations/europe-west1/operations/operation-1758734020372-63f8f2c89e9e4-5f59e2bc-ae5bc96a [none]
[debug] [2025-09-24T17:13:45.347Z] [update-default-europe-west1-processEmailQueue] Retrying task index 0
[debug] [2025-09-24T17:13:45.348Z] Checked if tokens are valid: true, expires at: 1758736880538
[debug] [2025-09-24T17:13:45.348Z] Checked if tokens are valid: true, expires at: 1758736880538
[debug] [2025-09-24T17:13:45.348Z] >>> [apiv2][query] GET https://cloudfunctions.googleapis.com/v2/projects/poppin-s-app/locations/europe-west1/operations/operation-1758734020371-63f8f2c89e3b4-2530d91d-0da147f7 [none]
[debug] [2025-09-24T17:13:45.358Z] <<< [apiv2][status] GET https://cloudfunctions.googleapis.com/v2/projects/poppin-s-app/locations/europe-west1/operations/operation-1758734020372-63f8f2c89e9e4-5f59e2bc-ae5bc96a 200
[debug] [2025-09-24T17:13:45.358Z] <<< [apiv2][body] GET https://cloudfunctions.googleapis.com/v2/projects/poppin-s-app/locations/europe-west1/operations/operation-1758734020372-63f8f2c89e9e4-5f59e2bc-ae5bc96a {"name":"projects/poppin-s-app/locations/europe-west1/operations/operation-1758734020372-63f8f2c89e9e4-5f59e2bc-ae5bc96a","metadata":{"@type":"type.googleapis.com/google.cloud.functions.v2.OperationMetadata","createTime":"2025-09-24T17:13:41.579212179Z","target":"projects/poppin-s-app/locations/europe-west1/functions/testNotification","verb":"update","cancelRequested":false,"apiVersion":"v2","requestResource":{"@type":"type.googleapis.com/google.cloud.functions.v2.Function","name":"projects/poppin-s-app/locations/europe-west1/functions/testNotification","buildConfig":{"runtime":"nodejs20","entryPoint":"testNotification","source":{"storageSource":{"bucket":"gcf-v2-sources-402812477660-europe-west1","object":"testNotification/function-source.zip","generation":"1758734021532030"}},"environmentVariables":{"GOOGLE_NODE_RUN_SCRIPTS":""},"dockerRepository":"projects/poppin-s-app/locations/europe-west1/repositories/gcf-artifacts","sourceProvenance":{"resolvedStorageSource":{"bucket":"gcf-v2-sources-402812477660-europe-west1","object":"testNotification/function-source.zip","generation":"1758733376162763"}},"dockerRegistry":"ARTIFACT_REGISTRY","sourceToken":"Clhwcm9qZWN0cy80MDI4MTI0Nzc2NjAvbG9jYXRpb25zL2V1cm9wZS13ZXN0MS9idWlsZHMvODY3N2E5NzktNjBkNy00YmZhLTk4MmUtYmM1MWRkZmZmZjk1EnRldXJvcGUtd2VzdDEtZG9ja2VyLnBrZy5kZXYvcG9wcGluLXMtYXBwL2djZi1hcnRpZmFjdHMvcG9wcGluLS1zLS1hcHBfX2V1cm9wZS0td2VzdDFfX3NlbmRfZW1haWxfdG9fcGFyZW50OnZlcnNpb25fMRjcwfrL3AsiSHByb2plY3RzL3BvcHBpbi1zLWFwcC9sb2NhdGlvbnMvZXVyb3BlLXdlc3QxL2Z1bmN0aW9ucy9zZW5kRW1haWxUb1BhcmVudCoMCMDN0MYGEJjK0+4CMghub2RlanMyMDp3CiNnY3IuaW8vZ2FlLXJ1bnRpbWVzL25vZGVqczIwOnN0YWJsZRJQZXVyb3BlLXdlc3QxLWRvY2tlci5wa2cuZGV2L3NlcnZlcmxlc3MtcnVudGltZXMvZ29vZ2xlLTIyLWZ1bGwvcnVudGltZXMvbm9kZWpzMjBAAQ==","serviceAccount":"projects/poppin-s-app/serviceAccounts/402812477660-compute@developer.gserviceaccount.com","automaticUpdatePolicy":{}},"serviceConfig":{"service":"projects/poppin-s-app/locations/europe-west1/services/testnotification","timeoutSeconds":60,"environmentVariables":{"EMAIL_USER":"votre_email@gmail.com","EMAIL_PASSWORD":"votre_mot_de_passe_securise","FIREBASE_CONFIG":"{\"projectId\":\"poppin-s-app\",\"storageBucket\":\"poppin-s-app.firebasestorage.app\"}","GCLOUD_PROJECT":"poppin-s-app","EVENTARC_CLOUD_EVENT_SOURCE":"projects/poppin-s-app/locations/europe-west1/services/testNotification","FUNCTION_TARGET":"testNotification","LOG_EXECUTION_ID":"true","FUNCTION_SIGNATURE_TYPE":"http"},"ingressSettings":"ALLOW_ALL","uri":"https://testnotification-j3na7x5n2a-ew.a.run.app","serviceAccountEmail":"402812477660-compute@developer.gserviceaccount.com","availableMemory":"256Mi","allTrafficOnLatestRevision":true,"revision":"testnotification-00007-nuf","maxInstanceRequestConcurrency":80,"availableCpu":"1"},"state":"ACTIVE","labels":{"deployment-tool":"cli-firebase","deployment-callable":"true","firebase-functions-hash":"ecbaa31c917c1fff03b9ad86e035ea77447bcf99"},"environment":"GEN_2","url":"https://europe-west1-poppin-s-app.cloudfunctions.net/testNotification","satisfiesPzi":true},"stages":[{"name":"BUILD","message":"Reusing build","state":"COMPLETE","resource":"projects/402812477660/locations/europe-west1/builds/8677a979-60d7-4bfa-982e-bc51ddffff95"},{"name":"SERVICE","message":"Updating Cloud Run service","state":"IN_PROGRESS","resource":"projects/poppin-s-app/locations/europe-west1/services/testnotification","resourceUri":"https://console.cloud.google.com/run/detail/europe-west1/testnotification?project=poppin-s-app","stateMessages":[{"severity":"INFO","type":"CloudRunServiceNewRevisionTrafficInfo","message":"A new revision will be deployed serving with 100% traffic."}]}],"sourceToken":"Clhwcm9qZWN0cy80MDI4MTI0Nzc2NjAvbG9jYXRpb25zL2V1cm9wZS13ZXN0MS9idWlsZHMvODY3N2E5NzktNjBkNy00YmZhLTk4MmUtYmM1MWRkZmZmZjk1EnRldXJvcGUtd2VzdDEtZG9ja2VyLnBrZy5kZXYvcG9wcGluLXMtYXBwL2djZi1hcnRpZmFjdHMvcG9wcGluLS1zLS1hcHBfX2V1cm9wZS0td2VzdDFfX3NlbmRfZW1haWxfdG9fcGFyZW50OnZlcnNpb25fMRjcwfrL3AsiSHByb2plY3RzL3BvcHBpbi1zLWFwcC9sb2NhdGlvbnMvZXVyb3BlLXdlc3QxL2Z1bmN0aW9ucy9zZW5kRW1haWxUb1BhcmVudCoMCMDN0MYGEJjK0+4CMghub2RlanMyMDp3CiNnY3IuaW8vZ2FlLXJ1bnRpbWVzL25vZGVqczIwOnN0YWJsZRJQZXVyb3BlLXdlc3QxLWRvY2tlci5wa2cuZGV2L3NlcnZlcmxlc3MtcnVudGltZXMvZ29vZ2xlLTIyLWZ1bGwvcnVudGltZXMvbm9kZWpzMjBAAQ==","operationType":"UPDATE_FUNCTION","buildName":"projects/402812477660/locations/europe-west1/builds/8677a979-60d7-4bfa-982e-bc51ddffff95"},"done":false}
[debug] [2025-09-24T17:13:45.358Z] Got source token Clhwcm9qZWN0cy80MDI4MTI0Nzc2NjAvbG9jYXRpb25zL2V1cm9wZS13ZXN0MS9idWlsZHMvODY3N2E5NzktNjBkNy00YmZhLTk4MmUtYmM1MWRkZmZmZjk1EnRldXJvcGUtd2VzdDEtZG9ja2VyLnBrZy5kZXYvcG9wcGluLXMtYXBwL2djZi1hcnRpZmFjdHMvcG9wcGluLS1zLS1hcHBfX2V1cm9wZS0td2VzdDFfX3NlbmRfZW1haWxfdG9fcGFyZW50OnZlcnNpb25fMRjcwfrL3AsiSHByb2plY3RzL3BvcHBpbi1zLWFwcC9sb2NhdGlvbnMvZXVyb3BlLXdlc3QxL2Z1bmN0aW9ucy9zZW5kRW1haWxUb1BhcmVudCoMCMDN0MYGEJjK0+4CMghub2RlanMyMDp3CiNnY3IuaW8vZ2FlLXJ1bnRpbWVzL25vZGVqczIwOnN0YWJsZRJQZXVyb3BlLXdlc3QxLWRvY2tlci5wa2cuZGV2L3NlcnZlcmxlc3MtcnVudGltZXMvZ29vZ2xlLTIyLWZ1bGwvcnVudGltZXMvbm9kZWpzMjBAAQ== for region europe-west1
[debug] [2025-09-24T17:13:45.396Z] <<< [apiv2][status] GET https://cloudfunctions.googleapis.com/v2/projects/poppin-s-app/locations/europe-west1/operations/operation-1758734020371-63f8f2c89e3b4-2530d91d-0da147f7 200
[debug] [2025-09-24T17:13:45.396Z] <<< [apiv2][body] GET https://cloudfunctions.googleapis.com/v2/projects/poppin-s-app/locations/europe-west1/operations/operation-1758734020371-63f8f2c89e3b4-2530d91d-0da147f7 {"name":"projects/poppin-s-app/locations/europe-west1/operations/operation-1758734020371-63f8f2c89e3b4-2530d91d-0da147f7","metadata":{"@type":"type.googleapis.com/google.cloud.functions.v2.OperationMetadata","createTime":"2025-09-24T17:13:41.628159156Z","target":"projects/poppin-s-app/locations/europe-west1/functions/processEmailQueue","verb":"update","cancelRequested":false,"apiVersion":"v2","requestResource":{"@type":"type.googleapis.com/google.cloud.functions.v2.Function","name":"projects/poppin-s-app/locations/europe-west1/functions/processEmailQueue","buildConfig":{"runtime":"nodejs20","entryPoint":"processEmailQueue","source":{"storageSource":{"bucket":"gcf-v2-sources-402812477660-europe-west1","object":"processEmailQueue/function-source.zip","generation":"1758734021576919"}},"environmentVariables":{"GOOGLE_NODE_RUN_SCRIPTS":""},"dockerRepository":"projects/poppin-s-app/locations/europe-west1/repositories/gcf-artifacts","sourceProvenance":{"resolvedStorageSource":{"bucket":"gcf-v2-sources-402812477660-europe-west1","object":"processEmailQueue/function-source.zip","generation":"1758733376362802"}},"dockerRegistry":"ARTIFACT_REGISTRY","sourceToken":"Clhwcm9qZWN0cy80MDI4MTI0Nzc2NjAvbG9jYXRpb25zL2V1cm9wZS13ZXN0MS9idWlsZHMvODY3N2E5NzktNjBkNy00YmZhLTk4MmUtYmM1MWRkZmZmZjk1EnRldXJvcGUtd2VzdDEtZG9ja2VyLnBrZy5kZXYvcG9wcGluLXMtYXBwL2djZi1hcnRpZmFjdHMvcG9wcGluLS1zLS1hcHBfX2V1cm9wZS0td2VzdDFfX3NlbmRfZW1haWxfdG9fcGFyZW50OnZlcnNpb25fMRjcwfrL3AsiSHByb2plY3RzL3BvcHBpbi1zLWFwcC9sb2NhdGlvbnMvZXVyb3BlLXdlc3QxL2Z1bmN0aW9ucy9zZW5kRW1haWxUb1BhcmVudCoMCMDN0MYGEJjK0+4CMghub2RlanMyMDp3CiNnY3IuaW8vZ2FlLXJ1bnRpbWVzL25vZGVqczIwOnN0YWJsZRJQZXVyb3BlLXdlc3QxLWRvY2tlci5wa2cuZGV2L3NlcnZlcmxlc3MtcnVudGltZXMvZ29vZ2xlLTIyLWZ1bGwvcnVudGltZXMvbm9kZWpzMjBAAQ==","serviceAccount":"projects/poppin-s-app/serviceAccounts/402812477660-compute@developer.gserviceaccount.com","automaticUpdatePolicy":{}},"serviceConfig":{"service":"projects/poppin-s-app/locations/europe-west1/services/processemailqueue","timeoutSeconds":60,"environmentVariables":{"EMAIL_USER":"votre_email@gmail.com","EMAIL_PASSWORD":"votre_mot_de_passe_securise","FIREBASE_CONFIG":"{\"projectId\":\"poppin-s-app\",\"storageBucket\":\"poppin-s-app.firebasestorage.app\"}","GCLOUD_PROJECT":"poppin-s-app","EVENTARC_CLOUD_EVENT_SOURCE":"projects/poppin-s-app/locations/europe-west1/services/processEmailQueue","FUNCTION_SIGNATURE_TYPE":"cloudevent","FUNCTION_TARGET":"processEmailQueue","LOG_EXECUTION_ID":"true"},"ingressSettings":"ALLOW_ALL","uri":"https://processemailqueue-j3na7x5n2a-ew.a.run.app","serviceAccountEmail":"402812477660-compute@developer.gserviceaccount.com","availableMemory":"256Mi","allTrafficOnLatestRevision":true,"revision":"processemailqueue-00013-kub","maxInstanceRequestConcurrency":80,"availableCpu":"1"},"eventTrigger":{"trigger":"projects/poppin-s-app/locations/europe-west9/triggers/processemailqueue-666587","triggerRegion":"europe-west9","eventType":"google.cloud.firestore.document.v1.created","eventFilters":[{"attribute":"database","value":"(default)"},{"attribute":"namespace","value":"(default)"},{"attribute":"document","value":"emailQueue/{emailId}","operator":"match-path-pattern"}],"pubsubTopic":"projects/poppin-s-app/topics/eventarc-europe-west9-processemailqueue-666587-377","serviceAccountEmail":"402812477660-compute@developer.gserviceaccount.com","retryPolicy":"RETRY_POLICY_DO_NOT_RETRY"},"state":"ACTIVE","labels":{"deployment-tool":"cli-firebase","firebase-functions-hash":"ecbaa31c917c1fff03b9ad86e035ea77447bcf99"},"environment":"GEN_2","url":"https://europe-west1-poppin-s-app.cloudfunctions.net/processEmailQueue","satisfiesPzi":true},"stages":[{"name":"BUILD","message":"Reusing build","state":"COMPLETE","resource":"projects/402812477660/locations/europe-west1/builds/8677a979-60d7-4bfa-982e-bc51ddffff95"},{"name":"SERVICE","message":"Updating Cloud Run service","state":"IN_PROGRESS","resource":"projects/poppin-s-app/locations/europe-west1/services/processemailqueue","resourceUri":"https://console.cloud.google.com/run/detail/europe-west1/processemailqueue?project=poppin-s-app","stateMessages":[{"severity":"INFO","type":"CloudRunServiceNewRevisionTrafficInfo","message":"A new revision will be deployed serving with 100% traffic."}]},{"name":"TRIGGER","state":"NOT_STARTED"}],"sourceToken":"Clhwcm9qZWN0cy80MDI4MTI0Nzc2NjAvbG9jYXRpb25zL2V1cm9wZS13ZXN0MS9idWlsZHMvODY3N2E5NzktNjBkNy00YmZhLTk4MmUtYmM1MWRkZmZmZjk1EnRldXJvcGUtd2VzdDEtZG9ja2VyLnBrZy5kZXYvcG9wcGluLXMtYXBwL2djZi1hcnRpZmFjdHMvcG9wcGluLS1zLS1hcHBfX2V1cm9wZS0td2VzdDFfX3NlbmRfZW1haWxfdG9fcGFyZW50OnZlcnNpb25fMRjcwfrL3AsiSHByb2plY3RzL3BvcHBpbi1zLWFwcC9sb2NhdGlvbnMvZXVyb3BlLXdlc3QxL2Z1bmN0aW9ucy9zZW5kRW1haWxUb1BhcmVudCoMCMDN0MYGEJjK0+4CMghub2RlanMyMDp3CiNnY3IuaW8vZ2FlLXJ1bnRpbWVzL25vZGVqczIwOnN0YWJsZRJQZXVyb3BlLXdlc3QxLWRvY2tlci5wa2cuZGV2L3NlcnZlcmxlc3MtcnVudGltZXMvZ29vZ2xlLTIyLWZ1bGwvcnVudGltZXMvbm9kZWpzMjBAAQ==","operationType":"UPDATE_FUNCTION","buildName":"projects/402812477660/locations/europe-west1/builds/8677a979-60d7-4bfa-982e-bc51ddffff95"},"done":false}
[debug] [2025-09-24T17:13:45.396Z] Got source token Clhwcm9qZWN0cy80MDI4MTI0Nzc2NjAvbG9jYXRpb25zL2V1cm9wZS13ZXN0MS9idWlsZHMvODY3N2E5NzktNjBkNy00YmZhLTk4MmUtYmM1MWRkZmZmZjk1EnRldXJvcGUtd2VzdDEtZG9ja2VyLnBrZy5kZXYvcG9wcGluLXMtYXBwL2djZi1hcnRpZmFjdHMvcG9wcGluLS1zLS1hcHBfX2V1cm9wZS0td2VzdDFfX3NlbmRfZW1haWxfdG9fcGFyZW50OnZlcnNpb25fMRjcwfrL3AsiSHByb2plY3RzL3BvcHBpbi1zLWFwcC9sb2NhdGlvbnMvZXVyb3BlLXdlc3QxL2Z1bmN0aW9ucy9zZW5kRW1haWxUb1BhcmVudCoMCMDN0MYGEJjK0+4CMghub2RlanMyMDp3CiNnY3IuaW8vZ2FlLXJ1bnRpbWVzL25vZGVqczIwOnN0YWJsZRJQZXVyb3BlLXdlc3QxLWRvY2tlci5wa2cuZGV2L3NlcnZlcmxlc3MtcnVudGltZXMvZ29vZ2xlLTIyLWZ1bGwvcnVudGltZXMvbm9kZWpzMjBAAQ== for region europe-west1
[debug] [2025-09-24T17:13:45.435Z] [update-default-europe-west1-declineDelegation] Retrying task index 0
[debug] [2025-09-24T17:13:45.436Z] Checked if tokens are valid: true, expires at: 1758736880538
[debug] [2025-09-24T17:13:45.436Z] Checked if tokens are valid: true, expires at: 1758736880538
[debug] [2025-09-24T17:13:45.436Z] >>> [apiv2][query] GET https://cloudfunctions.googleapis.com/v2/projects/poppin-s-app/locations/europe-west1/operations/operation-1758734020383-63f8f2c8a14a0-e240347a-dd078be4 [none]
[debug] [2025-09-24T17:13:45.438Z] [update-default-europe-west1-cleanupOldNotifications] Retrying task index 0
[debug] [2025-09-24T17:13:45.438Z] Checked if tokens are valid: true, expires at: 1758736880538
[debug] [2025-09-24T17:13:45.438Z] Checked if tokens are valid: true, expires at: 1758736880538
[debug] [2025-09-24T17:13:45.438Z] >>> [apiv2][query] GET https://cloudfunctions.googleapis.com/v2/projects/poppin-s-app/locations/europe-west1/operations/operation-1758734020371-63f8f2c89e3e7-25009bb3-85f903c9 [none]
[debug] [2025-09-24T17:13:45.474Z] [update-default-europe-west1-retryFailedEmails] Retrying task index 0
[debug] [2025-09-24T17:13:45.474Z] Checked if tokens are valid: true, expires at: 1758736880538
[debug] [2025-09-24T17:13:45.474Z] Checked if tokens are valid: true, expires at: 1758736880538
[debug] [2025-09-24T17:13:45.474Z] >>> [apiv2][query] GET https://cloudfunctions.googleapis.com/v2/projects/poppin-s-app/locations/europe-west1/operations/operation-1758734020361-63f8f2c89bd41-3872ef92-9d395aea [none]
[debug] [2025-09-24T17:13:45.487Z] <<< [apiv2][status] GET https://cloudfunctions.googleapis.com/v2/projects/poppin-s-app/locations/europe-west1/operations/operation-1758734020383-63f8f2c8a14a0-e240347a-dd078be4 200
[debug] [2025-09-24T17:13:45.488Z] <<< [apiv2][body] GET https://cloudfunctions.googleapis.com/v2/projects/poppin-s-app/locations/europe-west1/operations/operation-1758734020383-63f8f2c8a14a0-e240347a-dd078be4 {"name":"projects/poppin-s-app/locations/europe-west1/operations/operation-1758734020383-63f8f2c8a14a0-e240347a-dd078be4","metadata":{"@type":"type.googleapis.com/google.cloud.functions.v2.OperationMetadata","createTime":"2025-09-24T17:13:41.646221265Z","target":"projects/poppin-s-app/locations/europe-west1/functions/declineDelegation","verb":"update","cancelRequested":false,"apiVersion":"v2","requestResource":{"@type":"type.googleapis.com/google.cloud.functions.v2.Function","name":"projects/poppin-s-app/locations/europe-west1/functions/declineDelegation","buildConfig":{"runtime":"nodejs20","entryPoint":"declineDelegation","source":{"storageSource":{"bucket":"gcf-v2-sources-402812477660-europe-west1","object":"declineDelegation/function-source.zip","generation":"1758734021604980"}},"environmentVariables":{"GOOGLE_NODE_RUN_SCRIPTS":""},"dockerRepository":"projects/poppin-s-app/locations/europe-west1/repositories/gcf-artifacts","sourceProvenance":{"resolvedStorageSource":{"bucket":"gcf-v2-sources-402812477660-europe-west1","object":"declineDelegation/function-source.zip","generation":"1758733376216560"}},"dockerRegistry":"ARTIFACT_REGISTRY","sourceToken":"Clhwcm9qZWN0cy80MDI4MTI0Nzc2NjAvbG9jYXRpb25zL2V1cm9wZS13ZXN0MS9idWlsZHMvODY3N2E5NzktNjBkNy00YmZhLTk4MmUtYmM1MWRkZmZmZjk1EnRldXJvcGUtd2VzdDEtZG9ja2VyLnBrZy5kZXYvcG9wcGluLXMtYXBwL2djZi1hcnRpZmFjdHMvcG9wcGluLS1zLS1hcHBfX2V1cm9wZS0td2VzdDFfX3NlbmRfZW1haWxfdG9fcGFyZW50OnZlcnNpb25fMRjcwfrL3AsiSHByb2plY3RzL3BvcHBpbi1zLWFwcC9sb2NhdGlvbnMvZXVyb3BlLXdlc3QxL2Z1bmN0aW9ucy9zZW5kRW1haWxUb1BhcmVudCoMCMDN0MYGEJjK0+4CMghub2RlanMyMDp3CiNnY3IuaW8vZ2FlLXJ1bnRpbWVzL25vZGVqczIwOnN0YWJsZRJQZXVyb3BlLXdlc3QxLWRvY2tlci5wa2cuZGV2L3NlcnZlcmxlc3MtcnVudGltZXMvZ29vZ2xlLTIyLWZ1bGwvcnVudGltZXMvbm9kZWpzMjBAAQ==","serviceAccount":"projects/poppin-s-app/serviceAccounts/402812477660-compute@developer.gserviceaccount.com","automaticUpdatePolicy":{}},"serviceConfig":{"service":"projects/poppin-s-app/locations/europe-west1/services/declinedelegation","timeoutSeconds":60,"environmentVariables":{"EMAIL_USER":"votre_email@gmail.com","EMAIL_PASSWORD":"votre_mot_de_passe_securise","FIREBASE_CONFIG":"{\"projectId\":\"poppin-s-app\",\"storageBucket\":\"poppin-s-app.firebasestorage.app\"}","GCLOUD_PROJECT":"poppin-s-app","EVENTARC_CLOUD_EVENT_SOURCE":"projects/poppin-s-app/locations/europe-west1/services/declineDelegation","FUNCTION_TARGET":"declineDelegation","LOG_EXECUTION_ID":"true","FUNCTION_SIGNATURE_TYPE":"http"},"ingressSettings":"ALLOW_ALL","uri":"https://declinedelegation-j3na7x5n2a-ew.a.run.app","serviceAccountEmail":"402812477660-compute@developer.gserviceaccount.com","availableMemory":"256Mi","allTrafficOnLatestRevision":true,"revision":"declinedelegation-00004-jos","maxInstanceRequestConcurrency":80,"availableCpu":"1"},"state":"ACTIVE","labels":{"deployment-tool":"cli-firebase","deployment-callable":"true","firebase-functions-hash":"ecbaa31c917c1fff03b9ad86e035ea77447bcf99"},"environment":"GEN_2","url":"https://europe-west1-poppin-s-app.cloudfunctions.net/declineDelegation","satisfiesPzi":true},"stages":[{"name":"BUILD","message":"Reusing build","state":"COMPLETE","resource":"projects/402812477660/locations/europe-west1/builds/8677a979-60d7-4bfa-982e-bc51ddffff95"},{"name":"SERVICE","message":"Updating Cloud Run service","state":"IN_PROGRESS","resource":"projects/poppin-s-app/locations/europe-west1/services/declinedelegation","resourceUri":"https://console.cloud.google.com/run/detail/europe-west1/declinedelegation?project=poppin-s-app","stateMessages":[{"severity":"INFO","type":"CloudRunServiceNewRevisionTrafficInfo","message":"A new revision will be deployed serving with 100% traffic."}]}],"sourceToken":"Clhwcm9qZWN0cy80MDI4MTI0Nzc2NjAvbG9jYXRpb25zL2V1cm9wZS13ZXN0MS9idWlsZHMvODY3N2E5NzktNjBkNy00YmZhLTk4MmUtYmM1MWRkZmZmZjk1EnRldXJvcGUtd2VzdDEtZG9ja2VyLnBrZy5kZXYvcG9wcGluLXMtYXBwL2djZi1hcnRpZmFjdHMvcG9wcGluLS1zLS1hcHBfX2V1cm9wZS0td2VzdDFfX3NlbmRfZW1haWxfdG9fcGFyZW50OnZlcnNpb25fMRjcwfrL3AsiSHByb2plY3RzL3BvcHBpbi1zLWFwcC9sb2NhdGlvbnMvZXVyb3BlLXdlc3QxL2Z1bmN0aW9ucy9zZW5kRW1haWxUb1BhcmVudCoMCMDN0MYGEJjK0+4CMghub2RlanMyMDp3CiNnY3IuaW8vZ2FlLXJ1bnRpbWVzL25vZGVqczIwOnN0YWJsZRJQZXVyb3BlLXdlc3QxLWRvY2tlci5wa2cuZGV2L3NlcnZlcmxlc3MtcnVudGltZXMvZ29vZ2xlLTIyLWZ1bGwvcnVudGltZXMvbm9kZWpzMjBAAQ==","operationType":"UPDATE_FUNCTION","buildName":"projects/402812477660/locations/europe-west1/builds/8677a979-60d7-4bfa-982e-bc51ddffff95"},"done":false}
[debug] [2025-09-24T17:13:45.488Z] Got source token Clhwcm9qZWN0cy80MDI4MTI0Nzc2NjAvbG9jYXRpb25zL2V1cm9wZS13ZXN0MS9idWlsZHMvODY3N2E5NzktNjBkNy00YmZhLTk4MmUtYmM1MWRkZmZmZjk1EnRldXJvcGUtd2VzdDEtZG9ja2VyLnBrZy5kZXYvcG9wcGluLXMtYXBwL2djZi1hcnRpZmFjdHMvcG9wcGluLS1zLS1hcHBfX2V1cm9wZS0td2VzdDFfX3NlbmRfZW1haWxfdG9fcGFyZW50OnZlcnNpb25fMRjcwfrL3AsiSHByb2plY3RzL3BvcHBpbi1zLWFwcC9sb2NhdGlvbnMvZXVyb3BlLXdlc3QxL2Z1bmN0aW9ucy9zZW5kRW1haWxUb1BhcmVudCoMCMDN0MYGEJjK0+4CMghub2RlanMyMDp3CiNnY3IuaW8vZ2FlLXJ1bnRpbWVzL25vZGVqczIwOnN0YWJsZRJQZXVyb3BlLXdlc3QxLWRvY2tlci5wa2cuZGV2L3NlcnZlcmxlc3MtcnVudGltZXMvZ29vZ2xlLTIyLWZ1bGwvcnVudGltZXMvbm9kZWpzMjBAAQ== for region europe-west1
[debug] [2025-09-24T17:13:45.488Z] <<< [apiv2][status] GET https://cloudfunctions.googleapis.com/v2/projects/poppin-s-app/locations/europe-west1/operations/operation-1758734020371-63f8f2c89e3e7-25009bb3-85f903c9 200
[debug] [2025-09-24T17:13:45.488Z] <<< [apiv2][body] GET https://cloudfunctions.googleapis.com/v2/projects/poppin-s-app/locations/europe-west1/operations/operation-1758734020371-63f8f2c89e3e7-25009bb3-85f903c9 {"name":"projects/poppin-s-app/locations/europe-west1/operations/operation-1758734020371-63f8f2c89e3e7-25009bb3-85f903c9","metadata":{"@type":"type.googleapis.com/google.cloud.functions.v2.OperationMetadata","createTime":"2025-09-24T17:13:41.684799604Z","target":"projects/poppin-s-app/locations/europe-west1/functions/cleanupOldNotifications","verb":"update","cancelRequested":false,"apiVersion":"v2","requestResource":{"@type":"type.googleapis.com/google.cloud.functions.v2.Function","name":"projects/poppin-s-app/locations/europe-west1/functions/cleanupOldNotifications","buildConfig":{"runtime":"nodejs20","entryPoint":"cleanupOldNotifications","source":{"storageSource":{"bucket":"gcf-v2-sources-402812477660-europe-west1","object":"cleanupOldNotifications/function-source.zip","generation":"1758734021645404"}},"environmentVariables":{"GOOGLE_NODE_RUN_SCRIPTS":""},"dockerRepository":"projects/poppin-s-app/locations/europe-west1/repositories/gcf-artifacts","sourceProvenance":{"resolvedStorageSource":{"bucket":"gcf-v2-sources-402812477660-europe-west1","object":"cleanupOldNotifications/function-source.zip","generation":"1758733376222472"}},"dockerRegistry":"ARTIFACT_REGISTRY","sourceToken":"Clhwcm9qZWN0cy80MDI4MTI0Nzc2NjAvbG9jYXRpb25zL2V1cm9wZS13ZXN0MS9idWlsZHMvODY3N2E5NzktNjBkNy00YmZhLTk4MmUtYmM1MWRkZmZmZjk1EnRldXJvcGUtd2VzdDEtZG9ja2VyLnBrZy5kZXYvcG9wcGluLXMtYXBwL2djZi1hcnRpZmFjdHMvcG9wcGluLS1zLS1hcHBfX2V1cm9wZS0td2VzdDFfX3NlbmRfZW1haWxfdG9fcGFyZW50OnZlcnNpb25fMRjcwfrL3AsiSHByb2plY3RzL3BvcHBpbi1zLWFwcC9sb2NhdGlvbnMvZXVyb3BlLXdlc3QxL2Z1bmN0aW9ucy9zZW5kRW1haWxUb1BhcmVudCoMCMDN0MYGEJjK0+4CMghub2RlanMyMDp3CiNnY3IuaW8vZ2FlLXJ1bnRpbWVzL25vZGVqczIwOnN0YWJsZRJQZXVyb3BlLXdlc3QxLWRvY2tlci5wa2cuZGV2L3NlcnZlcmxlc3MtcnVudGltZXMvZ29vZ2xlLTIyLWZ1bGwvcnVudGltZXMvbm9kZWpzMjBAAQ==","serviceAccount":"projects/poppin-s-app/serviceAccounts/402812477660-compute@developer.gserviceaccount.com","automaticUpdatePolicy":{}},"serviceConfig":{"service":"projects/poppin-s-app/locations/europe-west1/services/cleanupoldnotifications","timeoutSeconds":60,"environmentVariables":{"EMAIL_USER":"votre_email@gmail.com","EMAIL_PASSWORD":"votre_mot_de_passe_securise","FIREBASE_CONFIG":"{\"projectId\":\"poppin-s-app\",\"storageBucket\":\"poppin-s-app.firebasestorage.app\"}","GCLOUD_PROJECT":"poppin-s-app","EVENTARC_CLOUD_EVENT_SOURCE":"projects/poppin-s-app/locations/europe-west1/services/cleanupOldNotifications","FUNCTION_TARGET":"cleanupOldNotifications","LOG_EXECUTION_ID":"true","FUNCTION_SIGNATURE_TYPE":"http"},"ingressSettings":"ALLOW_ALL","uri":"https://cleanupoldnotifications-j3na7x5n2a-ew.a.run.app","serviceAccountEmail":"402812477660-compute@developer.gserviceaccount.com","availableMemory":"256Mi","allTrafficOnLatestRevision":true,"revision":"cleanupoldnotifications-00007-qus","maxInstanceRequestConcurrency":80,"availableCpu":"1"},"state":"ACTIVE","labels":{"deployment-tool":"cli-firebase","deployment-scheduled":"true","firebase-functions-hash":"ecbaa31c917c1fff03b9ad86e035ea77447bcf99"},"environment":"GEN_2","url":"https://europe-west1-poppin-s-app.cloudfunctions.net/cleanupOldNotifications","satisfiesPzi":true},"stages":[{"name":"BUILD","message":"Reusing build","state":"COMPLETE","resource":"projects/402812477660/locations/europe-west1/builds/8677a979-60d7-4bfa-982e-bc51ddffff95"},{"name":"SERVICE","message":"Updating Cloud Run service","state":"IN_PROGRESS","resource":"projects/poppin-s-app/locations/europe-west1/services/cleanupoldnotifications","resourceUri":"https://console.cloud.google.com/run/detail/europe-west1/cleanupoldnotifications?project=poppin-s-app","stateMessages":[{"severity":"INFO","type":"CloudRunServiceNewRevisionTrafficInfo","message":"A new revision will be deployed serving with 100% traffic."}]}],"sourceToken":"Clhwcm9qZWN0cy80MDI4MTI0Nzc2NjAvbG9jYXRpb25zL2V1cm9wZS13ZXN0MS9idWlsZHMvODY3N2E5NzktNjBkNy00YmZhLTk4MmUtYmM1MWRkZmZmZjk1EnRldXJvcGUtd2VzdDEtZG9ja2VyLnBrZy5kZXYvcG9wcGluLXMtYXBwL2djZi1hcnRpZmFjdHMvcG9wcGluLS1zLS1hcHBfX2V1cm9wZS0td2VzdDFfX3NlbmRfZW1haWxfdG9fcGFyZW50OnZlcnNpb25fMRjcwfrL3AsiSHByb2plY3RzL3BvcHBpbi1zLWFwcC9sb2NhdGlvbnMvZXVyb3BlLXdlc3QxL2Z1bmN0aW9ucy9zZW5kRW1haWxUb1BhcmVudCoMCMDN0MYGEJjK0+4CMghub2RlanMyMDp3CiNnY3IuaW8vZ2FlLXJ1bnRpbWVzL25vZGVqczIwOnN0YWJsZRJQZXVyb3BlLXdlc3QxLWRvY2tlci5wa2cuZGV2L3NlcnZlcmxlc3MtcnVudGltZXMvZ29vZ2xlLTIyLWZ1bGwvcnVudGltZXMvbm9kZWpzMjBAAQ==","operationType":"UPDATE_FUNCTION","buildName":"projects/402812477660/locations/europe-west1/builds/8677a979-60d7-4bfa-982e-bc51ddffff95"},"done":false}
[debug] [2025-09-24T17:13:45.489Z] Got source token Clhwcm9qZWN0cy80MDI4MTI0Nzc2NjAvbG9jYXRpb25zL2V1cm9wZS13ZXN0MS9idWlsZHMvODY3N2E5NzktNjBkNy00YmZhLTk4MmUtYmM1MWRkZmZmZjk1EnRldXJvcGUtd2VzdDEtZG9ja2VyLnBrZy5kZXYvcG9wcGluLXMtYXBwL2djZi1hcnRpZmFjdHMvcG9wcGluLS1zLS1hcHBfX2V1cm9wZS0td2VzdDFfX3NlbmRfZW1haWxfdG9fcGFyZW50OnZlcnNpb25fMRjcwfrL3AsiSHByb2plY3RzL3BvcHBpbi1zLWFwcC9sb2NhdGlvbnMvZXVyb3BlLXdlc3QxL2Z1bmN0aW9ucy9zZW5kRW1haWxUb1BhcmVudCoMCMDN0MYGEJjK0+4CMghub2RlanMyMDp3CiNnY3IuaW8vZ2FlLXJ1bnRpbWVzL25vZGVqczIwOnN0YWJsZRJQZXVyb3BlLXdlc3QxLWRvY2tlci5wa2cuZGV2L3NlcnZlcmxlc3MtcnVudGltZXMvZ29vZ2xlLTIyLWZ1bGwvcnVudGltZXMvbm9kZWpzMjBAAQ== for region europe-west1
[debug] [2025-09-24T17:13:45.489Z] [update-default-europe-west1-cancelDelegation] Retrying task index 0
[debug] [2025-09-24T17:13:45.490Z] Checked if tokens are valid: true, expires at: 1758736880538
[debug] [2025-09-24T17:13:45.490Z] Checked if tokens are valid: true, expires at: 1758736880538
[debug] [2025-09-24T17:13:45.490Z] >>> [apiv2][query] GET https://cloudfunctions.googleapis.com/v2/projects/poppin-s-app/locations/europe-west1/operations/operation-1758734020383-63f8f2c8a14e7-6d5755d8-15ed11fb [none]
[debug] [2025-09-24T17:13:45.532Z] <<< [apiv2][status] GET https://cloudfunctions.googleapis.com/v2/projects/poppin-s-app/locations/europe-west1/operations/operation-1758734020361-63f8f2c89bd41-3872ef92-9d395aea 200
[debug] [2025-09-24T17:13:45.533Z] <<< [apiv2][body] GET https://cloudfunctions.googleapis.com/v2/projects/poppin-s-app/locations/europe-west1/operations/operation-1758734020361-63f8f2c89bd41-3872ef92-9d395aea {"name":"projects/poppin-s-app/locations/europe-west1/operations/operation-1758734020361-63f8f2c89bd41-3872ef92-9d395aea","metadata":{"@type":"type.googleapis.com/google.cloud.functions.v2.OperationMetadata","createTime":"2025-09-24T17:13:41.783549715Z","target":"projects/poppin-s-app/locations/europe-west1/functions/retryFailedEmails","verb":"update","cancelRequested":false,"apiVersion":"v2","requestResource":{"@type":"type.googleapis.com/google.cloud.functions.v2.Function","name":"projects/poppin-s-app/locations/europe-west1/functions/retryFailedEmails","buildConfig":{"runtime":"nodejs20","entryPoint":"retryFailedEmails","source":{"storageSource":{"bucket":"gcf-v2-sources-402812477660-europe-west1","object":"retryFailedEmails/function-source.zip","generation":"1758734021741000"}},"environmentVariables":{"GOOGLE_NODE_RUN_SCRIPTS":""},"dockerRepository":"projects/poppin-s-app/locations/europe-west1/repositories/gcf-artifacts","sourceProvenance":{"resolvedStorageSource":{"bucket":"gcf-v2-sources-402812477660-europe-west1","object":"retryFailedEmails/function-source.zip","generation":"1758733376031637"}},"dockerRegistry":"ARTIFACT_REGISTRY","sourceToken":"Clhwcm9qZWN0cy80MDI4MTI0Nzc2NjAvbG9jYXRpb25zL2V1cm9wZS13ZXN0MS9idWlsZHMvODY3N2E5NzktNjBkNy00YmZhLTk4MmUtYmM1MWRkZmZmZjk1EnRldXJvcGUtd2VzdDEtZG9ja2VyLnBrZy5kZXYvcG9wcGluLXMtYXBwL2djZi1hcnRpZmFjdHMvcG9wcGluLS1zLS1hcHBfX2V1cm9wZS0td2VzdDFfX3NlbmRfZW1haWxfdG9fcGFyZW50OnZlcnNpb25fMRjcwfrL3AsiSHByb2plY3RzL3BvcHBpbi1zLWFwcC9sb2NhdGlvbnMvZXVyb3BlLXdlc3QxL2Z1bmN0aW9ucy9zZW5kRW1haWxUb1BhcmVudCoMCMDN0MYGEJjK0+4CMghub2RlanMyMDp3CiNnY3IuaW8vZ2FlLXJ1bnRpbWVzL25vZGVqczIwOnN0YWJsZRJQZXVyb3BlLXdlc3QxLWRvY2tlci5wa2cuZGV2L3NlcnZlcmxlc3MtcnVudGltZXMvZ29vZ2xlLTIyLWZ1bGwvcnVudGltZXMvbm9kZWpzMjBAAQ==","serviceAccount":"projects/poppin-s-app/serviceAccounts/402812477660-compute@developer.gserviceaccount.com","automaticUpdatePolicy":{}},"serviceConfig":{"service":"projects/poppin-s-app/locations/europe-west1/services/retryfailedemails","timeoutSeconds":60,"environmentVariables":{"EMAIL_USER":"votre_email@gmail.com","EMAIL_PASSWORD":"votre_mot_de_passe_securise","FIREBASE_CONFIG":"{\"projectId\":\"poppin-s-app\",\"storageBucket\":\"poppin-s-app.firebasestorage.app\"}","GCLOUD_PROJECT":"poppin-s-app","EVENTARC_CLOUD_EVENT_SOURCE":"projects/poppin-s-app/locations/europe-west1/services/retryFailedEmails","FUNCTION_TARGET":"retryFailedEmails","LOG_EXECUTION_ID":"true","FUNCTION_SIGNATURE_TYPE":"http"},"ingressSettings":"ALLOW_ALL","uri":"https://retryfailedemails-j3na7x5n2a-ew.a.run.app","serviceAccountEmail":"402812477660-compute@developer.gserviceaccount.com","availableMemory":"256Mi","allTrafficOnLatestRevision":true,"revision":"retryfailedemails-00013-tip","maxInstanceRequestConcurrency":80,"availableCpu":"1"},"state":"ACTIVE","labels":{"deployment-tool":"cli-firebase","deployment-scheduled":"true","firebase-functions-hash":"ecbaa31c917c1fff03b9ad86e035ea77447bcf99"},"environment":"GEN_2","url":"https://europe-west1-poppin-s-app.cloudfunctions.net/retryFailedEmails","satisfiesPzi":true},"stages":[{"name":"BUILD","message":"Reusing build","state":"COMPLETE","resource":"projects/402812477660/locations/europe-west1/builds/8677a979-60d7-4bfa-982e-bc51ddffff95"},{"name":"SERVICE","message":"Updating Cloud Run service","state":"IN_PROGRESS","resource":"projects/poppin-s-app/locations/europe-west1/services/retryfailedemails","resourceUri":"https://console.cloud.google.com/run/detail/europe-west1/retryfailedemails?project=poppin-s-app","stateMessages":[{"severity":"INFO","type":"CloudRunServiceNewRevisionTrafficInfo","message":"A new revision will be deployed serving with 100% traffic."}]}],"sourceToken":"Clhwcm9qZWN0cy80MDI4MTI0Nzc2NjAvbG9jYXRpb25zL2V1cm9wZS13ZXN0MS9idWlsZHMvODY3N2E5NzktNjBkNy00YmZhLTk4MmUtYmM1MWRkZmZmZjk1EnRldXJvcGUtd2VzdDEtZG9ja2VyLnBrZy5kZXYvcG9wcGluLXMtYXBwL2djZi1hcnRpZmFjdHMvcG9wcGluLS1zLS1hcHBfX2V1cm9wZS0td2VzdDFfX3NlbmRfZW1haWxfdG9fcGFyZW50OnZlcnNpb25fMRjcwfrL3AsiSHByb2plY3RzL3BvcHBpbi1zLWFwcC9sb2NhdGlvbnMvZXVyb3BlLXdlc3QxL2Z1bmN0aW9ucy9zZW5kRW1haWxUb1BhcmVudCoMCMDN0MYGEJjK0+4CMghub2RlanMyMDp3CiNnY3IuaW8vZ2FlLXJ1bnRpbWVzL25vZGVqczIwOnN0YWJsZRJQZXVyb3BlLXdlc3QxLWRvY2tlci5wa2cuZGV2L3NlcnZlcmxlc3MtcnVudGltZXMvZ29vZ2xlLTIyLWZ1bGwvcnVudGltZXMvbm9kZWpzMjBAAQ==","operationType":"UPDATE_FUNCTION","buildName":"projects/402812477660/locations/europe-west1/builds/8677a979-60d7-4bfa-982e-bc51ddffff95"},"done":false}
[debug] [2025-09-24T17:13:45.533Z] Got source token Clhwcm9qZWN0cy80MDI4MTI0Nzc2NjAvbG9jYXRpb25zL2V1cm9wZS13ZXN0MS9idWlsZHMvODY3N2E5NzktNjBkNy00YmZhLTk4MmUtYmM1MWRkZmZmZjk1EnRldXJvcGUtd2VzdDEtZG9ja2VyLnBrZy5kZXYvcG9wcGluLXMtYXBwL2djZi1hcnRpZmFjdHMvcG9wcGluLS1zLS1hcHBfX2V1cm9wZS0td2VzdDFfX3NlbmRfZW1haWxfdG9fcGFyZW50OnZlcnNpb25fMRjcwfrL3AsiSHByb2plY3RzL3BvcHBpbi1zLWFwcC9sb2NhdGlvbnMvZXVyb3BlLXdlc3QxL2Z1bmN0aW9ucy9zZW5kRW1haWxUb1BhcmVudCoMCMDN0MYGEJjK0+4CMghub2RlanMyMDp3CiNnY3IuaW8vZ2FlLXJ1bnRpbWVzL25vZGVqczIwOnN0YWJsZRJQZXVyb3BlLXdlc3QxLWRvY2tlci5wa2cuZGV2L3NlcnZlcmxlc3MtcnVudGltZXMvZ29vZ2xlLTIyLWZ1bGwvcnVudGltZXMvbm9kZWpzMjBAAQ== for region europe-west1
[debug] [2025-09-24T17:13:45.552Z] <<< [apiv2][status] GET https://cloudfunctions.googleapis.com/v2/projects/poppin-s-app/locations/europe-west1/operations/operation-1758734020383-63f8f2c8a14e7-6d5755d8-15ed11fb 200
[debug] [2025-09-24T17:13:45.552Z] <<< [apiv2][body] GET https://cloudfunctions.googleapis.com/v2/projects/poppin-s-app/locations/europe-west1/operations/operation-1758734020383-63f8f2c8a14e7-6d5755d8-15ed11fb {"name":"projects/poppin-s-app/locations/europe-west1/operations/operation-1758734020383-63f8f2c8a14e7-6d5755d8-15ed11fb","metadata":{"@type":"type.googleapis.com/google.cloud.functions.v2.OperationMetadata","createTime":"2025-09-24T17:13:41.803708058Z","target":"projects/poppin-s-app/locations/europe-west1/functions/cancelDelegation","verb":"update","cancelRequested":false,"apiVersion":"v2","requestResource":{"@type":"type.googleapis.com/google.cloud.functions.v2.Function","name":"projects/poppin-s-app/locations/europe-west1/functions/cancelDelegation","buildConfig":{"runtime":"nodejs20","entryPoint":"cancelDelegation","source":{"storageSource":{"bucket":"gcf-v2-sources-402812477660-europe-west1","object":"cancelDelegation/function-source.zip","generation":"1758734021764882"}},"environmentVariables":{"GOOGLE_NODE_RUN_SCRIPTS":""},"dockerRepository":"projects/poppin-s-app/locations/europe-west1/repositories/gcf-artifacts","sourceProvenance":{"resolvedStorageSource":{"bucket":"gcf-v2-sources-402812477660-europe-west1","object":"cancelDelegation/function-source.zip","generation":"1758733376075305"}},"dockerRegistry":"ARTIFACT_REGISTRY","sourceToken":"Clhwcm9qZWN0cy80MDI4MTI0Nzc2NjAvbG9jYXRpb25zL2V1cm9wZS13ZXN0MS9idWlsZHMvODY3N2E5NzktNjBkNy00YmZhLTk4MmUtYmM1MWRkZmZmZjk1EnRldXJvcGUtd2VzdDEtZG9ja2VyLnBrZy5kZXYvcG9wcGluLXMtYXBwL2djZi1hcnRpZmFjdHMvcG9wcGluLS1zLS1hcHBfX2V1cm9wZS0td2VzdDFfX3NlbmRfZW1haWxfdG9fcGFyZW50OnZlcnNpb25fMRjcwfrL3AsiSHByb2plY3RzL3BvcHBpbi1zLWFwcC9sb2NhdGlvbnMvZXVyb3BlLXdlc3QxL2Z1bmN0aW9ucy9zZW5kRW1haWxUb1BhcmVudCoMCMDN0MYGEJjK0+4CMghub2RlanMyMDp3CiNnY3IuaW8vZ2FlLXJ1bnRpbWVzL25vZGVqczIwOnN0YWJsZRJQZXVyb3BlLXdlc3QxLWRvY2tlci5wa2cuZGV2L3NlcnZlcmxlc3MtcnVudGltZXMvZ29vZ2xlLTIyLWZ1bGwvcnVudGltZXMvbm9kZWpzMjBAAQ==","serviceAccount":"projects/poppin-s-app/serviceAccounts/402812477660-compute@developer.gserviceaccount.com","automaticUpdatePolicy":{}},"serviceConfig":{"service":"projects/poppin-s-app/locations/europe-west1/services/canceldelegation","timeoutSeconds":60,"environmentVariables":{"EMAIL_USER":"votre_email@gmail.com","EMAIL_PASSWORD":"votre_mot_de_passe_securise","FIREBASE_CONFIG":"{\"projectId\":\"poppin-s-app\",\"storageBucket\":\"poppin-s-app.firebasestorage.app\"}","GCLOUD_PROJECT":"poppin-s-app","EVENTARC_CLOUD_EVENT_SOURCE":"projects/poppin-s-app/locations/europe-west1/services/cancelDelegation","FUNCTION_TARGET":"cancelDelegation","LOG_EXECUTION_ID":"true","FUNCTION_SIGNATURE_TYPE":"http"},"ingressSettings":"ALLOW_ALL","uri":"https://canceldelegation-j3na7x5n2a-ew.a.run.app","serviceAccountEmail":"402812477660-compute@developer.gserviceaccount.com","availableMemory":"256Mi","allTrafficOnLatestRevision":true,"revision":"canceldelegation-00004-ruw","maxInstanceRequestConcurrency":80,"availableCpu":"1"},"state":"ACTIVE","labels":{"deployment-tool":"cli-firebase","deployment-callable":"true","firebase-functions-hash":"ecbaa31c917c1fff03b9ad86e035ea77447bcf99"},"environment":"GEN_2","url":"https://europe-west1-poppin-s-app.cloudfunctions.net/cancelDelegation","satisfiesPzi":true},"stages":[{"name":"BUILD","message":"Reusing build","state":"COMPLETE","resource":"projects/402812477660/locations/europe-west1/builds/8677a979-60d7-4bfa-982e-bc51ddffff95"},{"name":"SERVICE","message":"Updating Cloud Run service","state":"IN_PROGRESS","resource":"projects/poppin-s-app/locations/europe-west1/services/canceldelegation","resourceUri":"https://console.cloud.google.com/run/detail/europe-west1/canceldelegation?project=poppin-s-app","stateMessages":[{"severity":"INFO","type":"CloudRunServiceNewRevisionTrafficInfo","message":"A new revision will be deployed serving with 100% traffic."}]}],"sourceToken":"Clhwcm9qZWN0cy80MDI4MTI0Nzc2NjAvbG9jYXRpb25zL2V1cm9wZS13ZXN0MS9idWlsZHMvODY3N2E5NzktNjBkNy00YmZhLTk4MmUtYmM1MWRkZmZmZjk1EnRldXJvcGUtd2VzdDEtZG9ja2VyLnBrZy5kZXYvcG9wcGluLXMtYXBwL2djZi1hcnRpZmFjdHMvcG9wcGluLS1zLS1hcHBfX2V1cm9wZS0td2VzdDFfX3NlbmRfZW1haWxfdG9fcGFyZW50OnZlcnNpb25fMRjcwfrL3AsiSHByb2plY3RzL3BvcHBpbi1zLWFwcC9sb2NhdGlvbnMvZXVyb3BlLXdlc3QxL2Z1bmN0aW9ucy9zZW5kRW1haWxUb1BhcmVudCoMCMDN0MYGEJjK0+4CMghub2RlanMyMDp3CiNnY3IuaW8vZ2FlLXJ1bnRpbWVzL25vZGVqczIwOnN0YWJsZRJQZXVyb3BlLXdlc3QxLWRvY2tlci5wa2cuZGV2L3NlcnZlcmxlc3MtcnVudGltZXMvZ29vZ2xlLTIyLWZ1bGwvcnVudGltZXMvbm9kZWpzMjBAAQ==","operationType":"UPDATE_FUNCTION","buildName":"projects/402812477660/locations/europe-west1/builds/8677a979-60d7-4bfa-982e-bc51ddffff95"},"done":false}
[debug] [2025-09-24T17:13:45.552Z] Got source token Clhwcm9qZWN0cy80MDI4MTI0Nzc2NjAvbG9jYXRpb25zL2V1cm9wZS13ZXN0MS9idWlsZHMvODY3N2E5NzktNjBkNy00YmZhLTk4MmUtYmM1MWRkZmZmZjk1EnRldXJvcGUtd2VzdDEtZG9ja2VyLnBrZy5kZXYvcG9wcGluLXMtYXBwL2djZi1hcnRpZmFjdHMvcG9wcGluLS1zLS1hcHBfX2V1cm9wZS0td2VzdDFfX3NlbmRfZW1haWxfdG9fcGFyZW50OnZlcnNpb25fMRjcwfrL3AsiSHByb2plY3RzL3BvcHBpbi1zLWFwcC9sb2NhdGlvbnMvZXVyb3BlLXdlc3QxL2Z1bmN0aW9ucy9zZW5kRW1haWxUb1BhcmVudCoMCMDN0MYGEJjK0+4CMghub2RlanMyMDp3CiNnY3IuaW8vZ2FlLXJ1bnRpbWVzL25vZGVqczIwOnN0YWJsZRJQZXVyb3BlLXdlc3QxLWRvY2tlci5wa2cuZGV2L3NlcnZlcmxlc3MtcnVudGltZXMvZ29vZ2xlLTIyLWZ1bGwvcnVudGltZXMvbm9kZWpzMjBAAQ== for region europe-west1
[debug] [2025-09-24T17:13:45.568Z] [update-default-europe-west1-acceptDelegation] Retrying task index 0
[debug] [2025-09-24T17:13:45.568Z] Checked if tokens are valid: true, expires at: 1758736880538
[debug] [2025-09-24T17:13:45.568Z] Checked if tokens are valid: true, expires at: 1758736880538
[debug] [2025-09-24T17:13:45.568Z] >>> [apiv2][query] GET https://cloudfunctions.googleapis.com/v2/projects/poppin-s-app/locations/europe-west1/operations/operation-1758734020331-63f8f2c894786-13e1ccfa-dd435520 [none]
[debug] [2025-09-24T17:13:45.622Z] [update-default-europe-west1-onNewMessage] Retrying task index 0
[debug] [2025-09-24T17:13:45.623Z] Checked if tokens are valid: true, expires at: 1758736880538
[debug] [2025-09-24T17:13:45.623Z] Checked if tokens are valid: true, expires at: 1758736880538
[debug] [2025-09-24T17:13:45.623Z] >>> [apiv2][query] GET https://cloudfunctions.googleapis.com/v2/projects/poppin-s-app/locations/europe-west1/operations/operation-1758734020383-63f8f2c8a14a2-37bbcb92-d73fd8d9 [none]
[debug] [2025-09-24T17:13:45.626Z] <<< [apiv2][status] GET https://cloudfunctions.googleapis.com/v2/projects/poppin-s-app/locations/europe-west1/operations/operation-1758734020331-63f8f2c894786-13e1ccfa-dd435520 200
[debug] [2025-09-24T17:13:45.626Z] <<< [apiv2][body] GET https://cloudfunctions.googleapis.com/v2/projects/poppin-s-app/locations/europe-west1/operations/operation-1758734020331-63f8f2c894786-13e1ccfa-dd435520 {"name":"projects/poppin-s-app/locations/europe-west1/operations/operation-1758734020331-63f8f2c894786-13e1ccfa-dd435520","metadata":{"@type":"type.googleapis.com/google.cloud.functions.v2.OperationMetadata","createTime":"2025-09-24T17:13:41.884606757Z","target":"projects/poppin-s-app/locations/europe-west1/functions/acceptDelegation","verb":"update","cancelRequested":false,"apiVersion":"v2","requestResource":{"@type":"type.googleapis.com/google.cloud.functions.v2.Function","name":"projects/poppin-s-app/locations/europe-west1/functions/acceptDelegation","buildConfig":{"runtime":"nodejs20","entryPoint":"acceptDelegation","source":{"storageSource":{"bucket":"gcf-v2-sources-402812477660-europe-west1","object":"acceptDelegation/function-source.zip","generation":"1758734021843027"}},"environmentVariables":{"GOOGLE_NODE_RUN_SCRIPTS":""},"dockerRepository":"projects/poppin-s-app/locations/europe-west1/repositories/gcf-artifacts","sourceProvenance":{"resolvedStorageSource":{"bucket":"gcf-v2-sources-402812477660-europe-west1","object":"acceptDelegation/function-source.zip","generation":"1758733375803976"}},"dockerRegistry":"ARTIFACT_REGISTRY","sourceToken":"Clhwcm9qZWN0cy80MDI4MTI0Nzc2NjAvbG9jYXRpb25zL2V1cm9wZS13ZXN0MS9idWlsZHMvODY3N2E5NzktNjBkNy00YmZhLTk4MmUtYmM1MWRkZmZmZjk1EnRldXJvcGUtd2VzdDEtZG9ja2VyLnBrZy5kZXYvcG9wcGluLXMtYXBwL2djZi1hcnRpZmFjdHMvcG9wcGluLS1zLS1hcHBfX2V1cm9wZS0td2VzdDFfX3NlbmRfZW1haWxfdG9fcGFyZW50OnZlcnNpb25fMRjcwfrL3AsiSHByb2plY3RzL3BvcHBpbi1zLWFwcC9sb2NhdGlvbnMvZXVyb3BlLXdlc3QxL2Z1bmN0aW9ucy9zZW5kRW1haWxUb1BhcmVudCoMCMDN0MYGEJjK0+4CMghub2RlanMyMDp3CiNnY3IuaW8vZ2FlLXJ1bnRpbWVzL25vZGVqczIwOnN0YWJsZRJQZXVyb3BlLXdlc3QxLWRvY2tlci5wa2cuZGV2L3NlcnZlcmxlc3MtcnVudGltZXMvZ29vZ2xlLTIyLWZ1bGwvcnVudGltZXMvbm9kZWpzMjBAAQ==","serviceAccount":"projects/poppin-s-app/serviceAccounts/402812477660-compute@developer.gserviceaccount.com","automaticUpdatePolicy":{}},"serviceConfig":{"service":"projects/poppin-s-app/locations/europe-west1/services/acceptdelegation","timeoutSeconds":60,"environmentVariables":{"EMAIL_USER":"votre_email@gmail.com","EMAIL_PASSWORD":"votre_mot_de_passe_securise","FIREBASE_CONFIG":"{\"projectId\":\"poppin-s-app\",\"storageBucket\":\"poppin-s-app.firebasestorage.app\"}","GCLOUD_PROJECT":"poppin-s-app","EVENTARC_CLOUD_EVENT_SOURCE":"projects/poppin-s-app/locations/europe-west1/services/acceptDelegation","FUNCTION_TARGET":"acceptDelegation","LOG_EXECUTION_ID":"true","FUNCTION_SIGNATURE_TYPE":"http"},"ingressSettings":"ALLOW_ALL","uri":"https://acceptdelegation-j3na7x5n2a-ew.a.run.app","serviceAccountEmail":"402812477660-compute@developer.gserviceaccount.com","availableMemory":"256Mi","allTrafficOnLatestRevision":true,"revision":"acceptdelegation-00004-zug","maxInstanceRequestConcurrency":80,"availableCpu":"1"},"state":"ACTIVE","labels":{"deployment-tool":"cli-firebase","deployment-callable":"true","firebase-functions-hash":"ecbaa31c917c1fff03b9ad86e035ea77447bcf99"},"environment":"GEN_2","url":"https://europe-west1-poppin-s-app.cloudfunctions.net/acceptDelegation","satisfiesPzi":true},"stages":[{"name":"BUILD","message":"Reusing build","state":"COMPLETE","resource":"projects/402812477660/locations/europe-west1/builds/8677a979-60d7-4bfa-982e-bc51ddffff95"},{"name":"SERVICE","message":"Updating Cloud Run service","state":"IN_PROGRESS","resource":"projects/poppin-s-app/locations/europe-west1/services/acceptdelegation","resourceUri":"https://console.cloud.google.com/run/detail/europe-west1/acceptdelegation?project=poppin-s-app","stateMessages":[{"severity":"INFO","type":"CloudRunServiceNewRevisionTrafficInfo","message":"A new revision will be deployed serving with 100% traffic."}]}],"sourceToken":"Clhwcm9qZWN0cy80MDI4MTI0Nzc2NjAvbG9jYXRpb25zL2V1cm9wZS13ZXN0MS9idWlsZHMvODY3N2E5NzktNjBkNy00YmZhLTk4MmUtYmM1MWRkZmZmZjk1EnRldXJvcGUtd2VzdDEtZG9ja2VyLnBrZy5kZXYvcG9wcGluLXMtYXBwL2djZi1hcnRpZmFjdHMvcG9wcGluLS1zLS1hcHBfX2V1cm9wZS0td2VzdDFfX3NlbmRfZW1haWxfdG9fcGFyZW50OnZlcnNpb25fMRjcwfrL3AsiSHByb2plY3RzL3BvcHBpbi1zLWFwcC9sb2NhdGlvbnMvZXVyb3BlLXdlc3QxL2Z1bmN0aW9ucy9zZW5kRW1haWxUb1BhcmVudCoMCMDN0MYGEJjK0+4CMghub2RlanMyMDp3CiNnY3IuaW8vZ2FlLXJ1bnRpbWVzL25vZGVqczIwOnN0YWJsZRJQZXVyb3BlLXdlc3QxLWRvY2tlci5wa2cuZGV2L3NlcnZlcmxlc3MtcnVudGltZXMvZ29vZ2xlLTIyLWZ1bGwvcnVudGltZXMvbm9kZWpzMjBAAQ==","operationType":"UPDATE_FUNCTION","buildName":"projects/402812477660/locations/europe-west1/builds/8677a979-60d7-4bfa-982e-bc51ddffff95"},"done":false}
[debug] [2025-09-24T17:13:45.627Z] Got source token Clhwcm9qZWN0cy80MDI4MTI0Nzc2NjAvbG9jYXRpb25zL2V1cm9wZS13ZXN0MS9idWlsZHMvODY3N2E5NzktNjBkNy00YmZhLTk4MmUtYmM1MWRkZmZmZjk1EnRldXJvcGUtd2VzdDEtZG9ja2VyLnBrZy5kZXYvcG9wcGluLXMtYXBwL2djZi1hcnRpZmFjdHMvcG9wcGluLS1zLS1hcHBfX2V1cm9wZS0td2VzdDFfX3NlbmRfZW1haWxfdG9fcGFyZW50OnZlcnNpb25fMRjcwfrL3AsiSHByb2plY3RzL3BvcHBpbi1zLWFwcC9sb2NhdGlvbnMvZXVyb3BlLXdlc3QxL2Z1bmN0aW9ucy9zZW5kRW1haWxUb1BhcmVudCoMCMDN0MYGEJjK0+4CMghub2RlanMyMDp3CiNnY3IuaW8vZ2FlLXJ1bnRpbWVzL25vZGVqczIwOnN0YWJsZRJQZXVyb3BlLXdlc3QxLWRvY2tlci5wa2cuZGV2L3NlcnZlcmxlc3MtcnVudGltZXMvZ29vZ2xlLTIyLWZ1bGwvcnVudGltZXMvbm9kZWpzMjBAAQ== for region europe-west1
[debug] [2025-09-24T17:13:45.637Z] [update-default-europe-west1-onDelegationCreated] Retrying task index 0
[debug] [2025-09-24T17:13:45.637Z] Checked if tokens are valid: true, expires at: 1758736880538
[debug] [2025-09-24T17:13:45.638Z] Checked if tokens are valid: true, expires at: 1758736880538
[debug] [2025-09-24T17:13:45.638Z] >>> [apiv2][query] GET https://cloudfunctions.googleapis.com/v2/projects/poppin-s-app/locations/europe-west1/operations/operation-1758734020365-63f8f2c89cb81-055d6225-33c66182 [none]
[debug] [2025-09-24T17:13:45.664Z] [update-default-europe-west1-onStockNeedsUpdated] Retrying task index 0
[debug] [2025-09-24T17:13:45.664Z] Checked if tokens are valid: true, expires at: 1758736880538
[debug] [2025-09-24T17:13:45.665Z] Checked if tokens are valid: true, expires at: 1758736880538
[debug] [2025-09-24T17:13:45.665Z] >>> [apiv2][query] GET https://cloudfunctions.googleapis.com/v2/projects/poppin-s-app/locations/europe-west1/operations/operation-1758734020370-63f8f2c89e1f0-de4c0a3a-44a19313 [none]
[debug] [2025-09-24T17:13:45.682Z] <<< [apiv2][status] GET https://cloudfunctions.googleapis.com/v2/projects/poppin-s-app/locations/europe-west1/operations/operation-1758734020383-63f8f2c8a14a2-37bbcb92-d73fd8d9 200
[debug] [2025-09-24T17:13:45.682Z] <<< [apiv2][body] GET https://cloudfunctions.googleapis.com/v2/projects/poppin-s-app/locations/europe-west1/operations/operation-1758734020383-63f8f2c8a14a2-37bbcb92-d73fd8d9 {"name":"projects/poppin-s-app/locations/europe-west1/operations/operation-1758734020383-63f8f2c8a14a2-37bbcb92-d73fd8d9","metadata":{"@type":"type.googleapis.com/google.cloud.functions.v2.OperationMetadata","createTime":"2025-09-24T17:13:41.924675768Z","target":"projects/poppin-s-app/locations/europe-west1/functions/onNewMessage","verb":"update","cancelRequested":false,"apiVersion":"v2","requestResource":{"@type":"type.googleapis.com/google.cloud.functions.v2.Function","name":"projects/poppin-s-app/locations/europe-west1/functions/onNewMessage","buildConfig":{"runtime":"nodejs20","entryPoint":"onNewMessage","source":{"storageSource":{"bucket":"gcf-v2-sources-402812477660-europe-west1","object":"onNewMessage/function-source.zip","generation":"1758734021881509"}},"environmentVariables":{"GOOGLE_NODE_RUN_SCRIPTS":""},"dockerRepository":"projects/poppin-s-app/locations/europe-west1/repositories/gcf-artifacts","sourceProvenance":{"resolvedStorageSource":{"bucket":"gcf-v2-sources-402812477660-europe-west1","object":"onNewMessage/function-source.zip","generation":"1758733376447997"}},"dockerRegistry":"ARTIFACT_REGISTRY","sourceToken":"Clhwcm9qZWN0cy80MDI4MTI0Nzc2NjAvbG9jYXRpb25zL2V1cm9wZS13ZXN0MS9idWlsZHMvODY3N2E5NzktNjBkNy00YmZhLTk4MmUtYmM1MWRkZmZmZjk1EnRldXJvcGUtd2VzdDEtZG9ja2VyLnBrZy5kZXYvcG9wcGluLXMtYXBwL2djZi1hcnRpZmFjdHMvcG9wcGluLS1zLS1hcHBfX2V1cm9wZS0td2VzdDFfX3NlbmRfZW1haWxfdG9fcGFyZW50OnZlcnNpb25fMRjcwfrL3AsiSHByb2plY3RzL3BvcHBpbi1zLWFwcC9sb2NhdGlvbnMvZXVyb3BlLXdlc3QxL2Z1bmN0aW9ucy9zZW5kRW1haWxUb1BhcmVudCoMCMDN0MYGEJjK0+4CMghub2RlanMyMDp3CiNnY3IuaW8vZ2FlLXJ1bnRpbWVzL25vZGVqczIwOnN0YWJsZRJQZXVyb3BlLXdlc3QxLWRvY2tlci5wa2cuZGV2L3NlcnZlcmxlc3MtcnVudGltZXMvZ29vZ2xlLTIyLWZ1bGwvcnVudGltZXMvbm9kZWpzMjBAAQ==","serviceAccount":"projects/poppin-s-app/serviceAccounts/402812477660-compute@developer.gserviceaccount.com","automaticUpdatePolicy":{}},"serviceConfig":{"service":"projects/poppin-s-app/locations/europe-west1/services/onnewmessage","timeoutSeconds":60,"environmentVariables":{"EMAIL_USER":"votre_email@gmail.com","EMAIL_PASSWORD":"votre_mot_de_passe_securise","FIREBASE_CONFIG":"{\"projectId\":\"poppin-s-app\",\"storageBucket\":\"poppin-s-app.firebasestorage.app\"}","GCLOUD_PROJECT":"poppin-s-app","EVENTARC_CLOUD_EVENT_SOURCE":"projects/poppin-s-app/locations/europe-west1/services/onNewMessage","FUNCTION_SIGNATURE_TYPE":"cloudevent","FUNCTION_TARGET":"onNewMessage","LOG_EXECUTION_ID":"true"},"ingressSettings":"ALLOW_ALL","uri":"https://onnewmessage-j3na7x5n2a-ew.a.run.app","serviceAccountEmail":"402812477660-compute@developer.gserviceaccount.com","availableMemory":"256Mi","allTrafficOnLatestRevision":true,"revision":"onnewmessage-00007-paf","maxInstanceRequestConcurrency":80,"availableCpu":"1"},"eventTrigger":{"trigger":"projects/poppin-s-app/locations/europe-west9/triggers/onnewmessage-930037","triggerRegion":"europe-west9","eventType":"google.cloud.firestore.document.v1.created","eventFilters":[{"attribute":"database","value":"(default)"},{"attribute":"namespace","value":"(default)"},{"attribute":"document","value":"exchanges/{messageId}","operator":"match-path-pattern"}],"pubsubTopic":"projects/poppin-s-app/topics/eventarc-europe-west9-onnewmessage-930037-538","serviceAccountEmail":"402812477660-compute@developer.gserviceaccount.com","retryPolicy":"RETRY_POLICY_DO_NOT_RETRY"},"state":"ACTIVE","labels":{"deployment-tool":"cli-firebase","firebase-functions-hash":"ecbaa31c917c1fff03b9ad86e035ea77447bcf99"},"environment":"GEN_2","url":"https://europe-west1-poppin-s-app.cloudfunctions.net/onNewMessage","satisfiesPzi":true},"stages":[{"name":"BUILD","message":"Reusing build","state":"COMPLETE","resource":"projects/402812477660/locations/europe-west1/builds/8677a979-60d7-4bfa-982e-bc51ddffff95"},{"name":"SERVICE","message":"Updating Cloud Run service","state":"IN_PROGRESS","resource":"projects/poppin-s-app/locations/europe-west1/services/onnewmessage","resourceUri":"https://console.cloud.google.com/run/detail/europe-west1/onnewmessage?project=poppin-s-app","stateMessages":[{"severity":"INFO","type":"CloudRunServiceNewRevisionTrafficInfo","message":"A new revision will be deployed serving with 100% traffic."}]},{"name":"TRIGGER","state":"NOT_STARTED"}],"sourceToken":"Clhwcm9qZWN0cy80MDI4MTI0Nzc2NjAvbG9jYXRpb25zL2V1cm9wZS13ZXN0MS9idWlsZHMvODY3N2E5NzktNjBkNy00YmZhLTk4MmUtYmM1MWRkZmZmZjk1EnRldXJvcGUtd2VzdDEtZG9ja2VyLnBrZy5kZXYvcG9wcGluLXMtYXBwL2djZi1hcnRpZmFjdHMvcG9wcGluLS1zLS1hcHBfX2V1cm9wZS0td2VzdDFfX3NlbmRfZW1haWxfdG9fcGFyZW50OnZlcnNpb25fMRjcwfrL3AsiSHByb2plY3RzL3BvcHBpbi1zLWFwcC9sb2NhdGlvbnMvZXVyb3BlLXdlc3QxL2Z1bmN0aW9ucy9zZW5kRW1haWxUb1BhcmVudCoMCMDN0MYGEJjK0+4CMghub2RlanMyMDp3CiNnY3IuaW8vZ2FlLXJ1bnRpbWVzL25vZGVqczIwOnN0YWJsZRJQZXVyb3BlLXdlc3QxLWRvY2tlci5wa2cuZGV2L3NlcnZlcmxlc3MtcnVudGltZXMvZ29vZ2xlLTIyLWZ1bGwvcnVudGltZXMvbm9kZWpzMjBAAQ==","operationType":"UPDATE_FUNCTION","buildName":"projects/402812477660/locations/europe-west1/builds/8677a979-60d7-4bfa-982e-bc51ddffff95"},"done":false}
[debug] [2025-09-24T17:13:45.682Z] Got source token Clhwcm9qZWN0cy80MDI4MTI0Nzc2NjAvbG9jYXRpb25zL2V1cm9wZS13ZXN0MS9idWlsZHMvODY3N2E5NzktNjBkNy00YmZhLTk4MmUtYmM1MWRkZmZmZjk1EnRldXJvcGUtd2VzdDEtZG9ja2VyLnBrZy5kZXYvcG9wcGluLXMtYXBwL2djZi1hcnRpZmFjdHMvcG9wcGluLS1zLS1hcHBfX2V1cm9wZS0td2VzdDFfX3NlbmRfZW1haWxfdG9fcGFyZW50OnZlcnNpb25fMRjcwfrL3AsiSHByb2plY3RzL3BvcHBpbi1zLWFwcC9sb2NhdGlvbnMvZXVyb3BlLXdlc3QxL2Z1bmN0aW9ucy9zZW5kRW1haWxUb1BhcmVudCoMCMDN0MYGEJjK0+4CMghub2RlanMyMDp3CiNnY3IuaW8vZ2FlLXJ1bnRpbWVzL25vZGVqczIwOnN0YWJsZRJQZXVyb3BlLXdlc3QxLWRvY2tlci5wa2cuZGV2L3NlcnZlcmxlc3MtcnVudGltZXMvZ29vZ2xlLTIyLWZ1bGwvcnVudGltZXMvbm9kZWpzMjBAAQ== for region europe-west1
[debug] [2025-09-24T17:13:45.691Z] <<< [apiv2][status] GET https://cloudfunctions.googleapis.com/v2/projects/poppin-s-app/locations/europe-west1/operations/operation-1758734020365-63f8f2c89cb81-055d6225-33c66182 200
[debug] [2025-09-24T17:13:45.691Z] <<< [apiv2][body] GET https://cloudfunctions.googleapis.com/v2/projects/poppin-s-app/locations/europe-west1/operations/operation-1758734020365-63f8f2c89cb81-055d6225-33c66182 {"name":"projects/poppin-s-app/locations/europe-west1/operations/operation-1758734020365-63f8f2c89cb81-055d6225-33c66182","metadata":{"@type":"type.googleapis.com/google.cloud.functions.v2.OperationMetadata","createTime":"2025-09-24T17:13:41.943695149Z","target":"projects/poppin-s-app/locations/europe-west1/functions/onDelegationCreated","verb":"update","cancelRequested":false,"apiVersion":"v2","requestResource":{"@type":"type.googleapis.com/google.cloud.functions.v2.Function","name":"projects/poppin-s-app/locations/europe-west1/functions/onDelegationCreated","buildConfig":{"runtime":"nodejs20","entryPoint":"onDelegationCreated","source":{"storageSource":{"bucket":"gcf-v2-sources-402812477660-europe-west1","object":"onDelegationCreated/function-source.zip","generation":"1758734021899379"}},"environmentVariables":{"GOOGLE_NODE_RUN_SCRIPTS":""},"dockerRepository":"projects/poppin-s-app/locations/europe-west1/repositories/gcf-artifacts","sourceProvenance":{"resolvedStorageSource":{"bucket":"gcf-v2-sources-402812477660-europe-west1","object":"onDelegationCreated/function-source.zip","generation":"1758733376459632"}},"dockerRegistry":"ARTIFACT_REGISTRY","sourceToken":"Clhwcm9qZWN0cy80MDI4MTI0Nzc2NjAvbG9jYXRpb25zL2V1cm9wZS13ZXN0MS9idWlsZHMvODY3N2E5NzktNjBkNy00YmZhLTk4MmUtYmM1MWRkZmZmZjk1EnRldXJvcGUtd2VzdDEtZG9ja2VyLnBrZy5kZXYvcG9wcGluLXMtYXBwL2djZi1hcnRpZmFjdHMvcG9wcGluLS1zLS1hcHBfX2V1cm9wZS0td2VzdDFfX3NlbmRfZW1haWxfdG9fcGFyZW50OnZlcnNpb25fMRjcwfrL3AsiSHByb2plY3RzL3BvcHBpbi1zLWFwcC9sb2NhdGlvbnMvZXVyb3BlLXdlc3QxL2Z1bmN0aW9ucy9zZW5kRW1haWxUb1BhcmVudCoMCMDN0MYGEJjK0+4CMghub2RlanMyMDp3CiNnY3IuaW8vZ2FlLXJ1bnRpbWVzL25vZGVqczIwOnN0YWJsZRJQZXVyb3BlLXdlc3QxLWRvY2tlci5wa2cuZGV2L3NlcnZlcmxlc3MtcnVudGltZXMvZ29vZ2xlLTIyLWZ1bGwvcnVudGltZXMvbm9kZWpzMjBAAQ==","serviceAccount":"projects/poppin-s-app/serviceAccounts/402812477660-compute@developer.gserviceaccount.com","automaticUpdatePolicy":{}},"serviceConfig":{"service":"projects/poppin-s-app/locations/europe-west1/services/ondelegationcreated","timeoutSeconds":60,"environmentVariables":{"EMAIL_USER":"votre_email@gmail.com","EMAIL_PASSWORD":"votre_mot_de_passe_securise","FIREBASE_CONFIG":"{\"projectId\":\"poppin-s-app\",\"storageBucket\":\"poppin-s-app.firebasestorage.app\"}","GCLOUD_PROJECT":"poppin-s-app","EVENTARC_CLOUD_EVENT_SOURCE":"projects/poppin-s-app/locations/europe-west1/services/onDelegationCreated","FUNCTION_SIGNATURE_TYPE":"cloudevent","FUNCTION_TARGET":"onDelegationCreated","LOG_EXECUTION_ID":"true"},"ingressSettings":"ALLOW_ALL","uri":"https://ondelegationcreated-j3na7x5n2a-ew.a.run.app","serviceAccountEmail":"402812477660-compute@developer.gserviceaccount.com","availableMemory":"256Mi","allTrafficOnLatestRevision":true,"revision":"ondelegationcreated-00003-zeg","maxInstanceRequestConcurrency":80,"availableCpu":"1"},"eventTrigger":{"trigger":"projects/poppin-s-app/locations/europe-west9/triggers/ondelegationcreated-613746","triggerRegion":"europe-west9","eventType":"google.cloud.firestore.document.v1.created","eventFilters":[{"attribute":"database","value":"(default)"},{"attribute":"namespace","value":"(default)"},{"attribute":"document","value":"structures/{structureId}/delegations/{delegationId}","operator":"match-path-pattern"}],"pubsubTopic":"projects/poppin-s-app/topics/eventarc-europe-west9-ondelegationcreated-613746-417","serviceAccountEmail":"402812477660-compute@developer.gserviceaccount.com","retryPolicy":"RETRY_POLICY_DO_NOT_RETRY"},"state":"ACTIVE","labels":{"deployment-tool":"cli-firebase","firebase-functions-hash":"ecbaa31c917c1fff03b9ad86e035ea77447bcf99"},"environment":"GEN_2","url":"https://europe-west1-poppin-s-app.cloudfunctions.net/onDelegationCreated","satisfiesPzi":true},"stages":[{"name":"BUILD","message":"Reusing build","state":"COMPLETE","resource":"projects/402812477660/locations/europe-west1/builds/8677a979-60d7-4bfa-982e-bc51ddffff95"},{"name":"SERVICE","message":"Updating Cloud Run service","state":"IN_PROGRESS","resource":"projects/poppin-s-app/locations/europe-west1/services/ondelegationcreated","resourceUri":"https://console.cloud.google.com/run/detail/europe-west1/ondelegationcreated?project=poppin-s-app","stateMessages":[{"severity":"INFO","type":"CloudRunServiceNewRevisionTrafficInfo","message":"A new revision will be deployed serving with 100% traffic."}]},{"name":"TRIGGER","state":"NOT_STARTED"}],"sourceToken":"Clhwcm9qZWN0cy80MDI4MTI0Nzc2NjAvbG9jYXRpb25zL2V1cm9wZS13ZXN0MS9idWlsZHMvODY3N2E5NzktNjBkNy00YmZhLTk4MmUtYmM1MWRkZmZmZjk1EnRldXJvcGUtd2VzdDEtZG9ja2VyLnBrZy5kZXYvcG9wcGluLXMtYXBwL2djZi1hcnRpZmFjdHMvcG9wcGluLS1zLS1hcHBfX2V1cm9wZS0td2VzdDFfX3NlbmRfZW1haWxfdG9fcGFyZW50OnZlcnNpb25fMRjcwfrL3AsiSHByb2plY3RzL3BvcHBpbi1zLWFwcC9sb2NhdGlvbnMvZXVyb3BlLXdlc3QxL2Z1bmN0aW9ucy9zZW5kRW1haWxUb1BhcmVudCoMCMDN0MYGEJjK0+4CMghub2RlanMyMDp3CiNnY3IuaW8vZ2FlLXJ1bnRpbWVzL25vZGVqczIwOnN0YWJsZRJQZXVyb3BlLXdlc3QxLWRvY2tlci5wa2cuZGV2L3NlcnZlcmxlc3MtcnVudGltZXMvZ29vZ2xlLTIyLWZ1bGwvcnVudGltZXMvbm9kZWpzMjBAAQ==","operationType":"UPDATE_FUNCTION","buildName":"projects/402812477660/locations/europe-west1/builds/8677a979-60d7-4bfa-982e-bc51ddffff95"},"done":false}
[debug] [2025-09-24T17:13:45.691Z] Got source token Clhwcm9qZWN0cy80MDI4MTI0Nzc2NjAvbG9jYXRpb25zL2V1cm9wZS13ZXN0MS9idWlsZHMvODY3N2E5NzktNjBkNy00YmZhLTk4MmUtYmM1MWRkZmZmZjk1EnRldXJvcGUtd2VzdDEtZG9ja2VyLnBrZy5kZXYvcG9wcGluLXMtYXBwL2djZi1hcnRpZmFjdHMvcG9wcGluLS1zLS1hcHBfX2V1cm9wZS0td2VzdDFfX3NlbmRfZW1haWxfdG9fcGFyZW50OnZlcnNpb25fMRjcwfrL3AsiSHByb2plY3RzL3BvcHBpbi1zLWFwcC9sb2NhdGlvbnMvZXVyb3BlLXdlc3QxL2Z1bmN0aW9ucy9zZW5kRW1haWxUb1BhcmVudCoMCMDN0MYGEJjK0+4CMghub2RlanMyMDp3CiNnY3IuaW8vZ2FlLXJ1bnRpbWVzL25vZGVqczIwOnN0YWJsZRJQZXVyb3BlLXdlc3QxLWRvY2tlci5wa2cuZGV2L3NlcnZlcmxlc3MtcnVudGltZXMvZ29vZ2xlLTIyLWZ1bGwvcnVudGltZXMvbm9kZWpzMjBAAQ== for region europe-west1
[debug] [2025-09-24T17:13:45.721Z] <<< [apiv2][status] GET https://cloudfunctions.googleapis.com/v2/projects/poppin-s-app/locations/europe-west1/operations/operation-1758734020370-63f8f2c89e1f0-de4c0a3a-44a19313 200
[debug] [2025-09-24T17:13:45.722Z] <<< [apiv2][body] GET https://cloudfunctions.googleapis.com/v2/projects/poppin-s-app/locations/europe-west1/operations/operation-1758734020370-63f8f2c89e1f0-de4c0a3a-44a19313 {"name":"projects/poppin-s-app/locations/europe-west1/operations/operation-1758734020370-63f8f2c89e1f0-de4c0a3a-44a19313","metadata":{"@type":"type.googleapis.com/google.cloud.functions.v2.OperationMetadata","createTime":"2025-09-24T17:13:41.952369740Z","target":"projects/poppin-s-app/locations/europe-west1/functions/onStockNeedsUpdated","verb":"update","cancelRequested":false,"apiVersion":"v2","requestResource":{"@type":"type.googleapis.com/google.cloud.functions.v2.Function","name":"projects/poppin-s-app/locations/europe-west1/functions/onStockNeedsUpdated","buildConfig":{"runtime":"nodejs20","entryPoint":"onStockNeedsUpdated","source":{"storageSource":{"bucket":"gcf-v2-sources-402812477660-europe-west1","object":"onStockNeedsUpdated/function-source.zip","generation":"1758734021898754"}},"environmentVariables":{"GOOGLE_NODE_RUN_SCRIPTS":""},"dockerRepository":"projects/poppin-s-app/locations/europe-west1/repositories/gcf-artifacts","sourceProvenance":{"resolvedStorageSource":{"bucket":"gcf-v2-sources-402812477660-europe-west1","object":"onStockNeedsUpdated/function-source.zip","generation":"1758733376321180"}},"dockerRegistry":"ARTIFACT_REGISTRY","sourceToken":"Clhwcm9qZWN0cy80MDI4MTI0Nzc2NjAvbG9jYXRpb25zL2V1cm9wZS13ZXN0MS9idWlsZHMvODY3N2E5NzktNjBkNy00YmZhLTk4MmUtYmM1MWRkZmZmZjk1EnRldXJvcGUtd2VzdDEtZG9ja2VyLnBrZy5kZXYvcG9wcGluLXMtYXBwL2djZi1hcnRpZmFjdHMvcG9wcGluLS1zLS1hcHBfX2V1cm9wZS0td2VzdDFfX3NlbmRfZW1haWxfdG9fcGFyZW50OnZlcnNpb25fMRjcwfrL3AsiSHByb2plY3RzL3BvcHBpbi1zLWFwcC9sb2NhdGlvbnMvZXVyb3BlLXdlc3QxL2Z1bmN0aW9ucy9zZW5kRW1haWxUb1BhcmVudCoMCMDN0MYGEJjK0+4CMghub2RlanMyMDp3CiNnY3IuaW8vZ2FlLXJ1bnRpbWVzL25vZGVqczIwOnN0YWJsZRJQZXVyb3BlLXdlc3QxLWRvY2tlci5wa2cuZGV2L3NlcnZlcmxlc3MtcnVudGltZXMvZ29vZ2xlLTIyLWZ1bGwvcnVudGltZXMvbm9kZWpzMjBAAQ==","serviceAccount":"projects/poppin-s-app/serviceAccounts/402812477660-compute@developer.gserviceaccount.com","automaticUpdatePolicy":{}},"serviceConfig":{"service":"projects/poppin-s-app/locations/europe-west1/services/onstockneedsupdated","timeoutSeconds":60,"environmentVariables":{"EMAIL_USER":"votre_email@gmail.com","EMAIL_PASSWORD":"votre_mot_de_passe_securise","FIREBASE_CONFIG":"{\"projectId\":\"poppin-s-app\",\"storageBucket\":\"poppin-s-app.firebasestorage.app\"}","GCLOUD_PROJECT":"poppin-s-app","EVENTARC_CLOUD_EVENT_SOURCE":"projects/poppin-s-app/locations/europe-west1/services/onStockNeedsUpdated","FUNCTION_SIGNATURE_TYPE":"cloudevent","FUNCTION_TARGET":"onStockNeedsUpdated","LOG_EXECUTION_ID":"true"},"ingressSettings":"ALLOW_ALL","uri":"https://onstockneedsupdated-j3na7x5n2a-ew.a.run.app","serviceAccountEmail":"402812477660-compute@developer.gserviceaccount.com","availableMemory":"256Mi","allTrafficOnLatestRevision":true,"revision":"onstockneedsupdated-00006-kew","maxInstanceRequestConcurrency":80,"availableCpu":"1"},"eventTrigger":{"trigger":"projects/poppin-s-app/locations/europe-west9/triggers/onstockneedsupdated-763256","triggerRegion":"europe-west9","eventType":"google.cloud.firestore.document.v1.written","eventFilters":[{"attribute":"database","value":"(default)"},{"attribute":"namespace","value":"(default)"},{"attribute":"document","value":"structures/{structureId}/children/{childId}/stocks/current","operator":"match-path-pattern"}],"pubsubTopic":"projects/poppin-s-app/topics/eventarc-europe-west9-onstockneedsupdated-763256-289","serviceAccountEmail":"402812477660-compute@developer.gserviceaccount.com","retryPolicy":"RETRY_POLICY_DO_NOT_RETRY"},"state":"ACTIVE","labels":{"deployment-tool":"cli-firebase","firebase-functions-hash":"ecbaa31c917c1fff03b9ad86e035ea77447bcf99"},"environment":"GEN_2","url":"https://europe-west1-poppin-s-app.cloudfunctions.net/onStockNeedsUpdated","satisfiesPzi":true},"stages":[{"name":"BUILD","message":"Reusing build","state":"COMPLETE","resource":"projects/402812477660/locations/europe-west1/builds/8677a979-60d7-4bfa-982e-bc51ddffff95"},{"name":"SERVICE","message":"Updating Cloud Run service","state":"IN_PROGRESS","resource":"projects/poppin-s-app/locations/europe-west1/services/onstockneedsupdated","resourceUri":"https://console.cloud.google.com/run/detail/europe-west1/onstockneedsupdated?project=poppin-s-app","stateMessages":[{"severity":"INFO","type":"CloudRunServiceNewRevisionTrafficInfo","message":"A new revision will be deployed serving with 100% traffic."}]},{"name":"TRIGGER","state":"NOT_STARTED"}],"sourceToken":"Clhwcm9qZWN0cy80MDI4MTI0Nzc2NjAvbG9jYXRpb25zL2V1cm9wZS13ZXN0MS9idWlsZHMvODY3N2E5NzktNjBkNy00YmZhLTk4MmUtYmM1MWRkZmZmZjk1EnRldXJvcGUtd2VzdDEtZG9ja2VyLnBrZy5kZXYvcG9wcGluLXMtYXBwL2djZi1hcnRpZmFjdHMvcG9wcGluLS1zLS1hcHBfX2V1cm9wZS0td2VzdDFfX3NlbmRfZW1haWxfdG9fcGFyZW50OnZlcnNpb25fMRjcwfrL3AsiSHByb2plY3RzL3BvcHBpbi1zLWFwcC9sb2NhdGlvbnMvZXVyb3BlLXdlc3QxL2Z1bmN0aW9ucy9zZW5kRW1haWxUb1BhcmVudCoMCMDN0MYGEJjK0+4CMghub2RlanMyMDp3CiNnY3IuaW8vZ2FlLXJ1bnRpbWVzL25vZGVqczIwOnN0YWJsZRJQZXVyb3BlLXdlc3QxLWRvY2tlci5wa2cuZGV2L3NlcnZlcmxlc3MtcnVudGltZXMvZ29vZ2xlLTIyLWZ1bGwvcnVudGltZXMvbm9kZWpzMjBAAQ==","operationType":"UPDATE_FUNCTION","buildName":"projects/402812477660/locations/europe-west1/builds/8677a979-60d7-4bfa-982e-bc51ddffff95"},"done":false}
[debug] [2025-09-24T17:13:45.722Z] Got source token Clhwcm9qZWN0cy80MDI4MTI0Nzc2NjAvbG9jYXRpb25zL2V1cm9wZS13ZXN0MS9idWlsZHMvODY3N2E5NzktNjBkNy00YmZhLTk4MmUtYmM1MWRkZmZmZjk1EnRldXJvcGUtd2VzdDEtZG9ja2VyLnBrZy5kZXYvcG9wcGluLXMtYXBwL2djZi1hcnRpZmFjdHMvcG9wcGluLS1zLS1hcHBfX2V1cm9wZS0td2VzdDFfX3NlbmRfZW1haWxfdG9fcGFyZW50OnZlcnNpb25fMRjcwfrL3AsiSHByb2plY3RzL3BvcHBpbi1zLWFwcC9sb2NhdGlvbnMvZXVyb3BlLXdlc3QxL2Z1bmN0aW9ucy9zZW5kRW1haWxUb1BhcmVudCoMCMDN0MYGEJjK0+4CMghub2RlanMyMDp3CiNnY3IuaW8vZ2FlLXJ1bnRpbWVzL25vZGVqczIwOnN0YWJsZRJQZXVyb3BlLXdlc3QxLWRvY2tlci5wa2cuZGV2L3NlcnZlcmxlc3MtcnVudGltZXMvZ29vZ2xlLTIyLWZ1bGwvcnVudGltZXMvbm9kZWpzMjBAAQ== for region europe-west1
[debug] [2025-09-24T17:13:45.839Z] [update-default-europe-west1-sendNotification] Retrying task index 0
[debug] [2025-09-24T17:13:45.840Z] Checked if tokens are valid: true, expires at: 1758736880538
[debug] [2025-09-24T17:13:45.840Z] Checked if tokens are valid: true, expires at: 1758736880538
[debug] [2025-09-24T17:13:45.840Z] >>> [apiv2][query] GET https://cloudfunctions.googleapis.com/v2/projects/poppin-s-app/locations/europe-west1/operations/operation-1758734020383-63f8f2c8a14e6-beca0c65-85dffa34 [none]
[debug] [2025-09-24T17:13:45.888Z] <<< [apiv2][status] GET https://cloudfunctions.googleapis.com/v2/projects/poppin-s-app/locations/europe-west1/operations/operation-1758734020383-63f8f2c8a14e6-beca0c65-85dffa34 200
[debug] [2025-09-24T17:13:45.888Z] <<< [apiv2][body] GET https://cloudfunctions.googleapis.com/v2/projects/poppin-s-app/locations/europe-west1/operations/operation-1758734020383-63f8f2c8a14e6-beca0c65-85dffa34 {"name":"projects/poppin-s-app/locations/europe-west1/operations/operation-1758734020383-63f8f2c8a14e6-beca0c65-85dffa34","metadata":{"@type":"type.googleapis.com/google.cloud.functions.v2.OperationMetadata","createTime":"2025-09-24T17:13:42.126375189Z","target":"projects/poppin-s-app/locations/europe-west1/functions/sendNotification","verb":"update","cancelRequested":false,"apiVersion":"v2","requestResource":{"@type":"type.googleapis.com/google.cloud.functions.v2.Function","name":"projects/poppin-s-app/locations/europe-west1/functions/sendNotification","buildConfig":{"runtime":"nodejs20","entryPoint":"sendNotification","source":{"storageSource":{"bucket":"gcf-v2-sources-402812477660-europe-west1","object":"sendNotification/function-source.zip","generation":"1758734021995939"}},"environmentVariables":{"GOOGLE_NODE_RUN_SCRIPTS":""},"dockerRepository":"projects/poppin-s-app/locations/europe-west1/repositories/gcf-artifacts","sourceProvenance":{"resolvedStorageSource":{"bucket":"gcf-v2-sources-402812477660-europe-west1","object":"sendNotification/function-source.zip","generation":"1758733376204936"}},"dockerRegistry":"ARTIFACT_REGISTRY","sourceToken":"Clhwcm9qZWN0cy80MDI4MTI0Nzc2NjAvbG9jYXRpb25zL2V1cm9wZS13ZXN0MS9idWlsZHMvODY3N2E5NzktNjBkNy00YmZhLTk4MmUtYmM1MWRkZmZmZjk1EnRldXJvcGUtd2VzdDEtZG9ja2VyLnBrZy5kZXYvcG9wcGluLXMtYXBwL2djZi1hcnRpZmFjdHMvcG9wcGluLS1zLS1hcHBfX2V1cm9wZS0td2VzdDFfX3NlbmRfZW1haWxfdG9fcGFyZW50OnZlcnNpb25fMRjcwfrL3AsiSHByb2plY3RzL3BvcHBpbi1zLWFwcC9sb2NhdGlvbnMvZXVyb3BlLXdlc3QxL2Z1bmN0aW9ucy9zZW5kRW1haWxUb1BhcmVudCoMCMDN0MYGEJjK0+4CMghub2RlanMyMDp3CiNnY3IuaW8vZ2FlLXJ1bnRpbWVzL25vZGVqczIwOnN0YWJsZRJQZXVyb3BlLXdlc3QxLWRvY2tlci5wa2cuZGV2L3NlcnZlcmxlc3MtcnVudGltZXMvZ29vZ2xlLTIyLWZ1bGwvcnVudGltZXMvbm9kZWpzMjBAAQ==","serviceAccount":"projects/poppin-s-app/serviceAccounts/402812477660-compute@developer.gserviceaccount.com","automaticUpdatePolicy":{}},"serviceConfig":{"service":"projects/poppin-s-app/locations/europe-west1/services/sendnotification","timeoutSeconds":60,"environmentVariables":{"EMAIL_USER":"votre_email@gmail.com","EMAIL_PASSWORD":"votre_mot_de_passe_securise","FIREBASE_CONFIG":"{\"projectId\":\"poppin-s-app\",\"storageBucket\":\"poppin-s-app.firebasestorage.app\"}","GCLOUD_PROJECT":"poppin-s-app","EVENTARC_CLOUD_EVENT_SOURCE":"projects/poppin-s-app/locations/europe-west1/services/sendNotification","FUNCTION_SIGNATURE_TYPE":"cloudevent","FUNCTION_TARGET":"sendNotification","LOG_EXECUTION_ID":"true"},"ingressSettings":"ALLOW_ALL","uri":"https://sendnotification-j3na7x5n2a-ew.a.run.app","serviceAccountEmail":"402812477660-compute@developer.gserviceaccount.com","availableMemory":"256Mi","allTrafficOnLatestRevision":true,"revision":"sendnotification-00007-moq","maxInstanceRequestConcurrency":80,"availableCpu":"1"},"eventTrigger":{"trigger":"projects/poppin-s-app/locations/europe-west9/triggers/sendnotification-959171","triggerRegion":"europe-west9","eventType":"google.cloud.firestore.document.v1.created","eventFilters":[{"attribute":"database","value":"(default)"},{"attribute":"namespace","value":"(default)"},{"attribute":"document","value":"notifications/{notificationId}","operator":"match-path-pattern"}],"pubsubTopic":"projects/poppin-s-app/topics/eventarc-europe-west9-sendnotification-959171-415","serviceAccountEmail":"402812477660-compute@developer.gserviceaccount.com","retryPolicy":"RETRY_POLICY_DO_NOT_RETRY"},"state":"ACTIVE","labels":{"deployment-tool":"cli-firebase","firebase-functions-hash":"ecbaa31c917c1fff03b9ad86e035ea77447bcf99"},"environment":"GEN_2","url":"https://europe-west1-poppin-s-app.cloudfunctions.net/sendNotification","satisfiesPzi":true},"stages":[{"name":"BUILD","message":"Reusing build","state":"COMPLETE","resource":"projects/402812477660/locations/europe-west1/builds/8677a979-60d7-4bfa-982e-bc51ddffff95"},{"name":"SERVICE","message":"Updating Cloud Run service","state":"IN_PROGRESS","resource":"projects/poppin-s-app/locations/europe-west1/services/sendnotification","resourceUri":"https://console.cloud.google.com/run/detail/europe-west1/sendnotification?project=poppin-s-app","stateMessages":[{"severity":"INFO","type":"CloudRunServiceNewRevisionTrafficInfo","message":"A new revision will be deployed serving with 100% traffic."}]},{"name":"TRIGGER","state":"NOT_STARTED"}],"sourceToken":"Clhwcm9qZWN0cy80MDI4MTI0Nzc2NjAvbG9jYXRpb25zL2V1cm9wZS13ZXN0MS9idWlsZHMvODY3N2E5NzktNjBkNy00YmZhLTk4MmUtYmM1MWRkZmZmZjk1EnRldXJvcGUtd2VzdDEtZG9ja2VyLnBrZy5kZXYvcG9wcGluLXMtYXBwL2djZi1hcnRpZmFjdHMvcG9wcGluLS1zLS1hcHBfX2V1cm9wZS0td2VzdDFfX3NlbmRfZW1haWxfdG9fcGFyZW50OnZlcnNpb25fMRjcwfrL3AsiSHByb2plY3RzL3BvcHBpbi1zLWFwcC9sb2NhdGlvbnMvZXVyb3BlLXdlc3QxL2Z1bmN0aW9ucy9zZW5kRW1haWxUb1BhcmVudCoMCMDN0MYGEJjK0+4CMghub2RlanMyMDp3CiNnY3IuaW8vZ2FlLXJ1bnRpbWVzL25vZGVqczIwOnN0YWJsZRJQZXVyb3BlLXdlc3QxLWRvY2tlci5wa2cuZGV2L3NlcnZlcmxlc3MtcnVudGltZXMvZ29vZ2xlLTIyLWZ1bGwvcnVudGltZXMvbm9kZWpzMjBAAQ==","operationType":"UPDATE_FUNCTION","buildName":"projects/402812477660/locations/europe-west1/builds/8677a979-60d7-4bfa-982e-bc51ddffff95"},"done":false}
[debug] [2025-09-24T17:13:45.888Z] Got source token Clhwcm9qZWN0cy80MDI4MTI0Nzc2NjAvbG9jYXRpb25zL2V1cm9wZS13ZXN0MS9idWlsZHMvODY3N2E5NzktNjBkNy00YmZhLTk4MmUtYmM1MWRkZmZmZjk1EnRldXJvcGUtd2VzdDEtZG9ja2VyLnBrZy5kZXYvcG9wcGluLXMtYXBwL2djZi1hcnRpZmFjdHMvcG9wcGluLS1zLS1hcHBfX2V1cm9wZS0td2VzdDFfX3NlbmRfZW1haWxfdG9fcGFyZW50OnZlcnNpb25fMRjcwfrL3AsiSHByb2plY3RzL3BvcHBpbi1zLWFwcC9sb2NhdGlvbnMvZXVyb3BlLXdlc3QxL2Z1bmN0aW9ucy9zZW5kRW1haWxUb1BhcmVudCoMCMDN0MYGEJjK0+4CMghub2RlanMyMDp3CiNnY3IuaW8vZ2FlLXJ1bnRpbWVzL25vZGVqczIwOnN0YWJsZRJQZXVyb3BlLXdlc3QxLWRvY2tlci5wa2cuZGV2L3NlcnZlcmxlc3MtcnVudGltZXMvZ29vZ2xlLTIyLWZ1bGwvcnVudGltZXMvbm9kZWpzMjBAAQ== for region europe-west1
[debug] [2025-09-24T17:13:49.360Z] [update-default-europe-west1-testNotification] Retrying task index 0
[debug] [2025-09-24T17:13:49.361Z] Checked if tokens are valid: true, expires at: 1758736880538
[debug] [2025-09-24T17:13:49.361Z] Checked if tokens are valid: true, expires at: 1758736880538
[debug] [2025-09-24T17:13:49.361Z] >>> [apiv2][query] GET https://cloudfunctions.googleapis.com/v2/projects/poppin-s-app/locations/europe-west1/operations/operation-1758734020372-63f8f2c89e9e4-5f59e2bc-ae5bc96a [none]
[debug] [2025-09-24T17:13:49.398Z] [update-default-europe-west1-processEmailQueue] Retrying task index 0
[debug] [2025-09-24T17:13:49.398Z] Checked if tokens are valid: true, expires at: 1758736880538
[debug] [2025-09-24T17:13:49.398Z] Checked if tokens are valid: true, expires at: 1758736880538
[debug] [2025-09-24T17:13:49.398Z] >>> [apiv2][query] GET https://cloudfunctions.googleapis.com/v2/projects/poppin-s-app/locations/europe-west1/operations/operation-1758734020371-63f8f2c89e3b4-2530d91d-0da147f7 [none]
[debug] [2025-09-24T17:13:49.416Z] <<< [apiv2][status] GET https://cloudfunctions.googleapis.com/v2/projects/poppin-s-app/locations/europe-west1/operations/operation-1758734020372-63f8f2c89e9e4-5f59e2bc-ae5bc96a 200
[debug] [2025-09-24T17:13:49.416Z] <<< [apiv2][body] GET https://cloudfunctions.googleapis.com/v2/projects/poppin-s-app/locations/europe-west1/operations/operation-1758734020372-63f8f2c89e9e4-5f59e2bc-ae5bc96a {"name":"projects/poppin-s-app/locations/europe-west1/operations/operation-1758734020372-63f8f2c89e9e4-5f59e2bc-ae5bc96a","metadata":{"@type":"type.googleapis.com/google.cloud.functions.v2.OperationMetadata","createTime":"2025-09-24T17:13:41.579212179Z","target":"projects/poppin-s-app/locations/europe-west1/functions/testNotification","verb":"update","cancelRequested":false,"apiVersion":"v2","requestResource":{"@type":"type.googleapis.com/google.cloud.functions.v2.Function","name":"projects/poppin-s-app/locations/europe-west1/functions/testNotification","buildConfig":{"runtime":"nodejs20","entryPoint":"testNotification","source":{"storageSource":{"bucket":"gcf-v2-sources-402812477660-europe-west1","object":"testNotification/function-source.zip","generation":"1758734021532030"}},"environmentVariables":{"GOOGLE_NODE_RUN_SCRIPTS":""},"dockerRepository":"projects/poppin-s-app/locations/europe-west1/repositories/gcf-artifacts","sourceProvenance":{"resolvedStorageSource":{"bucket":"gcf-v2-sources-402812477660-europe-west1","object":"testNotification/function-source.zip","generation":"1758733376162763"}},"dockerRegistry":"ARTIFACT_REGISTRY","sourceToken":"Clhwcm9qZWN0cy80MDI4MTI0Nzc2NjAvbG9jYXRpb25zL2V1cm9wZS13ZXN0MS9idWlsZHMvODY3N2E5NzktNjBkNy00YmZhLTk4MmUtYmM1MWRkZmZmZjk1EnRldXJvcGUtd2VzdDEtZG9ja2VyLnBrZy5kZXYvcG9wcGluLXMtYXBwL2djZi1hcnRpZmFjdHMvcG9wcGluLS1zLS1hcHBfX2V1cm9wZS0td2VzdDFfX3NlbmRfZW1haWxfdG9fcGFyZW50OnZlcnNpb25fMRjcwfrL3AsiSHByb2plY3RzL3BvcHBpbi1zLWFwcC9sb2NhdGlvbnMvZXVyb3BlLXdlc3QxL2Z1bmN0aW9ucy9zZW5kRW1haWxUb1BhcmVudCoMCMDN0MYGEJjK0+4CMghub2RlanMyMDp3CiNnY3IuaW8vZ2FlLXJ1bnRpbWVzL25vZGVqczIwOnN0YWJsZRJQZXVyb3BlLXdlc3QxLWRvY2tlci5wa2cuZGV2L3NlcnZlcmxlc3MtcnVudGltZXMvZ29vZ2xlLTIyLWZ1bGwvcnVudGltZXMvbm9kZWpzMjBAAQ==","serviceAccount":"projects/poppin-s-app/serviceAccounts/402812477660-compute@developer.gserviceaccount.com","automaticUpdatePolicy":{}},"serviceConfig":{"service":"projects/poppin-s-app/locations/europe-west1/services/testnotification","timeoutSeconds":60,"environmentVariables":{"EMAIL_USER":"votre_email@gmail.com","EMAIL_PASSWORD":"votre_mot_de_passe_securise","FIREBASE_CONFIG":"{\"projectId\":\"poppin-s-app\",\"storageBucket\":\"poppin-s-app.firebasestorage.app\"}","GCLOUD_PROJECT":"poppin-s-app","EVENTARC_CLOUD_EVENT_SOURCE":"projects/poppin-s-app/locations/europe-west1/services/testNotification","FUNCTION_TARGET":"testNotification","LOG_EXECUTION_ID":"true","FUNCTION_SIGNATURE_TYPE":"http"},"ingressSettings":"ALLOW_ALL","uri":"https://testnotification-j3na7x5n2a-ew.a.run.app","serviceAccountEmail":"402812477660-compute@developer.gserviceaccount.com","availableMemory":"256Mi","allTrafficOnLatestRevision":true,"revision":"testnotification-00007-nuf","maxInstanceRequestConcurrency":80,"availableCpu":"1"},"state":"ACTIVE","labels":{"deployment-tool":"cli-firebase","deployment-callable":"true","firebase-functions-hash":"ecbaa31c917c1fff03b9ad86e035ea77447bcf99"},"environment":"GEN_2","url":"https://europe-west1-poppin-s-app.cloudfunctions.net/testNotification","satisfiesPzi":true},"stages":[{"name":"BUILD","message":"Reusing build","state":"COMPLETE","resource":"projects/402812477660/locations/europe-west1/builds/8677a979-60d7-4bfa-982e-bc51ddffff95"},{"name":"SERVICE","message":"Updating Cloud Run service","state":"IN_PROGRESS","resource":"projects/poppin-s-app/locations/europe-west1/services/testnotification","resourceUri":"https://console.cloud.google.com/run/detail/europe-west1/testnotification?project=poppin-s-app","stateMessages":[{"severity":"INFO","type":"CloudRunServiceNewRevisionTrafficInfo","message":"A new revision will be deployed serving with 100% traffic."}]}],"sourceToken":"Clhwcm9qZWN0cy80MDI4MTI0Nzc2NjAvbG9jYXRpb25zL2V1cm9wZS13ZXN0MS9idWlsZHMvODY3N2E5NzktNjBkNy00YmZhLTk4MmUtYmM1MWRkZmZmZjk1EnRldXJvcGUtd2VzdDEtZG9ja2VyLnBrZy5kZXYvcG9wcGluLXMtYXBwL2djZi1hcnRpZmFjdHMvcG9wcGluLS1zLS1hcHBfX2V1cm9wZS0td2VzdDFfX3NlbmRfZW1haWxfdG9fcGFyZW50OnZlcnNpb25fMRjcwfrL3AsiSHByb2plY3RzL3BvcHBpbi1zLWFwcC9sb2NhdGlvbnMvZXVyb3BlLXdlc3QxL2Z1bmN0aW9ucy9zZW5kRW1haWxUb1BhcmVudCoMCMDN0MYGEJjK0+4CMghub2RlanMyMDp3CiNnY3IuaW8vZ2FlLXJ1bnRpbWVzL25vZGVqczIwOnN0YWJsZRJQZXVyb3BlLXdlc3QxLWRvY2tlci5wa2cuZGV2L3NlcnZlcmxlc3MtcnVudGltZXMvZ29vZ2xlLTIyLWZ1bGwvcnVudGltZXMvbm9kZWpzMjBAAQ==","operationType":"UPDATE_FUNCTION","buildName":"projects/402812477660/locations/europe-west1/builds/8677a979-60d7-4bfa-982e-bc51ddffff95"},"done":false}
[debug] [2025-09-24T17:13:49.416Z] Got source token Clhwcm9qZWN0cy80MDI4MTI0Nzc2NjAvbG9jYXRpb25zL2V1cm9wZS13ZXN0MS9idWlsZHMvODY3N2E5NzktNjBkNy00YmZhLTk4MmUtYmM1MWRkZmZmZjk1EnRldXJvcGUtd2VzdDEtZG9ja2VyLnBrZy5kZXYvcG9wcGluLXMtYXBwL2djZi1hcnRpZmFjdHMvcG9wcGluLS1zLS1hcHBfX2V1cm9wZS0td2VzdDFfX3NlbmRfZW1haWxfdG9fcGFyZW50OnZlcnNpb25fMRjcwfrL3AsiSHByb2plY3RzL3BvcHBpbi1zLWFwcC9sb2NhdGlvbnMvZXVyb3BlLXdlc3QxL2Z1bmN0aW9ucy9zZW5kRW1haWxUb1BhcmVudCoMCMDN0MYGEJjK0+4CMghub2RlanMyMDp3CiNnY3IuaW8vZ2FlLXJ1bnRpbWVzL25vZGVqczIwOnN0YWJsZRJQZXVyb3BlLXdlc3QxLWRvY2tlci5wa2cuZGV2L3NlcnZlcmxlc3MtcnVudGltZXMvZ29vZ2xlLTIyLWZ1bGwvcnVudGltZXMvbm9kZWpzMjBAAQ== for region europe-west1
[debug] [2025-09-24T17:13:49.489Z] [update-default-europe-west1-declineDelegation] Retrying task index 0
[debug] [2025-09-24T17:13:49.490Z] Checked if tokens are valid: true, expires at: 1758736880538
[debug] [2025-09-24T17:13:49.490Z] Checked if tokens are valid: true, expires at: 1758736880538
[debug] [2025-09-24T17:13:49.490Z] >>> [apiv2][query] GET https://cloudfunctions.googleapis.com/v2/projects/poppin-s-app/locations/europe-west1/operations/operation-1758734020383-63f8f2c8a14a0-e240347a-dd078be4 [none]
[debug] [2025-09-24T17:13:49.491Z] [update-default-europe-west1-cleanupOldNotifications] Retrying task index 0
[debug] [2025-09-24T17:13:49.492Z] Checked if tokens are valid: true, expires at: 1758736880538
[debug] [2025-09-24T17:13:49.492Z] Checked if tokens are valid: true, expires at: 1758736880538
[debug] [2025-09-24T17:13:49.492Z] >>> [apiv2][query] GET https://cloudfunctions.googleapis.com/v2/projects/poppin-s-app/locations/europe-west1/operations/operation-1758734020371-63f8f2c89e3e7-25009bb3-85f903c9 [none]
[debug] [2025-09-24T17:13:49.503Z] <<< [apiv2][status] GET https://cloudfunctions.googleapis.com/v2/projects/poppin-s-app/locations/europe-west1/operations/operation-1758734020371-63f8f2c89e3b4-2530d91d-0da147f7 200
[debug] [2025-09-24T17:13:49.504Z] <<< [apiv2][body] GET https://cloudfunctions.googleapis.com/v2/projects/poppin-s-app/locations/europe-west1/operations/operation-1758734020371-63f8f2c89e3b4-2530d91d-0da147f7 {"name":"projects/poppin-s-app/locations/europe-west1/operations/operation-1758734020371-63f8f2c89e3b4-2530d91d-0da147f7","metadata":{"@type":"type.googleapis.com/google.cloud.functions.v2.OperationMetadata","createTime":"2025-09-24T17:13:41.628159156Z","target":"projects/poppin-s-app/locations/europe-west1/functions/processEmailQueue","verb":"update","cancelRequested":false,"apiVersion":"v2","requestResource":{"@type":"type.googleapis.com/google.cloud.functions.v2.Function","name":"projects/poppin-s-app/locations/europe-west1/functions/processEmailQueue","buildConfig":{"runtime":"nodejs20","entryPoint":"processEmailQueue","source":{"storageSource":{"bucket":"gcf-v2-sources-402812477660-europe-west1","object":"processEmailQueue/function-source.zip","generation":"1758734021576919"}},"environmentVariables":{"GOOGLE_NODE_RUN_SCRIPTS":""},"dockerRepository":"projects/poppin-s-app/locations/europe-west1/repositories/gcf-artifacts","sourceProvenance":{"resolvedStorageSource":{"bucket":"gcf-v2-sources-402812477660-europe-west1","object":"processEmailQueue/function-source.zip","generation":"1758733376362802"}},"dockerRegistry":"ARTIFACT_REGISTRY","sourceToken":"Clhwcm9qZWN0cy80MDI4MTI0Nzc2NjAvbG9jYXRpb25zL2V1cm9wZS13ZXN0MS9idWlsZHMvODY3N2E5NzktNjBkNy00YmZhLTk4MmUtYmM1MWRkZmZmZjk1EnRldXJvcGUtd2VzdDEtZG9ja2VyLnBrZy5kZXYvcG9wcGluLXMtYXBwL2djZi1hcnRpZmFjdHMvcG9wcGluLS1zLS1hcHBfX2V1cm9wZS0td2VzdDFfX3NlbmRfZW1haWxfdG9fcGFyZW50OnZlcnNpb25fMRjcwfrL3AsiSHByb2plY3RzL3BvcHBpbi1zLWFwcC9sb2NhdGlvbnMvZXVyb3BlLXdlc3QxL2Z1bmN0aW9ucy9zZW5kRW1haWxUb1BhcmVudCoMCMDN0MYGEJjK0+4CMghub2RlanMyMDp3CiNnY3IuaW8vZ2FlLXJ1bnRpbWVzL25vZGVqczIwOnN0YWJsZRJQZXVyb3BlLXdlc3QxLWRvY2tlci5wa2cuZGV2L3NlcnZlcmxlc3MtcnVudGltZXMvZ29vZ2xlLTIyLWZ1bGwvcnVudGltZXMvbm9kZWpzMjBAAQ==","serviceAccount":"projects/poppin-s-app/serviceAccounts/402812477660-compute@developer.gserviceaccount.com","automaticUpdatePolicy":{}},"serviceConfig":{"service":"projects/poppin-s-app/locations/europe-west1/services/processemailqueue","timeoutSeconds":60,"environmentVariables":{"EMAIL_USER":"votre_email@gmail.com","EMAIL_PASSWORD":"votre_mot_de_passe_securise","FIREBASE_CONFIG":"{\"projectId\":\"poppin-s-app\",\"storageBucket\":\"poppin-s-app.firebasestorage.app\"}","GCLOUD_PROJECT":"poppin-s-app","EVENTARC_CLOUD_EVENT_SOURCE":"projects/poppin-s-app/locations/europe-west1/services/processEmailQueue","FUNCTION_SIGNATURE_TYPE":"cloudevent","FUNCTION_TARGET":"processEmailQueue","LOG_EXECUTION_ID":"true"},"ingressSettings":"ALLOW_ALL","uri":"https://processemailqueue-j3na7x5n2a-ew.a.run.app","serviceAccountEmail":"402812477660-compute@developer.gserviceaccount.com","availableMemory":"256Mi","allTrafficOnLatestRevision":true,"revision":"processemailqueue-00013-kub","maxInstanceRequestConcurrency":80,"availableCpu":"1"},"eventTrigger":{"trigger":"projects/poppin-s-app/locations/europe-west9/triggers/processemailqueue-666587","triggerRegion":"europe-west9","eventType":"google.cloud.firestore.document.v1.created","eventFilters":[{"attribute":"database","value":"(default)"},{"attribute":"namespace","value":"(default)"},{"attribute":"document","value":"emailQueue/{emailId}","operator":"match-path-pattern"}],"pubsubTopic":"projects/poppin-s-app/topics/eventarc-europe-west9-processemailqueue-666587-377","serviceAccountEmail":"402812477660-compute@developer.gserviceaccount.com","retryPolicy":"RETRY_POLICY_DO_NOT_RETRY"},"state":"ACTIVE","labels":{"deployment-tool":"cli-firebase","firebase-functions-hash":"ecbaa31c917c1fff03b9ad86e035ea77447bcf99"},"environment":"GEN_2","url":"https://europe-west1-poppin-s-app.cloudfunctions.net/processEmailQueue","satisfiesPzi":true},"stages":[{"name":"BUILD","message":"Reusing build","state":"COMPLETE","resource":"projects/402812477660/locations/europe-west1/builds/8677a979-60d7-4bfa-982e-bc51ddffff95"},{"name":"SERVICE","message":"Updating Cloud Run service","state":"IN_PROGRESS","resource":"projects/poppin-s-app/locations/europe-west1/services/processemailqueue","resourceUri":"https://console.cloud.google.com/run/detail/europe-west1/processemailqueue?project=poppin-s-app","stateMessages":[{"severity":"INFO","type":"CloudRunServiceNewRevisionTrafficInfo","message":"A new revision will be deployed serving with 100% traffic."}]},{"name":"TRIGGER","state":"NOT_STARTED"}],"sourceToken":"Clhwcm9qZWN0cy80MDI4MTI0Nzc2NjAvbG9jYXRpb25zL2V1cm9wZS13ZXN0MS9idWlsZHMvODY3N2E5NzktNjBkNy00YmZhLTk4MmUtYmM1MWRkZmZmZjk1EnRldXJvcGUtd2VzdDEtZG9ja2VyLnBrZy5kZXYvcG9wcGluLXMtYXBwL2djZi1hcnRpZmFjdHMvcG9wcGluLS1zLS1hcHBfX2V1cm9wZS0td2VzdDFfX3NlbmRfZW1haWxfdG9fcGFyZW50OnZlcnNpb25fMRjcwfrL3AsiSHByb2plY3RzL3BvcHBpbi1zLWFwcC9sb2NhdGlvbnMvZXVyb3BlLXdlc3QxL2Z1bmN0aW9ucy9zZW5kRW1haWxUb1BhcmVudCoMCMDN0MYGEJjK0+4CMghub2RlanMyMDp3CiNnY3IuaW8vZ2FlLXJ1bnRpbWVzL25vZGVqczIwOnN0YWJsZRJQZXVyb3BlLXdlc3QxLWRvY2tlci5wa2cuZGV2L3NlcnZlcmxlc3MtcnVudGltZXMvZ29vZ2xlLTIyLWZ1bGwvcnVudGltZXMvbm9kZWpzMjBAAQ==","operationType":"UPDATE_FUNCTION","buildName":"projects/402812477660/locations/europe-west1/builds/8677a979-60d7-4bfa-982e-bc51ddffff95"},"done":false}
[debug] [2025-09-24T17:13:49.504Z] Got source token Clhwcm9qZWN0cy80MDI4MTI0Nzc2NjAvbG9jYXRpb25zL2V1cm9wZS13ZXN0MS9idWlsZHMvODY3N2E5NzktNjBkNy00YmZhLTk4MmUtYmM1MWRkZmZmZjk1EnRldXJvcGUtd2VzdDEtZG9ja2VyLnBrZy5kZXYvcG9wcGluLXMtYXBwL2djZi1hcnRpZmFjdHMvcG9wcGluLS1zLS1hcHBfX2V1cm9wZS0td2VzdDFfX3NlbmRfZW1haWxfdG9fcGFyZW50OnZlcnNpb25fMRjcwfrL3AsiSHByb2plY3RzL3BvcHBpbi1zLWFwcC9sb2NhdGlvbnMvZXVyb3BlLXdlc3QxL2Z1bmN0aW9ucy9zZW5kRW1haWxUb1BhcmVudCoMCMDN0MYGEJjK0+4CMghub2RlanMyMDp3CiNnY3IuaW8vZ2FlLXJ1bnRpbWVzL25vZGVqczIwOnN0YWJsZRJQZXVyb3BlLXdlc3QxLWRvY2tlci5wa2cuZGV2L3NlcnZlcmxlc3MtcnVudGltZXMvZ29vZ2xlLTIyLWZ1bGwvcnVudGltZXMvbm9kZWpzMjBAAQ== for region europe-west1
[debug] [2025-09-24T17:13:49.535Z] [update-default-europe-west1-retryFailedEmails] Retrying task index 0
[debug] [2025-09-24T17:13:49.536Z] Checked if tokens are valid: true, expires at: 1758736880538
[debug] [2025-09-24T17:13:49.536Z] Checked if tokens are valid: true, expires at: 1758736880538
[debug] [2025-09-24T17:13:49.536Z] >>> [apiv2][query] GET https://cloudfunctions.googleapis.com/v2/projects/poppin-s-app/locations/europe-west1/operations/operation-1758734020361-63f8f2c89bd41-3872ef92-9d395aea [none]
[debug] [2025-09-24T17:13:49.543Z] <<< [apiv2][status] GET https://cloudfunctions.googleapis.com/v2/projects/poppin-s-app/locations/europe-west1/operations/operation-1758734020383-63f8f2c8a14a0-e240347a-dd078be4 200
[debug] [2025-09-24T17:13:49.543Z] <<< [apiv2][body] GET https://cloudfunctions.googleapis.com/v2/projects/poppin-s-app/locations/europe-west1/operations/operation-1758734020383-63f8f2c8a14a0-e240347a-dd078be4 {"name":"projects/poppin-s-app/locations/europe-west1/operations/operation-1758734020383-63f8f2c8a14a0-e240347a-dd078be4","metadata":{"@type":"type.googleapis.com/google.cloud.functions.v2.OperationMetadata","createTime":"2025-09-24T17:13:41.646221265Z","endTime":"2025-09-24T17:13:48.343420746Z","target":"projects/poppin-s-app/locations/europe-west1/functions/declineDelegation","verb":"update","cancelRequested":false,"apiVersion":"v2","requestResource":{"@type":"type.googleapis.com/google.cloud.functions.v2.Function","name":"projects/poppin-s-app/locations/europe-west1/functions/declineDelegation","buildConfig":{"runtime":"nodejs20","entryPoint":"declineDelegation","source":{"storageSource":{"bucket":"gcf-v2-sources-402812477660-europe-west1","object":"declineDelegation/function-source.zip","generation":"1758734021604980"}},"environmentVariables":{"GOOGLE_NODE_RUN_SCRIPTS":""},"dockerRepository":"projects/poppin-s-app/locations/europe-west1/repositories/gcf-artifacts","sourceProvenance":{"resolvedStorageSource":{"bucket":"gcf-v2-sources-402812477660-europe-west1","object":"declineDelegation/function-source.zip","generation":"1758733376216560"}},"dockerRegistry":"ARTIFACT_REGISTRY","sourceToken":"Clhwcm9qZWN0cy80MDI4MTI0Nzc2NjAvbG9jYXRpb25zL2V1cm9wZS13ZXN0MS9idWlsZHMvODY3N2E5NzktNjBkNy00YmZhLTk4MmUtYmM1MWRkZmZmZjk1EnRldXJvcGUtd2VzdDEtZG9ja2VyLnBrZy5kZXYvcG9wcGluLXMtYXBwL2djZi1hcnRpZmFjdHMvcG9wcGluLS1zLS1hcHBfX2V1cm9wZS0td2VzdDFfX3NlbmRfZW1haWxfdG9fcGFyZW50OnZlcnNpb25fMRjcwfrL3AsiSHByb2plY3RzL3BvcHBpbi1zLWFwcC9sb2NhdGlvbnMvZXVyb3BlLXdlc3QxL2Z1bmN0aW9ucy9zZW5kRW1haWxUb1BhcmVudCoMCMDN0MYGEJjK0+4CMghub2RlanMyMDp3CiNnY3IuaW8vZ2FlLXJ1bnRpbWVzL25vZGVqczIwOnN0YWJsZRJQZXVyb3BlLXdlc3QxLWRvY2tlci5wa2cuZGV2L3NlcnZlcmxlc3MtcnVudGltZXMvZ29vZ2xlLTIyLWZ1bGwvcnVudGltZXMvbm9kZWpzMjBAAQ==","serviceAccount":"projects/poppin-s-app/serviceAccounts/402812477660-compute@developer.gserviceaccount.com","automaticUpdatePolicy":{}},"serviceConfig":{"service":"projects/poppin-s-app/locations/europe-west1/services/declinedelegation","timeoutSeconds":60,"environmentVariables":{"EMAIL_USER":"votre_email@gmail.com","EMAIL_PASSWORD":"votre_mot_de_passe_securise","FIREBASE_CONFIG":"{\"projectId\":\"poppin-s-app\",\"storageBucket\":\"poppin-s-app.firebasestorage.app\"}","GCLOUD_PROJECT":"poppin-s-app","EVENTARC_CLOUD_EVENT_SOURCE":"projects/poppin-s-app/locations/europe-west1/services/declineDelegation","FUNCTION_TARGET":"declineDelegation","LOG_EXECUTION_ID":"true","FUNCTION_SIGNATURE_TYPE":"http"},"ingressSettings":"ALLOW_ALL","uri":"https://declinedelegation-j3na7x5n2a-ew.a.run.app","serviceAccountEmail":"402812477660-compute@developer.gserviceaccount.com","availableMemory":"256Mi","allTrafficOnLatestRevision":true,"revision":"declinedelegation-00004-jos","maxInstanceRequestConcurrency":80,"availableCpu":"1"},"state":"ACTIVE","labels":{"deployment-tool":"cli-firebase","deployment-callable":"true","firebase-functions-hash":"ecbaa31c917c1fff03b9ad86e035ea77447bcf99"},"environment":"GEN_2","url":"https://europe-west1-poppin-s-app.cloudfunctions.net/declineDelegation","satisfiesPzi":true},"stages":[{"name":"BUILD","message":"Reusing build","state":"COMPLETE","resource":"projects/402812477660/locations/europe-west1/builds/8677a979-60d7-4bfa-982e-bc51ddffff95"},{"name":"SERVICE","message":"Updating Cloud Run service","state":"COMPLETE","resource":"projects/poppin-s-app/locations/europe-west1/services/declinedelegation","resourceUri":"https://console.cloud.google.com/run/detail/europe-west1/declinedelegation?project=poppin-s-app","stateMessages":[{"severity":"INFO","type":"CloudRunServiceNewRevisionTrafficInfo","message":"A new revision will be deployed serving with 100% traffic."}]}],"sourceToken":"Clhwcm9qZWN0cy80MDI4MTI0Nzc2NjAvbG9jYXRpb25zL2V1cm9wZS13ZXN0MS9idWlsZHMvODY3N2E5NzktNjBkNy00YmZhLTk4MmUtYmM1MWRkZmZmZjk1EnRldXJvcGUtd2VzdDEtZG9ja2VyLnBrZy5kZXYvcG9wcGluLXMtYXBwL2djZi1hcnRpZmFjdHMvcG9wcGluLS1zLS1hcHBfX2V1cm9wZS0td2VzdDFfX3NlbmRfZW1haWxfdG9fcGFyZW50OnZlcnNpb25fMRjcwfrL3AsiSHByb2plY3RzL3BvcHBpbi1zLWFwcC9sb2NhdGlvbnMvZXVyb3BlLXdlc3QxL2Z1bmN0aW9ucy9zZW5kRW1haWxUb1BhcmVudCoMCMDN0MYGEJjK0+4CMghub2RlanMyMDp3CiNnY3IuaW8vZ2FlLXJ1bnRpbWVzL25vZGVqczIwOnN0YWJsZRJQZXVyb3BlLXdlc3QxLWRvY2tlci5wa2cuZGV2L3NlcnZlcmxlc3MtcnVudGltZXMvZ29vZ2xlLTIyLWZ1bGwvcnVudGltZXMvbm9kZWpzMjBAAQ==","operationType":"UPDATE_FUNCTION","buildName":"projects/402812477660/locations/europe-west1/builds/8677a979-60d7-4bfa-982e-bc51ddffff95"},"done":true,"response":{"@type":"type.googleapis.com/google.cloud.functions.v2.Function","name":"projects/poppin-s-app/locations/europe-west1/functions/declineDelegation","buildConfig":{"build":"projects/402812477660/locations/europe-west1/builds/8677a979-60d7-4bfa-982e-bc51ddffff95","runtime":"nodejs20","entryPoint":"declineDelegation","source":{"storageSource":{"bucket":"gcf-v2-sources-402812477660-europe-west1","object":"declineDelegation/function-source.zip","generation":"1758734021604980"}},"environmentVariables":{"GOOGLE_NODE_RUN_SCRIPTS":""},"dockerRepository":"projects/poppin-s-app/locations/europe-west1/repositories/gcf-artifacts","sourceProvenance":{"resolvedStorageSource":{"bucket":"gcf-v2-sources-402812477660-europe-west1","object":"declineDelegation/function-source.zip","generation":"1758734021604980"}},"dockerRegistry":"ARTIFACT_REGISTRY","serviceAccount":"projects/poppin-s-app/serviceAccounts/402812477660-compute@developer.gserviceaccount.com","automaticUpdatePolicy":{}},"serviceConfig":{"service":"projects/poppin-s-app/locations/europe-west1/services/declinedelegation","timeoutSeconds":60,"environmentVariables":{"EMAIL_USER":"votre_email@gmail.com","EMAIL_PASSWORD":"votre_mot_de_passe_securise","FIREBASE_CONFIG":"{\"projectId\":\"poppin-s-app\",\"storageBucket\":\"poppin-s-app.firebasestorage.app\"}","GCLOUD_PROJECT":"poppin-s-app","EVENTARC_CLOUD_EVENT_SOURCE":"projects/poppin-s-app/locations/europe-west1/services/declineDelegation","FUNCTION_TARGET":"declineDelegation","LOG_EXECUTION_ID":"true","FUNCTION_SIGNATURE_TYPE":"http"},"maxInstanceCount":3,"ingressSettings":"ALLOW_ALL","uri":"https://declinedelegation-j3na7x5n2a-ew.a.run.app","serviceAccountEmail":"402812477660-compute@developer.gserviceaccount.com","availableMemory":"256Mi","allTrafficOnLatestRevision":true,"revision":"declinedelegation-00005-siq","maxInstanceRequestConcurrency":80,"availableCpu":"1"},"state":"ACTIVE","updateTime":"2025-09-24T17:13:41.649344955Z","labels":{"firebase-functions-hash":"ecbaa31c917c1fff03b9ad86e035ea77447bcf99","deployment-tool":"cli-firebase","deployment-callable":"true"},"environment":"GEN_2","url":"https://europe-west1-poppin-s-app.cloudfunctions.net/declineDelegation","createTime":"2025-09-13T20:19:58.976331644Z","satisfiesPzi":true}}
[debug] [2025-09-24T17:13:49.543Z] Got source token Clhwcm9qZWN0cy80MDI4MTI0Nzc2NjAvbG9jYXRpb25zL2V1cm9wZS13ZXN0MS9idWlsZHMvODY3N2E5NzktNjBkNy00YmZhLTk4MmUtYmM1MWRkZmZmZjk1EnRldXJvcGUtd2VzdDEtZG9ja2VyLnBrZy5kZXYvcG9wcGluLXMtYXBwL2djZi1hcnRpZmFjdHMvcG9wcGluLS1zLS1hcHBfX2V1cm9wZS0td2VzdDFfX3NlbmRfZW1haWxfdG9fcGFyZW50OnZlcnNpb25fMRjcwfrL3AsiSHByb2plY3RzL3BvcHBpbi1zLWFwcC9sb2NhdGlvbnMvZXVyb3BlLXdlc3QxL2Z1bmN0aW9ucy9zZW5kRW1haWxUb1BhcmVudCoMCMDN0MYGEJjK0+4CMghub2RlanMyMDp3CiNnY3IuaW8vZ2FlLXJ1bnRpbWVzL25vZGVqczIwOnN0YWJsZRJQZXVyb3BlLXdlc3QxLWRvY2tlci5wa2cuZGV2L3NlcnZlcmxlc3MtcnVudGltZXMvZ29vZ2xlLTIyLWZ1bGwvcnVudGltZXMvbm9kZWpzMjBAAQ== for region europe-west1
[info] ✔  functions[declineDelegation(europe-west1)] Successful update operation. 
[debug] [2025-09-24T17:13:49.555Z] [update-default-europe-west1-cancelDelegation] Retrying task index 0
[debug] [2025-09-24T17:13:49.555Z] Checked if tokens are valid: true, expires at: 1758736880538
[debug] [2025-09-24T17:13:49.555Z] Checked if tokens are valid: true, expires at: 1758736880538
[debug] [2025-09-24T17:13:49.555Z] >>> [apiv2][query] GET https://cloudfunctions.googleapis.com/v2/projects/poppin-s-app/locations/europe-west1/operations/operation-1758734020383-63f8f2c8a14e7-6d5755d8-15ed11fb [none]
[debug] [2025-09-24T17:13:49.556Z] <<< [apiv2][status] GET https://cloudfunctions.googleapis.com/v2/projects/poppin-s-app/locations/europe-west1/operations/operation-1758734020371-63f8f2c89e3e7-25009bb3-85f903c9 200
[debug] [2025-09-24T17:13:49.557Z] <<< [apiv2][body] GET https://cloudfunctions.googleapis.com/v2/projects/poppin-s-app/locations/europe-west1/operations/operation-1758734020371-63f8f2c89e3e7-25009bb3-85f903c9 {"name":"projects/poppin-s-app/locations/europe-west1/operations/operation-1758734020371-63f8f2c89e3e7-25009bb3-85f903c9","metadata":{"@type":"type.googleapis.com/google.cloud.functions.v2.OperationMetadata","createTime":"2025-09-24T17:13:41.684799604Z","target":"projects/poppin-s-app/locations/europe-west1/functions/cleanupOldNotifications","verb":"update","cancelRequested":false,"apiVersion":"v2","requestResource":{"@type":"type.googleapis.com/google.cloud.functions.v2.Function","name":"projects/poppin-s-app/locations/europe-west1/functions/cleanupOldNotifications","buildConfig":{"runtime":"nodejs20","entryPoint":"cleanupOldNotifications","source":{"storageSource":{"bucket":"gcf-v2-sources-402812477660-europe-west1","object":"cleanupOldNotifications/function-source.zip","generation":"1758734021645404"}},"environmentVariables":{"GOOGLE_NODE_RUN_SCRIPTS":""},"dockerRepository":"projects/poppin-s-app/locations/europe-west1/repositories/gcf-artifacts","sourceProvenance":{"resolvedStorageSource":{"bucket":"gcf-v2-sources-402812477660-europe-west1","object":"cleanupOldNotifications/function-source.zip","generation":"1758733376222472"}},"dockerRegistry":"ARTIFACT_REGISTRY","sourceToken":"Clhwcm9qZWN0cy80MDI4MTI0Nzc2NjAvbG9jYXRpb25zL2V1cm9wZS13ZXN0MS9idWlsZHMvODY3N2E5NzktNjBkNy00YmZhLTk4MmUtYmM1MWRkZmZmZjk1EnRldXJvcGUtd2VzdDEtZG9ja2VyLnBrZy5kZXYvcG9wcGluLXMtYXBwL2djZi1hcnRpZmFjdHMvcG9wcGluLS1zLS1hcHBfX2V1cm9wZS0td2VzdDFfX3NlbmRfZW1haWxfdG9fcGFyZW50OnZlcnNpb25fMRjcwfrL3AsiSHByb2plY3RzL3BvcHBpbi1zLWFwcC9sb2NhdGlvbnMvZXVyb3BlLXdlc3QxL2Z1bmN0aW9ucy9zZW5kRW1haWxUb1BhcmVudCoMCMDN0MYGEJjK0+4CMghub2RlanMyMDp3CiNnY3IuaW8vZ2FlLXJ1bnRpbWVzL25vZGVqczIwOnN0YWJsZRJQZXVyb3BlLXdlc3QxLWRvY2tlci5wa2cuZGV2L3NlcnZlcmxlc3MtcnVudGltZXMvZ29vZ2xlLTIyLWZ1bGwvcnVudGltZXMvbm9kZWpzMjBAAQ==","serviceAccount":"projects/poppin-s-app/serviceAccounts/402812477660-compute@developer.gserviceaccount.com","automaticUpdatePolicy":{}},"serviceConfig":{"service":"projects/poppin-s-app/locations/europe-west1/services/cleanupoldnotifications","timeoutSeconds":60,"environmentVariables":{"EMAIL_USER":"votre_email@gmail.com","EMAIL_PASSWORD":"votre_mot_de_passe_securise","FIREBASE_CONFIG":"{\"projectId\":\"poppin-s-app\",\"storageBucket\":\"poppin-s-app.firebasestorage.app\"}","GCLOUD_PROJECT":"poppin-s-app","EVENTARC_CLOUD_EVENT_SOURCE":"projects/poppin-s-app/locations/europe-west1/services/cleanupOldNotifications","FUNCTION_TARGET":"cleanupOldNotifications","LOG_EXECUTION_ID":"true","FUNCTION_SIGNATURE_TYPE":"http"},"ingressSettings":"ALLOW_ALL","uri":"https://cleanupoldnotifications-j3na7x5n2a-ew.a.run.app","serviceAccountEmail":"402812477660-compute@developer.gserviceaccount.com","availableMemory":"256Mi","allTrafficOnLatestRevision":true,"revision":"cleanupoldnotifications-00007-qus","maxInstanceRequestConcurrency":80,"availableCpu":"1"},"state":"ACTIVE","labels":{"deployment-tool":"cli-firebase","deployment-scheduled":"true","firebase-functions-hash":"ecbaa31c917c1fff03b9ad86e035ea77447bcf99"},"environment":"GEN_2","url":"https://europe-west1-poppin-s-app.cloudfunctions.net/cleanupOldNotifications","satisfiesPzi":true},"stages":[{"name":"BUILD","message":"Reusing build","state":"COMPLETE","resource":"projects/402812477660/locations/europe-west1/builds/8677a979-60d7-4bfa-982e-bc51ddffff95"},{"name":"SERVICE","message":"Updating Cloud Run service","state":"IN_PROGRESS","resource":"projects/poppin-s-app/locations/europe-west1/services/cleanupoldnotifications","resourceUri":"https://console.cloud.google.com/run/detail/europe-west1/cleanupoldnotifications?project=poppin-s-app","stateMessages":[{"severity":"INFO","type":"CloudRunServiceNewRevisionTrafficInfo","message":"A new revision will be deployed serving with 100% traffic."}]}],"sourceToken":"Clhwcm9qZWN0cy80MDI4MTI0Nzc2NjAvbG9jYXRpb25zL2V1cm9wZS13ZXN0MS9idWlsZHMvODY3N2E5NzktNjBkNy00YmZhLTk4MmUtYmM1MWRkZmZmZjk1EnRldXJvcGUtd2VzdDEtZG9ja2VyLnBrZy5kZXYvcG9wcGluLXMtYXBwL2djZi1hcnRpZmFjdHMvcG9wcGluLS1zLS1hcHBfX2V1cm9wZS0td2VzdDFfX3NlbmRfZW1haWxfdG9fcGFyZW50OnZlcnNpb25fMRjcwfrL3AsiSHByb2plY3RzL3BvcHBpbi1zLWFwcC9sb2NhdGlvbnMvZXVyb3BlLXdlc3QxL2Z1bmN0aW9ucy9zZW5kRW1haWxUb1BhcmVudCoMCMDN0MYGEJjK0+4CMghub2RlanMyMDp3CiNnY3IuaW8vZ2FlLXJ1bnRpbWVzL25vZGVqczIwOnN0YWJsZRJQZXVyb3BlLXdlc3QxLWRvY2tlci5wa2cuZGV2L3NlcnZlcmxlc3MtcnVudGltZXMvZ29vZ2xlLTIyLWZ1bGwvcnVudGltZXMvbm9kZWpzMjBAAQ==","operationType":"UPDATE_FUNCTION","buildName":"projects/402812477660/locations/europe-west1/builds/8677a979-60d7-4bfa-982e-bc51ddffff95"},"done":false}
[debug] [2025-09-24T17:13:49.557Z] Got source token Clhwcm9qZWN0cy80MDI4MTI0Nzc2NjAvbG9jYXRpb25zL2V1cm9wZS13ZXN0MS9idWlsZHMvODY3N2E5NzktNjBkNy00YmZhLTk4MmUtYmM1MWRkZmZmZjk1EnRldXJvcGUtd2VzdDEtZG9ja2VyLnBrZy5kZXYvcG9wcGluLXMtYXBwL2djZi1hcnRpZmFjdHMvcG9wcGluLS1zLS1hcHBfX2V1cm9wZS0td2VzdDFfX3NlbmRfZW1haWxfdG9fcGFyZW50OnZlcnNpb25fMRjcwfrL3AsiSHByb2plY3RzL3BvcHBpbi1zLWFwcC9sb2NhdGlvbnMvZXVyb3BlLXdlc3QxL2Z1bmN0aW9ucy9zZW5kRW1haWxUb1BhcmVudCoMCMDN0MYGEJjK0+4CMghub2RlanMyMDp3CiNnY3IuaW8vZ2FlLXJ1bnRpbWVzL25vZGVqczIwOnN0YWJsZRJQZXVyb3BlLXdlc3QxLWRvY2tlci5wa2cuZGV2L3NlcnZlcmxlc3MtcnVudGltZXMvZ29vZ2xlLTIyLWZ1bGwvcnVudGltZXMvbm9kZWpzMjBAAQ== for region europe-west1
[debug] [2025-09-24T17:13:49.586Z] <<< [apiv2][status] GET https://cloudfunctions.googleapis.com/v2/projects/poppin-s-app/locations/europe-west1/operations/operation-1758734020361-63f8f2c89bd41-3872ef92-9d395aea 200
[debug] [2025-09-24T17:13:49.586Z] <<< [apiv2][body] GET https://cloudfunctions.googleapis.com/v2/projects/poppin-s-app/locations/europe-west1/operations/operation-1758734020361-63f8f2c89bd41-3872ef92-9d395aea {"name":"projects/poppin-s-app/locations/europe-west1/operations/operation-1758734020361-63f8f2c89bd41-3872ef92-9d395aea","metadata":{"@type":"type.googleapis.com/google.cloud.functions.v2.OperationMetadata","createTime":"2025-09-24T17:13:41.783549715Z","target":"projects/poppin-s-app/locations/europe-west1/functions/retryFailedEmails","verb":"update","cancelRequested":false,"apiVersion":"v2","requestResource":{"@type":"type.googleapis.com/google.cloud.functions.v2.Function","name":"projects/poppin-s-app/locations/europe-west1/functions/retryFailedEmails","buildConfig":{"runtime":"nodejs20","entryPoint":"retryFailedEmails","source":{"storageSource":{"bucket":"gcf-v2-sources-402812477660-europe-west1","object":"retryFailedEmails/function-source.zip","generation":"1758734021741000"}},"environmentVariables":{"GOOGLE_NODE_RUN_SCRIPTS":""},"dockerRepository":"projects/poppin-s-app/locations/europe-west1/repositories/gcf-artifacts","sourceProvenance":{"resolvedStorageSource":{"bucket":"gcf-v2-sources-402812477660-europe-west1","object":"retryFailedEmails/function-source.zip","generation":"1758733376031637"}},"dockerRegistry":"ARTIFACT_REGISTRY","sourceToken":"Clhwcm9qZWN0cy80MDI4MTI0Nzc2NjAvbG9jYXRpb25zL2V1cm9wZS13ZXN0MS9idWlsZHMvODY3N2E5NzktNjBkNy00YmZhLTk4MmUtYmM1MWRkZmZmZjk1EnRldXJvcGUtd2VzdDEtZG9ja2VyLnBrZy5kZXYvcG9wcGluLXMtYXBwL2djZi1hcnRpZmFjdHMvcG9wcGluLS1zLS1hcHBfX2V1cm9wZS0td2VzdDFfX3NlbmRfZW1haWxfdG9fcGFyZW50OnZlcnNpb25fMRjcwfrL3AsiSHByb2plY3RzL3BvcHBpbi1zLWFwcC9sb2NhdGlvbnMvZXVyb3BlLXdlc3QxL2Z1bmN0aW9ucy9zZW5kRW1haWxUb1BhcmVudCoMCMDN0MYGEJjK0+4CMghub2RlanMyMDp3CiNnY3IuaW8vZ2FlLXJ1bnRpbWVzL25vZGVqczIwOnN0YWJsZRJQZXVyb3BlLXdlc3QxLWRvY2tlci5wa2cuZGV2L3NlcnZlcmxlc3MtcnVudGltZXMvZ29vZ2xlLTIyLWZ1bGwvcnVudGltZXMvbm9kZWpzMjBAAQ==","serviceAccount":"projects/poppin-s-app/serviceAccounts/402812477660-compute@developer.gserviceaccount.com","automaticUpdatePolicy":{}},"serviceConfig":{"service":"projects/poppin-s-app/locations/europe-west1/services/retryfailedemails","timeoutSeconds":60,"environmentVariables":{"EMAIL_USER":"votre_email@gmail.com","EMAIL_PASSWORD":"votre_mot_de_passe_securise","FIREBASE_CONFIG":"{\"projectId\":\"poppin-s-app\",\"storageBucket\":\"poppin-s-app.firebasestorage.app\"}","GCLOUD_PROJECT":"poppin-s-app","EVENTARC_CLOUD_EVENT_SOURCE":"projects/poppin-s-app/locations/europe-west1/services/retryFailedEmails","FUNCTION_TARGET":"retryFailedEmails","LOG_EXECUTION_ID":"true","FUNCTION_SIGNATURE_TYPE":"http"},"ingressSettings":"ALLOW_ALL","uri":"https://retryfailedemails-j3na7x5n2a-ew.a.run.app","serviceAccountEmail":"402812477660-compute@developer.gserviceaccount.com","availableMemory":"256Mi","allTrafficOnLatestRevision":true,"revision":"retryfailedemails-00013-tip","maxInstanceRequestConcurrency":80,"availableCpu":"1"},"state":"ACTIVE","labels":{"deployment-tool":"cli-firebase","deployment-scheduled":"true","firebase-functions-hash":"ecbaa31c917c1fff03b9ad86e035ea77447bcf99"},"environment":"GEN_2","url":"https://europe-west1-poppin-s-app.cloudfunctions.net/retryFailedEmails","satisfiesPzi":true},"stages":[{"name":"BUILD","message":"Reusing build","state":"COMPLETE","resource":"projects/402812477660/locations/europe-west1/builds/8677a979-60d7-4bfa-982e-bc51ddffff95"},{"name":"SERVICE","message":"Updating Cloud Run service","state":"IN_PROGRESS","resource":"projects/poppin-s-app/locations/europe-west1/services/retryfailedemails","resourceUri":"https://console.cloud.google.com/run/detail/europe-west1/retryfailedemails?project=poppin-s-app","stateMessages":[{"severity":"INFO","type":"CloudRunServiceNewRevisionTrafficInfo","message":"A new revision will be deployed serving with 100% traffic."}]}],"sourceToken":"Clhwcm9qZWN0cy80MDI4MTI0Nzc2NjAvbG9jYXRpb25zL2V1cm9wZS13ZXN0MS9idWlsZHMvODY3N2E5NzktNjBkNy00YmZhLTk4MmUtYmM1MWRkZmZmZjk1EnRldXJvcGUtd2VzdDEtZG9ja2VyLnBrZy5kZXYvcG9wcGluLXMtYXBwL2djZi1hcnRpZmFjdHMvcG9wcGluLS1zLS1hcHBfX2V1cm9wZS0td2VzdDFfX3NlbmRfZW1haWxfdG9fcGFyZW50OnZlcnNpb25fMRjcwfrL3AsiSHByb2plY3RzL3BvcHBpbi1zLWFwcC9sb2NhdGlvbnMvZXVyb3BlLXdlc3QxL2Z1bmN0aW9ucy9zZW5kRW1haWxUb1BhcmVudCoMCMDN0MYGEJjK0+4CMghub2RlanMyMDp3CiNnY3IuaW8vZ2FlLXJ1bnRpbWVzL25vZGVqczIwOnN0YWJsZRJQZXVyb3BlLXdlc3QxLWRvY2tlci5wa2cuZGV2L3NlcnZlcmxlc3MtcnVudGltZXMvZ29vZ2xlLTIyLWZ1bGwvcnVudGltZXMvbm9kZWpzMjBAAQ==","operationType":"UPDATE_FUNCTION","buildName":"projects/402812477660/locations/europe-west1/builds/8677a979-60d7-4bfa-982e-bc51ddffff95"},"done":false}
[debug] [2025-09-24T17:13:49.587Z] Got source token Clhwcm9qZWN0cy80MDI4MTI0Nzc2NjAvbG9jYXRpb25zL2V1cm9wZS13ZXN0MS9idWlsZHMvODY3N2E5NzktNjBkNy00YmZhLTk4MmUtYmM1MWRkZmZmZjk1EnRldXJvcGUtd2VzdDEtZG9ja2VyLnBrZy5kZXYvcG9wcGluLXMtYXBwL2djZi1hcnRpZmFjdHMvcG9wcGluLS1zLS1hcHBfX2V1cm9wZS0td2VzdDFfX3NlbmRfZW1haWxfdG9fcGFyZW50OnZlcnNpb25fMRjcwfrL3AsiSHByb2plY3RzL3BvcHBpbi1zLWFwcC9sb2NhdGlvbnMvZXVyb3BlLXdlc3QxL2Z1bmN0aW9ucy9zZW5kRW1haWxUb1BhcmVudCoMCMDN0MYGEJjK0+4CMghub2RlanMyMDp3CiNnY3IuaW8vZ2FlLXJ1bnRpbWVzL25vZGVqczIwOnN0YWJsZRJQZXVyb3BlLXdlc3QxLWRvY2tlci5wa2cuZGV2L3NlcnZlcmxlc3MtcnVudGltZXMvZ29vZ2xlLTIyLWZ1bGwvcnVudGltZXMvbm9kZWpzMjBAAQ== for region europe-west1
[debug] [2025-09-24T17:13:49.611Z] <<< [apiv2][status] GET https://cloudfunctions.googleapis.com/v2/projects/poppin-s-app/locations/europe-west1/operations/operation-1758734020383-63f8f2c8a14e7-6d5755d8-15ed11fb 200
[debug] [2025-09-24T17:13:49.611Z] <<< [apiv2][body] GET https://cloudfunctions.googleapis.com/v2/projects/poppin-s-app/locations/europe-west1/operations/operation-1758734020383-63f8f2c8a14e7-6d5755d8-15ed11fb {"name":"projects/poppin-s-app/locations/europe-west1/operations/operation-1758734020383-63f8f2c8a14e7-6d5755d8-15ed11fb","metadata":{"@type":"type.googleapis.com/google.cloud.functions.v2.OperationMetadata","createTime":"2025-09-24T17:13:41.803708058Z","endTime":"2025-09-24T17:13:47.124834016Z","target":"projects/poppin-s-app/locations/europe-west1/functions/cancelDelegation","verb":"update","cancelRequested":false,"apiVersion":"v2","requestResource":{"@type":"type.googleapis.com/google.cloud.functions.v2.Function","name":"projects/poppin-s-app/locations/europe-west1/functions/cancelDelegation","buildConfig":{"runtime":"nodejs20","entryPoint":"cancelDelegation","source":{"storageSource":{"bucket":"gcf-v2-sources-402812477660-europe-west1","object":"cancelDelegation/function-source.zip","generation":"1758734021764882"}},"environmentVariables":{"GOOGLE_NODE_RUN_SCRIPTS":""},"dockerRepository":"projects/poppin-s-app/locations/europe-west1/repositories/gcf-artifacts","sourceProvenance":{"resolvedStorageSource":{"bucket":"gcf-v2-sources-402812477660-europe-west1","object":"cancelDelegation/function-source.zip","generation":"1758733376075305"}},"dockerRegistry":"ARTIFACT_REGISTRY","sourceToken":"Clhwcm9qZWN0cy80MDI4MTI0Nzc2NjAvbG9jYXRpb25zL2V1cm9wZS13ZXN0MS9idWlsZHMvODY3N2E5NzktNjBkNy00YmZhLTk4MmUtYmM1MWRkZmZmZjk1EnRldXJvcGUtd2VzdDEtZG9ja2VyLnBrZy5kZXYvcG9wcGluLXMtYXBwL2djZi1hcnRpZmFjdHMvcG9wcGluLS1zLS1hcHBfX2V1cm9wZS0td2VzdDFfX3NlbmRfZW1haWxfdG9fcGFyZW50OnZlcnNpb25fMRjcwfrL3AsiSHByb2plY3RzL3BvcHBpbi1zLWFwcC9sb2NhdGlvbnMvZXVyb3BlLXdlc3QxL2Z1bmN0aW9ucy9zZW5kRW1haWxUb1BhcmVudCoMCMDN0MYGEJjK0+4CMghub2RlanMyMDp3CiNnY3IuaW8vZ2FlLXJ1bnRpbWVzL25vZGVqczIwOnN0YWJsZRJQZXVyb3BlLXdlc3QxLWRvY2tlci5wa2cuZGV2L3NlcnZlcmxlc3MtcnVudGltZXMvZ29vZ2xlLTIyLWZ1bGwvcnVudGltZXMvbm9kZWpzMjBAAQ==","serviceAccount":"projects/poppin-s-app/serviceAccounts/402812477660-compute@developer.gserviceaccount.com","automaticUpdatePolicy":{}},"serviceConfig":{"service":"projects/poppin-s-app/locations/europe-west1/services/canceldelegation","timeoutSeconds":60,"environmentVariables":{"EMAIL_USER":"votre_email@gmail.com","EMAIL_PASSWORD":"votre_mot_de_passe_securise","FIREBASE_CONFIG":"{\"projectId\":\"poppin-s-app\",\"storageBucket\":\"poppin-s-app.firebasestorage.app\"}","GCLOUD_PROJECT":"poppin-s-app","EVENTARC_CLOUD_EVENT_SOURCE":"projects/poppin-s-app/locations/europe-west1/services/cancelDelegation","FUNCTION_TARGET":"cancelDelegation","LOG_EXECUTION_ID":"true","FUNCTION_SIGNATURE_TYPE":"http"},"ingressSettings":"ALLOW_ALL","uri":"https://canceldelegation-j3na7x5n2a-ew.a.run.app","serviceAccountEmail":"402812477660-compute@developer.gserviceaccount.com","availableMemory":"256Mi","allTrafficOnLatestRevision":true,"revision":"canceldelegation-00004-ruw","maxInstanceRequestConcurrency":80,"availableCpu":"1"},"state":"ACTIVE","labels":{"deployment-tool":"cli-firebase","deployment-callable":"true","firebase-functions-hash":"ecbaa31c917c1fff03b9ad86e035ea77447bcf99"},"environment":"GEN_2","url":"https://europe-west1-poppin-s-app.cloudfunctions.net/cancelDelegation","satisfiesPzi":true},"stages":[{"name":"SERVICE","state":"NOT_STARTED"}],"operationType":"UPDATE_FUNCTION"},"done":true,"error":{"code":3,"message":"Could not create or update Cloud Run service canceldelegation, Container Healthcheck failed. Revision 'canceldelegation-00005-bev' is not ready and cannot serve traffic. Quota exceeded for total allowable CPU per project per region.\n\nLogs URL: https://console.cloud.google.com/logs/viewer?project=poppin-s-app&resource=cloud_run_revision/service_name/canceldelegation/revision_name/canceldelegation-00005-bev&advancedFilter=resource.type%3D%22cloud_run_revision%22%0Aresource.labels.service_name%3D%22canceldelegation%22%0Aresource.labels.revision_name%3D%22canceldelegation-00005-bev%22 \nFor more troubleshooting guidance, see https://cloud.google.com/run/docs/troubleshooting#container-failed-to-start"}}
[debug] [2025-09-24T17:13:49.611Z] Got source token undefined for region europe-west1
[error] Could not create or update Cloud Run service canceldelegation, Container Healthcheck failed. Revision 'canceldelegation-00005-bev' is not ready and cannot serve traffic. Quota exceeded for total allowable CPU per project per region.

Logs URL: https://console.cloud.google.com/logs/viewer?project=poppin-s-app&resource=cloud_run_revision/service_name/canceldelegation/revision_name/canceldelegation-00005-bev&advancedFilter=resource.type%3D%22cloud_run_revision%22%0Aresource.labels.service_name%3D%22canceldelegation%22%0Aresource.labels.revision_name%3D%22canceldelegation-00005-bev%22 
For more troubleshooting guidance, see https://cloud.google.com/run/docs/troubleshooting#container-failed-to-start
[debug] [2025-09-24T17:13:49.628Z] [update-default-europe-west1-acceptDelegation] Retrying task index 0
[debug] [2025-09-24T17:13:49.629Z] Checked if tokens are valid: true, expires at: 1758736880538
[debug] [2025-09-24T17:13:49.629Z] Checked if tokens are valid: true, expires at: 1758736880538
[debug] [2025-09-24T17:13:49.629Z] >>> [apiv2][query] GET https://cloudfunctions.googleapis.com/v2/projects/poppin-s-app/locations/europe-west1/operations/operation-1758734020331-63f8f2c894786-13e1ccfa-dd435520 [none]
[debug] [2025-09-24T17:13:49.683Z] [update-default-europe-west1-onNewMessage] Retrying task index 0
[debug] [2025-09-24T17:13:49.683Z] Checked if tokens are valid: true, expires at: 1758736880538
[debug] [2025-09-24T17:13:49.683Z] Checked if tokens are valid: true, expires at: 1758736880538
[debug] [2025-09-24T17:13:49.683Z] >>> [apiv2][query] GET https://cloudfunctions.googleapis.com/v2/projects/poppin-s-app/locations/europe-west1/operations/operation-1758734020383-63f8f2c8a14a2-37bbcb92-d73fd8d9 [none]
[debug] [2025-09-24T17:13:49.685Z] <<< [apiv2][status] GET https://cloudfunctions.googleapis.com/v2/projects/poppin-s-app/locations/europe-west1/operations/operation-1758734020331-63f8f2c894786-13e1ccfa-dd435520 200
[debug] [2025-09-24T17:13:49.685Z] <<< [apiv2][body] GET https://cloudfunctions.googleapis.com/v2/projects/poppin-s-app/locations/europe-west1/operations/operation-1758734020331-63f8f2c894786-13e1ccfa-dd435520 {"name":"projects/poppin-s-app/locations/europe-west1/operations/operation-1758734020331-63f8f2c894786-13e1ccfa-dd435520","metadata":{"@type":"type.googleapis.com/google.cloud.functions.v2.OperationMetadata","createTime":"2025-09-24T17:13:41.884606757Z","endTime":"2025-09-24T17:13:47.150662596Z","target":"projects/poppin-s-app/locations/europe-west1/functions/acceptDelegation","verb":"update","cancelRequested":false,"apiVersion":"v2","requestResource":{"@type":"type.googleapis.com/google.cloud.functions.v2.Function","name":"projects/poppin-s-app/locations/europe-west1/functions/acceptDelegation","buildConfig":{"runtime":"nodejs20","entryPoint":"acceptDelegation","source":{"storageSource":{"bucket":"gcf-v2-sources-402812477660-europe-west1","object":"acceptDelegation/function-source.zip","generation":"1758734021843027"}},"environmentVariables":{"GOOGLE_NODE_RUN_SCRIPTS":""},"dockerRepository":"projects/poppin-s-app/locations/europe-west1/repositories/gcf-artifacts","sourceProvenance":{"resolvedStorageSource":{"bucket":"gcf-v2-sources-402812477660-europe-west1","object":"acceptDelegation/function-source.zip","generation":"1758733375803976"}},"dockerRegistry":"ARTIFACT_REGISTRY","sourceToken":"Clhwcm9qZWN0cy80MDI4MTI0Nzc2NjAvbG9jYXRpb25zL2V1cm9wZS13ZXN0MS9idWlsZHMvODY3N2E5NzktNjBkNy00YmZhLTk4MmUtYmM1MWRkZmZmZjk1EnRldXJvcGUtd2VzdDEtZG9ja2VyLnBrZy5kZXYvcG9wcGluLXMtYXBwL2djZi1hcnRpZmFjdHMvcG9wcGluLS1zLS1hcHBfX2V1cm9wZS0td2VzdDFfX3NlbmRfZW1haWxfdG9fcGFyZW50OnZlcnNpb25fMRjcwfrL3AsiSHByb2plY3RzL3BvcHBpbi1zLWFwcC9sb2NhdGlvbnMvZXVyb3BlLXdlc3QxL2Z1bmN0aW9ucy9zZW5kRW1haWxUb1BhcmVudCoMCMDN0MYGEJjK0+4CMghub2RlanMyMDp3CiNnY3IuaW8vZ2FlLXJ1bnRpbWVzL25vZGVqczIwOnN0YWJsZRJQZXVyb3BlLXdlc3QxLWRvY2tlci5wa2cuZGV2L3NlcnZlcmxlc3MtcnVudGltZXMvZ29vZ2xlLTIyLWZ1bGwvcnVudGltZXMvbm9kZWpzMjBAAQ==","serviceAccount":"projects/poppin-s-app/serviceAccounts/402812477660-compute@developer.gserviceaccount.com","automaticUpdatePolicy":{}},"serviceConfig":{"service":"projects/poppin-s-app/locations/europe-west1/services/acceptdelegation","timeoutSeconds":60,"environmentVariables":{"EMAIL_USER":"votre_email@gmail.com","EMAIL_PASSWORD":"votre_mot_de_passe_securise","FIREBASE_CONFIG":"{\"projectId\":\"poppin-s-app\",\"storageBucket\":\"poppin-s-app.firebasestorage.app\"}","GCLOUD_PROJECT":"poppin-s-app","EVENTARC_CLOUD_EVENT_SOURCE":"projects/poppin-s-app/locations/europe-west1/services/acceptDelegation","FUNCTION_TARGET":"acceptDelegation","LOG_EXECUTION_ID":"true","FUNCTION_SIGNATURE_TYPE":"http"},"ingressSettings":"ALLOW_ALL","uri":"https://acceptdelegation-j3na7x5n2a-ew.a.run.app","serviceAccountEmail":"402812477660-compute@developer.gserviceaccount.com","availableMemory":"256Mi","allTrafficOnLatestRevision":true,"revision":"acceptdelegation-00004-zug","maxInstanceRequestConcurrency":80,"availableCpu":"1"},"state":"ACTIVE","labels":{"deployment-tool":"cli-firebase","deployment-callable":"true","firebase-functions-hash":"ecbaa31c917c1fff03b9ad86e035ea77447bcf99"},"environment":"GEN_2","url":"https://europe-west1-poppin-s-app.cloudfunctions.net/acceptDelegation","satisfiesPzi":true},"stages":[{"name":"SERVICE","state":"NOT_STARTED"}],"operationType":"UPDATE_FUNCTION"},"done":true,"error":{"code":3,"message":"Could not create or update Cloud Run service acceptdelegation, Container Healthcheck failed. Revision 'acceptdelegation-00005-rag' is not ready and cannot serve traffic. Quota exceeded for total allowable CPU per project per region.\n\nLogs URL: https://console.cloud.google.com/logs/viewer?project=poppin-s-app&resource=cloud_run_revision/service_name/acceptdelegation/revision_name/acceptdelegation-00005-rag&advancedFilter=resource.type%3D%22cloud_run_revision%22%0Aresource.labels.service_name%3D%22acceptdelegation%22%0Aresource.labels.revision_name%3D%22acceptdelegation-00005-rag%22 \nFor more troubleshooting guidance, see https://cloud.google.com/run/docs/troubleshooting#container-failed-to-start"}}
[debug] [2025-09-24T17:13:49.685Z] Got source token undefined for region europe-west1
[error] Could not create or update Cloud Run service acceptdelegation, Container Healthcheck failed. Revision 'acceptdelegation-00005-rag' is not ready and cannot serve traffic. Quota exceeded for total allowable CPU per project per region.

Logs URL: https://console.cloud.google.com/logs/viewer?project=poppin-s-app&resource=cloud_run_revision/service_name/acceptdelegation/revision_name/acceptdelegation-00005-rag&advancedFilter=resource.type%3D%22cloud_run_revision%22%0Aresource.labels.service_name%3D%22acceptdelegation%22%0Aresource.labels.revision_name%3D%22acceptdelegation-00005-rag%22 
For more troubleshooting guidance, see https://cloud.google.com/run/docs/troubleshooting#container-failed-to-start
[debug] [2025-09-24T17:13:49.692Z] [update-default-europe-west1-onDelegationCreated] Retrying task index 0
[debug] [2025-09-24T17:13:49.692Z] Checked if tokens are valid: true, expires at: 1758736880538
[debug] [2025-09-24T17:13:49.692Z] Checked if tokens are valid: true, expires at: 1758736880538
[debug] [2025-09-24T17:13:49.692Z] >>> [apiv2][query] GET https://cloudfunctions.googleapis.com/v2/projects/poppin-s-app/locations/europe-west1/operations/operation-1758734020365-63f8f2c89cb81-055d6225-33c66182 [none]
[debug] [2025-09-24T17:13:49.722Z] [update-default-europe-west1-onStockNeedsUpdated] Retrying task index 0
[debug] [2025-09-24T17:13:49.723Z] Checked if tokens are valid: true, expires at: 1758736880538
[debug] [2025-09-24T17:13:49.723Z] Checked if tokens are valid: true, expires at: 1758736880538
[debug] [2025-09-24T17:13:49.723Z] >>> [apiv2][query] GET https://cloudfunctions.googleapis.com/v2/projects/poppin-s-app/locations/europe-west1/operations/operation-1758734020370-63f8f2c89e1f0-de4c0a3a-44a19313 [none]
[debug] [2025-09-24T17:13:49.738Z] <<< [apiv2][status] GET https://cloudfunctions.googleapis.com/v2/projects/poppin-s-app/locations/europe-west1/operations/operation-1758734020365-63f8f2c89cb81-055d6225-33c66182 200
[debug] [2025-09-24T17:13:49.738Z] <<< [apiv2][body] GET https://cloudfunctions.googleapis.com/v2/projects/poppin-s-app/locations/europe-west1/operations/operation-1758734020365-63f8f2c89cb81-055d6225-33c66182 {"name":"projects/poppin-s-app/locations/europe-west1/operations/operation-1758734020365-63f8f2c89cb81-055d6225-33c66182","metadata":{"@type":"type.googleapis.com/google.cloud.functions.v2.OperationMetadata","createTime":"2025-09-24T17:13:41.943695149Z","target":"projects/poppin-s-app/locations/europe-west1/functions/onDelegationCreated","verb":"update","cancelRequested":false,"apiVersion":"v2","requestResource":{"@type":"type.googleapis.com/google.cloud.functions.v2.Function","name":"projects/poppin-s-app/locations/europe-west1/functions/onDelegationCreated","buildConfig":{"runtime":"nodejs20","entryPoint":"onDelegationCreated","source":{"storageSource":{"bucket":"gcf-v2-sources-402812477660-europe-west1","object":"onDelegationCreated/function-source.zip","generation":"1758734021899379"}},"environmentVariables":{"GOOGLE_NODE_RUN_SCRIPTS":""},"dockerRepository":"projects/poppin-s-app/locations/europe-west1/repositories/gcf-artifacts","sourceProvenance":{"resolvedStorageSource":{"bucket":"gcf-v2-sources-402812477660-europe-west1","object":"onDelegationCreated/function-source.zip","generation":"1758733376459632"}},"dockerRegistry":"ARTIFACT_REGISTRY","sourceToken":"Clhwcm9qZWN0cy80MDI4MTI0Nzc2NjAvbG9jYXRpb25zL2V1cm9wZS13ZXN0MS9idWlsZHMvODY3N2E5NzktNjBkNy00YmZhLTk4MmUtYmM1MWRkZmZmZjk1EnRldXJvcGUtd2VzdDEtZG9ja2VyLnBrZy5kZXYvcG9wcGluLXMtYXBwL2djZi1hcnRpZmFjdHMvcG9wcGluLS1zLS1hcHBfX2V1cm9wZS0td2VzdDFfX3NlbmRfZW1haWxfdG9fcGFyZW50OnZlcnNpb25fMRjcwfrL3AsiSHByb2plY3RzL3BvcHBpbi1zLWFwcC9sb2NhdGlvbnMvZXVyb3BlLXdlc3QxL2Z1bmN0aW9ucy9zZW5kRW1haWxUb1BhcmVudCoMCMDN0MYGEJjK0+4CMghub2RlanMyMDp3CiNnY3IuaW8vZ2FlLXJ1bnRpbWVzL25vZGVqczIwOnN0YWJsZRJQZXVyb3BlLXdlc3QxLWRvY2tlci5wa2cuZGV2L3NlcnZlcmxlc3MtcnVudGltZXMvZ29vZ2xlLTIyLWZ1bGwvcnVudGltZXMvbm9kZWpzMjBAAQ==","serviceAccount":"projects/poppin-s-app/serviceAccounts/402812477660-compute@developer.gserviceaccount.com","automaticUpdatePolicy":{}},"serviceConfig":{"service":"projects/poppin-s-app/locations/europe-west1/services/ondelegationcreated","timeoutSeconds":60,"environmentVariables":{"EMAIL_USER":"votre_email@gmail.com","EMAIL_PASSWORD":"votre_mot_de_passe_securise","FIREBASE_CONFIG":"{\"projectId\":\"poppin-s-app\",\"storageBucket\":\"poppin-s-app.firebasestorage.app\"}","GCLOUD_PROJECT":"poppin-s-app","EVENTARC_CLOUD_EVENT_SOURCE":"projects/poppin-s-app/locations/europe-west1/services/onDelegationCreated","FUNCTION_SIGNATURE_TYPE":"cloudevent","FUNCTION_TARGET":"onDelegationCreated","LOG_EXECUTION_ID":"true"},"ingressSettings":"ALLOW_ALL","uri":"https://ondelegationcreated-j3na7x5n2a-ew.a.run.app","serviceAccountEmail":"402812477660-compute@developer.gserviceaccount.com","availableMemory":"256Mi","allTrafficOnLatestRevision":true,"revision":"ondelegationcreated-00003-zeg","maxInstanceRequestConcurrency":80,"availableCpu":"1"},"eventTrigger":{"trigger":"projects/poppin-s-app/locations/europe-west9/triggers/ondelegationcreated-613746","triggerRegion":"europe-west9","eventType":"google.cloud.firestore.document.v1.created","eventFilters":[{"attribute":"database","value":"(default)"},{"attribute":"namespace","value":"(default)"},{"attribute":"document","value":"structures/{structureId}/delegations/{delegationId}","operator":"match-path-pattern"}],"pubsubTopic":"projects/poppin-s-app/topics/eventarc-europe-west9-ondelegationcreated-613746-417","serviceAccountEmail":"402812477660-compute@developer.gserviceaccount.com","retryPolicy":"RETRY_POLICY_DO_NOT_RETRY"},"state":"ACTIVE","labels":{"deployment-tool":"cli-firebase","firebase-functions-hash":"ecbaa31c917c1fff03b9ad86e035ea77447bcf99"},"environment":"GEN_2","url":"https://europe-west1-poppin-s-app.cloudfunctions.net/onDelegationCreated","satisfiesPzi":true},"stages":[{"name":"BUILD","message":"Reusing build","state":"COMPLETE","resource":"projects/402812477660/locations/europe-west1/builds/8677a979-60d7-4bfa-982e-bc51ddffff95"},{"name":"SERVICE","message":"Updating Cloud Run service","state":"IN_PROGRESS","resource":"projects/poppin-s-app/locations/europe-west1/services/ondelegationcreated","resourceUri":"https://console.cloud.google.com/run/detail/europe-west1/ondelegationcreated?project=poppin-s-app","stateMessages":[{"severity":"INFO","type":"CloudRunServiceNewRevisionTrafficInfo","message":"A new revision will be deployed serving with 100% traffic."}]},{"name":"TRIGGER","state":"NOT_STARTED"}],"sourceToken":"Clhwcm9qZWN0cy80MDI4MTI0Nzc2NjAvbG9jYXRpb25zL2V1cm9wZS13ZXN0MS9idWlsZHMvODY3N2E5NzktNjBkNy00YmZhLTk4MmUtYmM1MWRkZmZmZjk1EnRldXJvcGUtd2VzdDEtZG9ja2VyLnBrZy5kZXYvcG9wcGluLXMtYXBwL2djZi1hcnRpZmFjdHMvcG9wcGluLS1zLS1hcHBfX2V1cm9wZS0td2VzdDFfX3NlbmRfZW1haWxfdG9fcGFyZW50OnZlcnNpb25fMRjcwfrL3AsiSHByb2plY3RzL3BvcHBpbi1zLWFwcC9sb2NhdGlvbnMvZXVyb3BlLXdlc3QxL2Z1bmN0aW9ucy9zZW5kRW1haWxUb1BhcmVudCoMCMDN0MYGEJjK0+4CMghub2RlanMyMDp3CiNnY3IuaW8vZ2FlLXJ1bnRpbWVzL25vZGVqczIwOnN0YWJsZRJQZXVyb3BlLXdlc3QxLWRvY2tlci5wa2cuZGV2L3NlcnZlcmxlc3MtcnVudGltZXMvZ29vZ2xlLTIyLWZ1bGwvcnVudGltZXMvbm9kZWpzMjBAAQ==","operationType":"UPDATE_FUNCTION","buildName":"projects/402812477660/locations/europe-west1/builds/8677a979-60d7-4bfa-982e-bc51ddffff95"},"done":false}
[debug] [2025-09-24T17:13:49.739Z] Got source token Clhwcm9qZWN0cy80MDI4MTI0Nzc2NjAvbG9jYXRpb25zL2V1cm9wZS13ZXN0MS9idWlsZHMvODY3N2E5NzktNjBkNy00YmZhLTk4MmUtYmM1MWRkZmZmZjk1EnRldXJvcGUtd2VzdDEtZG9ja2VyLnBrZy5kZXYvcG9wcGluLXMtYXBwL2djZi1hcnRpZmFjdHMvcG9wcGluLS1zLS1hcHBfX2V1cm9wZS0td2VzdDFfX3NlbmRfZW1haWxfdG9fcGFyZW50OnZlcnNpb25fMRjcwfrL3AsiSHByb2plY3RzL3BvcHBpbi1zLWFwcC9sb2NhdGlvbnMvZXVyb3BlLXdlc3QxL2Z1bmN0aW9ucy9zZW5kRW1haWxUb1BhcmVudCoMCMDN0MYGEJjK0+4CMghub2RlanMyMDp3CiNnY3IuaW8vZ2FlLXJ1bnRpbWVzL25vZGVqczIwOnN0YWJsZRJQZXVyb3BlLXdlc3QxLWRvY2tlci5wa2cuZGV2L3NlcnZlcmxlc3MtcnVudGltZXMvZ29vZ2xlLTIyLWZ1bGwvcnVudGltZXMvbm9kZWpzMjBAAQ== for region europe-west1
[debug] [2025-09-24T17:13:49.739Z] <<< [apiv2][status] GET https://cloudfunctions.googleapis.com/v2/projects/poppin-s-app/locations/europe-west1/operations/operation-1758734020383-63f8f2c8a14a2-37bbcb92-d73fd8d9 200
[debug] [2025-09-24T17:13:49.740Z] <<< [apiv2][body] GET https://cloudfunctions.googleapis.com/v2/projects/poppin-s-app/locations/europe-west1/operations/operation-1758734020383-63f8f2c8a14a2-37bbcb92-d73fd8d9 {"name":"projects/poppin-s-app/locations/europe-west1/operations/operation-1758734020383-63f8f2c8a14a2-37bbcb92-d73fd8d9","metadata":{"@type":"type.googleapis.com/google.cloud.functions.v2.OperationMetadata","createTime":"2025-09-24T17:13:41.924675768Z","endTime":"2025-09-24T17:13:49.448905685Z","target":"projects/poppin-s-app/locations/europe-west1/functions/onNewMessage","verb":"update","cancelRequested":false,"apiVersion":"v2","requestResource":{"@type":"type.googleapis.com/google.cloud.functions.v2.Function","name":"projects/poppin-s-app/locations/europe-west1/functions/onNewMessage","buildConfig":{"runtime":"nodejs20","entryPoint":"onNewMessage","source":{"storageSource":{"bucket":"gcf-v2-sources-402812477660-europe-west1","object":"onNewMessage/function-source.zip","generation":"1758734021881509"}},"environmentVariables":{"GOOGLE_NODE_RUN_SCRIPTS":""},"dockerRepository":"projects/poppin-s-app/locations/europe-west1/repositories/gcf-artifacts","sourceProvenance":{"resolvedStorageSource":{"bucket":"gcf-v2-sources-402812477660-europe-west1","object":"onNewMessage/function-source.zip","generation":"1758733376447997"}},"dockerRegistry":"ARTIFACT_REGISTRY","sourceToken":"Clhwcm9qZWN0cy80MDI4MTI0Nzc2NjAvbG9jYXRpb25zL2V1cm9wZS13ZXN0MS9idWlsZHMvODY3N2E5NzktNjBkNy00YmZhLTk4MmUtYmM1MWRkZmZmZjk1EnRldXJvcGUtd2VzdDEtZG9ja2VyLnBrZy5kZXYvcG9wcGluLXMtYXBwL2djZi1hcnRpZmFjdHMvcG9wcGluLS1zLS1hcHBfX2V1cm9wZS0td2VzdDFfX3NlbmRfZW1haWxfdG9fcGFyZW50OnZlcnNpb25fMRjcwfrL3AsiSHByb2plY3RzL3BvcHBpbi1zLWFwcC9sb2NhdGlvbnMvZXVyb3BlLXdlc3QxL2Z1bmN0aW9ucy9zZW5kRW1haWxUb1BhcmVudCoMCMDN0MYGEJjK0+4CMghub2RlanMyMDp3CiNnY3IuaW8vZ2FlLXJ1bnRpbWVzL25vZGVqczIwOnN0YWJsZRJQZXVyb3BlLXdlc3QxLWRvY2tlci5wa2cuZGV2L3NlcnZlcmxlc3MtcnVudGltZXMvZ29vZ2xlLTIyLWZ1bGwvcnVudGltZXMvbm9kZWpzMjBAAQ==","serviceAccount":"projects/poppin-s-app/serviceAccounts/402812477660-compute@developer.gserviceaccount.com","automaticUpdatePolicy":{}},"serviceConfig":{"service":"projects/poppin-s-app/locations/europe-west1/services/onnewmessage","timeoutSeconds":60,"environmentVariables":{"EMAIL_USER":"votre_email@gmail.com","EMAIL_PASSWORD":"votre_mot_de_passe_securise","FIREBASE_CONFIG":"{\"projectId\":\"poppin-s-app\",\"storageBucket\":\"poppin-s-app.firebasestorage.app\"}","GCLOUD_PROJECT":"poppin-s-app","EVENTARC_CLOUD_EVENT_SOURCE":"projects/poppin-s-app/locations/europe-west1/services/onNewMessage","FUNCTION_SIGNATURE_TYPE":"cloudevent","FUNCTION_TARGET":"onNewMessage","LOG_EXECUTION_ID":"true"},"ingressSettings":"ALLOW_ALL","uri":"https://onnewmessage-j3na7x5n2a-ew.a.run.app","serviceAccountEmail":"402812477660-compute@developer.gserviceaccount.com","availableMemory":"256Mi","allTrafficOnLatestRevision":true,"revision":"onnewmessage-00007-paf","maxInstanceRequestConcurrency":80,"availableCpu":"1"},"eventTrigger":{"trigger":"projects/poppin-s-app/locations/europe-west9/triggers/onnewmessage-930037","triggerRegion":"europe-west9","eventType":"google.cloud.firestore.document.v1.created","eventFilters":[{"attribute":"database","value":"(default)"},{"attribute":"namespace","value":"(default)"},{"attribute":"document","value":"exchanges/{messageId}","operator":"match-path-pattern"}],"pubsubTopic":"projects/poppin-s-app/topics/eventarc-europe-west9-onnewmessage-930037-538","serviceAccountEmail":"402812477660-compute@developer.gserviceaccount.com","retryPolicy":"RETRY_POLICY_DO_NOT_RETRY"},"state":"ACTIVE","labels":{"deployment-tool":"cli-firebase","firebase-functions-hash":"ecbaa31c917c1fff03b9ad86e035ea77447bcf99"},"environment":"GEN_2","url":"https://europe-west1-poppin-s-app.cloudfunctions.net/onNewMessage","satisfiesPzi":true},"stages":[{"name":"BUILD","message":"Reusing build","state":"COMPLETE","resource":"projects/402812477660/locations/europe-west1/builds/8677a979-60d7-4bfa-982e-bc51ddffff95"},{"name":"SERVICE","message":"Updating Cloud Run service","state":"COMPLETE","resource":"projects/poppin-s-app/locations/europe-west1/services/onnewmessage","resourceUri":"https://console.cloud.google.com/run/detail/europe-west1/onnewmessage?project=poppin-s-app","stateMessages":[{"severity":"INFO","type":"CloudRunServiceNewRevisionTrafficInfo","message":"A new revision will be deployed serving with 100% traffic."}]},{"name":"TRIGGER","state":"NOT_STARTED"}],"sourceToken":"Clhwcm9qZWN0cy80MDI4MTI0Nzc2NjAvbG9jYXRpb25zL2V1cm9wZS13ZXN0MS9idWlsZHMvODY3N2E5NzktNjBkNy00YmZhLTk4MmUtYmM1MWRkZmZmZjk1EnRldXJvcGUtd2VzdDEtZG9ja2VyLnBrZy5kZXYvcG9wcGluLXMtYXBwL2djZi1hcnRpZmFjdHMvcG9wcGluLS1zLS1hcHBfX2V1cm9wZS0td2VzdDFfX3NlbmRfZW1haWxfdG9fcGFyZW50OnZlcnNpb25fMRjcwfrL3AsiSHByb2plY3RzL3BvcHBpbi1zLWFwcC9sb2NhdGlvbnMvZXVyb3BlLXdlc3QxL2Z1bmN0aW9ucy9zZW5kRW1haWxUb1BhcmVudCoMCMDN0MYGEJjK0+4CMghub2RlanMyMDp3CiNnY3IuaW8vZ2FlLXJ1bnRpbWVzL25vZGVqczIwOnN0YWJsZRJQZXVyb3BlLXdlc3QxLWRvY2tlci5wa2cuZGV2L3NlcnZlcmxlc3MtcnVudGltZXMvZ29vZ2xlLTIyLWZ1bGwvcnVudGltZXMvbm9kZWpzMjBAAQ==","operationType":"UPDATE_FUNCTION","buildName":"projects/402812477660/locations/europe-west1/builds/8677a979-60d7-4bfa-982e-bc51ddffff95"},"done":true,"response":{"@type":"type.googleapis.com/google.cloud.functions.v2.Function","name":"projects/poppin-s-app/locations/europe-west1/functions/onNewMessage","buildConfig":{"build":"projects/402812477660/locations/europe-west1/builds/8677a979-60d7-4bfa-982e-bc51ddffff95","runtime":"nodejs20","entryPoint":"onNewMessage","source":{"storageSource":{"bucket":"gcf-v2-sources-402812477660-europe-west1","object":"onNewMessage/function-source.zip","generation":"1758734021881509"}},"environmentVariables":{"GOOGLE_NODE_RUN_SCRIPTS":""},"dockerRepository":"projects/poppin-s-app/locations/europe-west1/repositories/gcf-artifacts","sourceProvenance":{"resolvedStorageSource":{"bucket":"gcf-v2-sources-402812477660-europe-west1","object":"onNewMessage/function-source.zip","generation":"1758734021881509"}},"dockerRegistry":"ARTIFACT_REGISTRY","serviceAccount":"projects/poppin-s-app/serviceAccounts/402812477660-compute@developer.gserviceaccount.com","automaticUpdatePolicy":{}},"serviceConfig":{"service":"projects/poppin-s-app/locations/europe-west1/services/onnewmessage","timeoutSeconds":60,"environmentVariables":{"EMAIL_USER":"votre_email@gmail.com","EMAIL_PASSWORD":"votre_mot_de_passe_securise","FIREBASE_CONFIG":"{\"projectId\":\"poppin-s-app\",\"storageBucket\":\"poppin-s-app.firebasestorage.app\"}","GCLOUD_PROJECT":"poppin-s-app","EVENTARC_CLOUD_EVENT_SOURCE":"projects/poppin-s-app/locations/europe-west1/services/onNewMessage","FUNCTION_SIGNATURE_TYPE":"cloudevent","FUNCTION_TARGET":"onNewMessage","LOG_EXECUTION_ID":"true"},"maxInstanceCount":3,"ingressSettings":"ALLOW_ALL","uri":"https://onnewmessage-j3na7x5n2a-ew.a.run.app","serviceAccountEmail":"402812477660-compute@developer.gserviceaccount.com","availableMemory":"256Mi","allTrafficOnLatestRevision":true,"revision":"onnewmessage-00008-pal","maxInstanceRequestConcurrency":80,"availableCpu":"1"},"eventTrigger":{"trigger":"projects/poppin-s-app/locations/europe-west9/triggers/onnewmessage-930037","triggerRegion":"europe-west9","eventType":"google.cloud.firestore.document.v1.created","eventFilters":[{"attribute":"document","value":"exchanges/{messageId}","operator":"match-path-pattern"},{"attribute":"database","value":"(default)"},{"attribute":"namespace","value":"(default)"}],"pubsubTopic":"projects/poppin-s-app/topics/eventarc-europe-west9-onnewmessage-930037-538","serviceAccountEmail":"402812477660-compute@developer.gserviceaccount.com","retryPolicy":"RETRY_POLICY_DO_NOT_RETRY"},"state":"ACTIVE","updateTime":"2025-09-24T17:13:41.927317968Z","labels":{"deployment-tool":"cli-firebase","firebase-functions-hash":"ecbaa31c917c1fff03b9ad86e035ea77447bcf99"},"environment":"GEN_2","url":"https://europe-west1-poppin-s-app.cloudfunctions.net/onNewMessage","createTime":"2025-09-04T16:07:28.776307743Z","satisfiesPzi":true}}
[debug] [2025-09-24T17:13:49.740Z] Got source token Clhwcm9qZWN0cy80MDI4MTI0Nzc2NjAvbG9jYXRpb25zL2V1cm9wZS13ZXN0MS9idWlsZHMvODY3N2E5NzktNjBkNy00YmZhLTk4MmUtYmM1MWRkZmZmZjk1EnRldXJvcGUtd2VzdDEtZG9ja2VyLnBrZy5kZXYvcG9wcGluLXMtYXBwL2djZi1hcnRpZmFjdHMvcG9wcGluLS1zLS1hcHBfX2V1cm9wZS0td2VzdDFfX3NlbmRfZW1haWxfdG9fcGFyZW50OnZlcnNpb25fMRjcwfrL3AsiSHByb2plY3RzL3BvcHBpbi1zLWFwcC9sb2NhdGlvbnMvZXVyb3BlLXdlc3QxL2Z1bmN0aW9ucy9zZW5kRW1haWxUb1BhcmVudCoMCMDN0MYGEJjK0+4CMghub2RlanMyMDp3CiNnY3IuaW8vZ2FlLXJ1bnRpbWVzL25vZGVqczIwOnN0YWJsZRJQZXVyb3BlLXdlc3QxLWRvY2tlci5wa2cuZGV2L3NlcnZlcmxlc3MtcnVudGltZXMvZ29vZ2xlLTIyLWZ1bGwvcnVudGltZXMvbm9kZWpzMjBAAQ== for region europe-west1
[info] ✔  functions[onNewMessage(europe-west1)] Successful update operation. 
[debug] [2025-09-24T17:13:49.787Z] <<< [apiv2][status] GET https://cloudfunctions.googleapis.com/v2/projects/poppin-s-app/locations/europe-west1/operations/operation-1758734020370-63f8f2c89e1f0-de4c0a3a-44a19313 200
[debug] [2025-09-24T17:13:49.788Z] <<< [apiv2][body] GET https://cloudfunctions.googleapis.com/v2/projects/poppin-s-app/locations/europe-west1/operations/operation-1758734020370-63f8f2c89e1f0-de4c0a3a-44a19313 {"name":"projects/poppin-s-app/locations/europe-west1/operations/operation-1758734020370-63f8f2c89e1f0-de4c0a3a-44a19313","metadata":{"@type":"type.googleapis.com/google.cloud.functions.v2.OperationMetadata","createTime":"2025-09-24T17:13:41.952369740Z","endTime":"2025-09-24T17:13:49.432063706Z","target":"projects/poppin-s-app/locations/europe-west1/functions/onStockNeedsUpdated","verb":"update","cancelRequested":false,"apiVersion":"v2","requestResource":{"@type":"type.googleapis.com/google.cloud.functions.v2.Function","name":"projects/poppin-s-app/locations/europe-west1/functions/onStockNeedsUpdated","buildConfig":{"runtime":"nodejs20","entryPoint":"onStockNeedsUpdated","source":{"storageSource":{"bucket":"gcf-v2-sources-402812477660-europe-west1","object":"onStockNeedsUpdated/function-source.zip","generation":"1758734021898754"}},"environmentVariables":{"GOOGLE_NODE_RUN_SCRIPTS":""},"dockerRepository":"projects/poppin-s-app/locations/europe-west1/repositories/gcf-artifacts","sourceProvenance":{"resolvedStorageSource":{"bucket":"gcf-v2-sources-402812477660-europe-west1","object":"onStockNeedsUpdated/function-source.zip","generation":"1758733376321180"}},"dockerRegistry":"ARTIFACT_REGISTRY","sourceToken":"Clhwcm9qZWN0cy80MDI4MTI0Nzc2NjAvbG9jYXRpb25zL2V1cm9wZS13ZXN0MS9idWlsZHMvODY3N2E5NzktNjBkNy00YmZhLTk4MmUtYmM1MWRkZmZmZjk1EnRldXJvcGUtd2VzdDEtZG9ja2VyLnBrZy5kZXYvcG9wcGluLXMtYXBwL2djZi1hcnRpZmFjdHMvcG9wcGluLS1zLS1hcHBfX2V1cm9wZS0td2VzdDFfX3NlbmRfZW1haWxfdG9fcGFyZW50OnZlcnNpb25fMRjcwfrL3AsiSHByb2plY3RzL3BvcHBpbi1zLWFwcC9sb2NhdGlvbnMvZXVyb3BlLXdlc3QxL2Z1bmN0aW9ucy9zZW5kRW1haWxUb1BhcmVudCoMCMDN0MYGEJjK0+4CMghub2RlanMyMDp3CiNnY3IuaW8vZ2FlLXJ1bnRpbWVzL25vZGVqczIwOnN0YWJsZRJQZXVyb3BlLXdlc3QxLWRvY2tlci5wa2cuZGV2L3NlcnZlcmxlc3MtcnVudGltZXMvZ29vZ2xlLTIyLWZ1bGwvcnVudGltZXMvbm9kZWpzMjBAAQ==","serviceAccount":"projects/poppin-s-app/serviceAccounts/402812477660-compute@developer.gserviceaccount.com","automaticUpdatePolicy":{}},"serviceConfig":{"service":"projects/poppin-s-app/locations/europe-west1/services/onstockneedsupdated","timeoutSeconds":60,"environmentVariables":{"EMAIL_USER":"votre_email@gmail.com","EMAIL_PASSWORD":"votre_mot_de_passe_securise","FIREBASE_CONFIG":"{\"projectId\":\"poppin-s-app\",\"storageBucket\":\"poppin-s-app.firebasestorage.app\"}","GCLOUD_PROJECT":"poppin-s-app","EVENTARC_CLOUD_EVENT_SOURCE":"projects/poppin-s-app/locations/europe-west1/services/onStockNeedsUpdated","FUNCTION_SIGNATURE_TYPE":"cloudevent","FUNCTION_TARGET":"onStockNeedsUpdated","LOG_EXECUTION_ID":"true"},"ingressSettings":"ALLOW_ALL","uri":"https://onstockneedsupdated-j3na7x5n2a-ew.a.run.app","serviceAccountEmail":"402812477660-compute@developer.gserviceaccount.com","availableMemory":"256Mi","allTrafficOnLatestRevision":true,"revision":"onstockneedsupdated-00006-kew","maxInstanceRequestConcurrency":80,"availableCpu":"1"},"eventTrigger":{"trigger":"projects/poppin-s-app/locations/europe-west9/triggers/onstockneedsupdated-763256","triggerRegion":"europe-west9","eventType":"google.cloud.firestore.document.v1.written","eventFilters":[{"attribute":"database","value":"(default)"},{"attribute":"namespace","value":"(default)"},{"attribute":"document","value":"structures/{structureId}/children/{childId}/stocks/current","operator":"match-path-pattern"}],"pubsubTopic":"projects/poppin-s-app/topics/eventarc-europe-west9-onstockneedsupdated-763256-289","serviceAccountEmail":"402812477660-compute@developer.gserviceaccount.com","retryPolicy":"RETRY_POLICY_DO_NOT_RETRY"},"state":"ACTIVE","labels":{"deployment-tool":"cli-firebase","firebase-functions-hash":"ecbaa31c917c1fff03b9ad86e035ea77447bcf99"},"environment":"GEN_2","url":"https://europe-west1-poppin-s-app.cloudfunctions.net/onStockNeedsUpdated","satisfiesPzi":true},"stages":[{"name":"BUILD","message":"Reusing build","state":"COMPLETE","resource":"projects/402812477660/locations/europe-west1/builds/8677a979-60d7-4bfa-982e-bc51ddffff95"},{"name":"SERVICE","message":"Updating Cloud Run service","state":"COMPLETE","resource":"projects/poppin-s-app/locations/europe-west1/services/onstockneedsupdated","resourceUri":"https://console.cloud.google.com/run/detail/europe-west1/onstockneedsupdated?project=poppin-s-app","stateMessages":[{"severity":"INFO","type":"CloudRunServiceNewRevisionTrafficInfo","message":"A new revision will be deployed serving with 100% traffic."}]},{"name":"TRIGGER","state":"NOT_STARTED"}],"sourceToken":"Clhwcm9qZWN0cy80MDI4MTI0Nzc2NjAvbG9jYXRpb25zL2V1cm9wZS13ZXN0MS9idWlsZHMvODY3N2E5NzktNjBkNy00YmZhLTk4MmUtYmM1MWRkZmZmZjk1EnRldXJvcGUtd2VzdDEtZG9ja2VyLnBrZy5kZXYvcG9wcGluLXMtYXBwL2djZi1hcnRpZmFjdHMvcG9wcGluLS1zLS1hcHBfX2V1cm9wZS0td2VzdDFfX3NlbmRfZW1haWxfdG9fcGFyZW50OnZlcnNpb25fMRjcwfrL3AsiSHByb2plY3RzL3BvcHBpbi1zLWFwcC9sb2NhdGlvbnMvZXVyb3BlLXdlc3QxL2Z1bmN0aW9ucy9zZW5kRW1haWxUb1BhcmVudCoMCMDN0MYGEJjK0+4CMghub2RlanMyMDp3CiNnY3IuaW8vZ2FlLXJ1bnRpbWVzL25vZGVqczIwOnN0YWJsZRJQZXVyb3BlLXdlc3QxLWRvY2tlci5wa2cuZGV2L3NlcnZlcmxlc3MtcnVudGltZXMvZ29vZ2xlLTIyLWZ1bGwvcnVudGltZXMvbm9kZWpzMjBAAQ==","operationType":"UPDATE_FUNCTION","buildName":"projects/402812477660/locations/europe-west1/builds/8677a979-60d7-4bfa-982e-bc51ddffff95"},"done":true,"response":{"@type":"type.googleapis.com/google.cloud.functions.v2.Function","name":"projects/poppin-s-app/locations/europe-west1/functions/onStockNeedsUpdated","buildConfig":{"build":"projects/402812477660/locations/europe-west1/builds/8677a979-60d7-4bfa-982e-bc51ddffff95","runtime":"nodejs20","entryPoint":"onStockNeedsUpdated","source":{"storageSource":{"bucket":"gcf-v2-sources-402812477660-europe-west1","object":"onStockNeedsUpdated/function-source.zip","generation":"1758734021898754"}},"environmentVariables":{"GOOGLE_NODE_RUN_SCRIPTS":""},"dockerRepository":"projects/poppin-s-app/locations/europe-west1/repositories/gcf-artifacts","sourceProvenance":{"resolvedStorageSource":{"bucket":"gcf-v2-sources-402812477660-europe-west1","object":"onStockNeedsUpdated/function-source.zip","generation":"1758734021898754"}},"dockerRegistry":"ARTIFACT_REGISTRY","serviceAccount":"projects/poppin-s-app/serviceAccounts/402812477660-compute@developer.gserviceaccount.com","automaticUpdatePolicy":{}},"serviceConfig":{"service":"projects/poppin-s-app/locations/europe-west1/services/onstockneedsupdated","timeoutSeconds":60,"environmentVariables":{"EMAIL_USER":"votre_email@gmail.com","EMAIL_PASSWORD":"votre_mot_de_passe_securise","FIREBASE_CONFIG":"{\"projectId\":\"poppin-s-app\",\"storageBucket\":\"poppin-s-app.firebasestorage.app\"}","GCLOUD_PROJECT":"poppin-s-app","EVENTARC_CLOUD_EVENT_SOURCE":"projects/poppin-s-app/locations/europe-west1/services/onStockNeedsUpdated","FUNCTION_SIGNATURE_TYPE":"cloudevent","FUNCTION_TARGET":"onStockNeedsUpdated","LOG_EXECUTION_ID":"true"},"maxInstanceCount":3,"ingressSettings":"ALLOW_ALL","uri":"https://onstockneedsupdated-j3na7x5n2a-ew.a.run.app","serviceAccountEmail":"402812477660-compute@developer.gserviceaccount.com","availableMemory":"256Mi","allTrafficOnLatestRevision":true,"revision":"onstockneedsupdated-00007-zef","maxInstanceRequestConcurrency":80,"availableCpu":"1"},"eventTrigger":{"trigger":"projects/poppin-s-app/locations/europe-west9/triggers/onstockneedsupdated-763256","triggerRegion":"europe-west9","eventType":"google.cloud.firestore.document.v1.written","eventFilters":[{"attribute":"database","value":"(default)"},{"attribute":"namespace","value":"(default)"},{"attribute":"document","value":"structures/{structureId}/children/{childId}/stocks/current","operator":"match-path-pattern"}],"pubsubTopic":"projects/poppin-s-app/topics/eventarc-europe-west9-onstockneedsupdated-763256-289","serviceAccountEmail":"402812477660-compute@developer.gserviceaccount.com","retryPolicy":"RETRY_POLICY_DO_NOT_RETRY"},"state":"ACTIVE","updateTime":"2025-09-24T17:13:41.956703510Z","labels":{"deployment-tool":"cli-firebase","firebase-functions-hash":"ecbaa31c917c1fff03b9ad86e035ea77447bcf99"},"environment":"GEN_2","url":"https://europe-west1-poppin-s-app.cloudfunctions.net/onStockNeedsUpdated","createTime":"2025-09-06T17:53:42.226011776Z","satisfiesPzi":true}}
[debug] [2025-09-24T17:13:49.788Z] Got source token Clhwcm9qZWN0cy80MDI4MTI0Nzc2NjAvbG9jYXRpb25zL2V1cm9wZS13ZXN0MS9idWlsZHMvODY3N2E5NzktNjBkNy00YmZhLTk4MmUtYmM1MWRkZmZmZjk1EnRldXJvcGUtd2VzdDEtZG9ja2VyLnBrZy5kZXYvcG9wcGluLXMtYXBwL2djZi1hcnRpZmFjdHMvcG9wcGluLS1zLS1hcHBfX2V1cm9wZS0td2VzdDFfX3NlbmRfZW1haWxfdG9fcGFyZW50OnZlcnNpb25fMRjcwfrL3AsiSHByb2plY3RzL3BvcHBpbi1zLWFwcC9sb2NhdGlvbnMvZXVyb3BlLXdlc3QxL2Z1bmN0aW9ucy9zZW5kRW1haWxUb1BhcmVudCoMCMDN0MYGEJjK0+4CMghub2RlanMyMDp3CiNnY3IuaW8vZ2FlLXJ1bnRpbWVzL25vZGVqczIwOnN0YWJsZRJQZXVyb3BlLXdlc3QxLWRvY2tlci5wa2cuZGV2L3NlcnZlcmxlc3MtcnVudGltZXMvZ29vZ2xlLTIyLWZ1bGwvcnVudGltZXMvbm9kZWpzMjBAAQ== for region europe-west1
[info] ✔  functions[onStockNeedsUpdated(europe-west1)] Successful update operation. 
[debug] [2025-09-24T17:13:49.890Z] [update-default-europe-west1-sendNotification] Retrying task index 0
[debug] [2025-09-24T17:13:49.890Z] Checked if tokens are valid: true, expires at: 1758736880538
[debug] [2025-09-24T17:13:49.890Z] Checked if tokens are valid: true, expires at: 1758736880538
[debug] [2025-09-24T17:13:49.891Z] >>> [apiv2][query] GET https://cloudfunctions.googleapis.com/v2/projects/poppin-s-app/locations/europe-west1/operations/operation-1758734020383-63f8f2c8a14e6-beca0c65-85dffa34 [none]
[debug] [2025-09-24T17:13:49.941Z] <<< [apiv2][status] GET https://cloudfunctions.googleapis.com/v2/projects/poppin-s-app/locations/europe-west1/operations/operation-1758734020383-63f8f2c8a14e6-beca0c65-85dffa34 200
[debug] [2025-09-24T17:13:49.941Z] <<< [apiv2][body] GET https://cloudfunctions.googleapis.com/v2/projects/poppin-s-app/locations/europe-west1/operations/operation-1758734020383-63f8f2c8a14e6-beca0c65-85dffa34 {"name":"projects/poppin-s-app/locations/europe-west1/operations/operation-1758734020383-63f8f2c8a14e6-beca0c65-85dffa34","metadata":{"@type":"type.googleapis.com/google.cloud.functions.v2.OperationMetadata","createTime":"2025-09-24T17:13:42.126375189Z","endTime":"2025-09-24T17:13:47.677961360Z","target":"projects/poppin-s-app/locations/europe-west1/functions/sendNotification","verb":"update","cancelRequested":false,"apiVersion":"v2","requestResource":{"@type":"type.googleapis.com/google.cloud.functions.v2.Function","name":"projects/poppin-s-app/locations/europe-west1/functions/sendNotification","buildConfig":{"runtime":"nodejs20","entryPoint":"sendNotification","source":{"storageSource":{"bucket":"gcf-v2-sources-402812477660-europe-west1","object":"sendNotification/function-source.zip","generation":"1758734021995939"}},"environmentVariables":{"GOOGLE_NODE_RUN_SCRIPTS":""},"dockerRepository":"projects/poppin-s-app/locations/europe-west1/repositories/gcf-artifacts","sourceProvenance":{"resolvedStorageSource":{"bucket":"gcf-v2-sources-402812477660-europe-west1","object":"sendNotification/function-source.zip","generation":"1758733376204936"}},"dockerRegistry":"ARTIFACT_REGISTRY","sourceToken":"Clhwcm9qZWN0cy80MDI4MTI0Nzc2NjAvbG9jYXRpb25zL2V1cm9wZS13ZXN0MS9idWlsZHMvODY3N2E5NzktNjBkNy00YmZhLTk4MmUtYmM1MWRkZmZmZjk1EnRldXJvcGUtd2VzdDEtZG9ja2VyLnBrZy5kZXYvcG9wcGluLXMtYXBwL2djZi1hcnRpZmFjdHMvcG9wcGluLS1zLS1hcHBfX2V1cm9wZS0td2VzdDFfX3NlbmRfZW1haWxfdG9fcGFyZW50OnZlcnNpb25fMRjcwfrL3AsiSHByb2plY3RzL3BvcHBpbi1zLWFwcC9sb2NhdGlvbnMvZXVyb3BlLXdlc3QxL2Z1bmN0aW9ucy9zZW5kRW1haWxUb1BhcmVudCoMCMDN0MYGEJjK0+4CMghub2RlanMyMDp3CiNnY3IuaW8vZ2FlLXJ1bnRpbWVzL25vZGVqczIwOnN0YWJsZRJQZXVyb3BlLXdlc3QxLWRvY2tlci5wa2cuZGV2L3NlcnZlcmxlc3MtcnVudGltZXMvZ29vZ2xlLTIyLWZ1bGwvcnVudGltZXMvbm9kZWpzMjBAAQ==","serviceAccount":"projects/poppin-s-app/serviceAccounts/402812477660-compute@developer.gserviceaccount.com","automaticUpdatePolicy":{}},"serviceConfig":{"service":"projects/poppin-s-app/locations/europe-west1/services/sendnotification","timeoutSeconds":60,"environmentVariables":{"EMAIL_USER":"votre_email@gmail.com","EMAIL_PASSWORD":"votre_mot_de_passe_securise","FIREBASE_CONFIG":"{\"projectId\":\"poppin-s-app\",\"storageBucket\":\"poppin-s-app.firebasestorage.app\"}","GCLOUD_PROJECT":"poppin-s-app","EVENTARC_CLOUD_EVENT_SOURCE":"projects/poppin-s-app/locations/europe-west1/services/sendNotification","FUNCTION_SIGNATURE_TYPE":"cloudevent","FUNCTION_TARGET":"sendNotification","LOG_EXECUTION_ID":"true"},"ingressSettings":"ALLOW_ALL","uri":"https://sendnotification-j3na7x5n2a-ew.a.run.app","serviceAccountEmail":"402812477660-compute@developer.gserviceaccount.com","availableMemory":"256Mi","allTrafficOnLatestRevision":true,"revision":"sendnotification-00007-moq","maxInstanceRequestConcurrency":80,"availableCpu":"1"},"eventTrigger":{"trigger":"projects/poppin-s-app/locations/europe-west9/triggers/sendnotification-959171","triggerRegion":"europe-west9","eventType":"google.cloud.firestore.document.v1.created","eventFilters":[{"attribute":"database","value":"(default)"},{"attribute":"namespace","value":"(default)"},{"attribute":"document","value":"notifications/{notificationId}","operator":"match-path-pattern"}],"pubsubTopic":"projects/poppin-s-app/topics/eventarc-europe-west9-sendnotification-959171-415","serviceAccountEmail":"402812477660-compute@developer.gserviceaccount.com","retryPolicy":"RETRY_POLICY_DO_NOT_RETRY"},"state":"ACTIVE","labels":{"deployment-tool":"cli-firebase","firebase-functions-hash":"ecbaa31c917c1fff03b9ad86e035ea77447bcf99"},"environment":"GEN_2","url":"https://europe-west1-poppin-s-app.cloudfunctions.net/sendNotification","satisfiesPzi":true},"stages":[{"name":"SERVICE","state":"NOT_STARTED"},{"name":"TRIGGER","state":"NOT_STARTED"}],"operationType":"UPDATE_FUNCTION"},"done":true,"error":{"code":3,"message":"Could not create or update Cloud Run service sendnotification, Container Healthcheck failed. Revision 'sendnotification-00008-rip' is not ready and cannot serve traffic. Quota exceeded for total allowable CPU per project per region.\n\nLogs URL: https://console.cloud.google.com/logs/viewer?project=poppin-s-app&resource=cloud_run_revision/service_name/sendnotification/revision_name/sendnotification-00008-rip&advancedFilter=resource.type%3D%22cloud_run_revision%22%0Aresource.labels.service_name%3D%22sendnotification%22%0Aresource.labels.revision_name%3D%22sendnotification-00008-rip%22 \nFor more troubleshooting guidance, see https://cloud.google.com/run/docs/troubleshooting#container-failed-to-start"}}
[debug] [2025-09-24T17:13:49.941Z] Got source token undefined for region europe-west1
[error] Could not create or update Cloud Run service sendnotification, Container Healthcheck failed. Revision 'sendnotification-00008-rip' is not ready and cannot serve traffic. Quota exceeded for total allowable CPU per project per region.

Logs URL: https://console.cloud.google.com/logs/viewer?project=poppin-s-app&resource=cloud_run_revision/service_name/sendnotification/revision_name/sendnotification-00008-rip&advancedFilter=resource.type%3D%22cloud_run_revision%22%0Aresource.labels.service_name%3D%22sendnotification%22%0Aresource.labels.revision_name%3D%22sendnotification-00008-rip%22 
For more troubleshooting guidance, see https://cloud.google.com/run/docs/troubleshooting#container-failed-to-start
[debug] [2025-09-24T17:13:50.246Z] [update-default-europe-west1-sendEmailToParent] Retrying task index 0
[debug] [2025-09-24T17:13:50.246Z] Checked if tokens are valid: true, expires at: 1758736880538
[debug] [2025-09-24T17:13:50.247Z] Checked if tokens are valid: true, expires at: 1758736880538
[debug] [2025-09-24T17:13:50.247Z] >>> [apiv2][query] GET https://cloudfunctions.googleapis.com/v2/projects/poppin-s-app/locations/europe-west1/operations/operation-1758733972958-63f8f29b66df6-cb68e32b-eee70592 [none]
[debug] [2025-09-24T17:13:50.308Z] <<< [apiv2][status] GET https://cloudfunctions.googleapis.com/v2/projects/poppin-s-app/locations/europe-west1/operations/operation-1758733972958-63f8f29b66df6-cb68e32b-eee70592 200
[debug] [2025-09-24T17:13:50.308Z] <<< [apiv2][body] GET https://cloudfunctions.googleapis.com/v2/projects/poppin-s-app/locations/europe-west1/operations/operation-1758733972958-63f8f29b66df6-cb68e32b-eee70592 {"name":"projects/poppin-s-app/locations/europe-west1/operations/operation-1758733972958-63f8f29b66df6-cb68e32b-eee70592","metadata":{"@type":"type.googleapis.com/google.cloud.functions.v2.OperationMetadata","createTime":"2025-09-24T17:12:53.894966345Z","endTime":"2025-09-24T17:13:46.793828011Z","target":"projects/poppin-s-app/locations/europe-west1/functions/sendEmailToParent","verb":"update","cancelRequested":false,"apiVersion":"v2","requestResource":{"@type":"type.googleapis.com/google.cloud.functions.v2.Function","name":"projects/poppin-s-app/locations/europe-west1/functions/sendEmailToParent","buildConfig":{"runtime":"nodejs20","entryPoint":"sendEmailToParent","source":{"storageSource":{"bucket":"gcf-v2-sources-402812477660-europe-west1","object":"sendEmailToParent/function-source.zip","generation":"1758733973844644"}},"environmentVariables":{"GOOGLE_NODE_RUN_SCRIPTS":""},"dockerRepository":"projects/poppin-s-app/locations/europe-west1/repositories/gcf-artifacts","sourceProvenance":{"resolvedStorageSource":{"bucket":"gcf-v2-sources-402812477660-europe-west1","object":"sendEmailToParent/function-source.zip","generation":"1758733307791464"}},"dockerRegistry":"ARTIFACT_REGISTRY","serviceAccount":"projects/poppin-s-app/serviceAccounts/402812477660-compute@developer.gserviceaccount.com","automaticUpdatePolicy":{}},"serviceConfig":{"service":"projects/poppin-s-app/locations/europe-west1/services/sendemailtoparent","timeoutSeconds":60,"environmentVariables":{"EMAIL_USER":"votre_email@gmail.com","EMAIL_PASSWORD":"votre_mot_de_passe_securise","FIREBASE_CONFIG":"{\"projectId\":\"poppin-s-app\",\"storageBucket\":\"poppin-s-app.firebasestorage.app\"}","GCLOUD_PROJECT":"poppin-s-app","EVENTARC_CLOUD_EVENT_SOURCE":"projects/poppin-s-app/locations/europe-west1/services/sendEmailToParent","FUNCTION_TARGET":"sendEmailToParent","LOG_EXECUTION_ID":"true"},"ingressSettings":"ALLOW_ALL","uri":"https://sendemailtoparent-j3na7x5n2a-ew.a.run.app","serviceAccountEmail":"402812477660-compute@developer.gserviceaccount.com","availableMemory":"256Mi","allTrafficOnLatestRevision":true,"revision":"sendemailtoparent-00013-riv","maxInstanceRequestConcurrency":80,"availableCpu":"1"},"state":"ACTIVE","labels":{"deployment-tool":"cli-firebase","deployment-callable":"true","firebase-functions-hash":"ecbaa31c917c1fff03b9ad86e035ea77447bcf99"},"environment":"GEN_2","url":"https://europe-west1-poppin-s-app.cloudfunctions.net/sendEmailToParent","satisfiesPzi":true},"stages":[{"name":"BUILD","message":"Build finished","state":"COMPLETE","resource":"projects/402812477660/locations/europe-west1/builds/8677a979-60d7-4bfa-982e-bc51ddffff95","resourceUri":"https://console.cloud.google.com/cloud-build/builds;region=europe-west1/8677a979-60d7-4bfa-982e-bc51ddffff95?project=402812477660"},{"name":"SERVICE","message":"Updating Cloud Run service","state":"COMPLETE","resource":"projects/poppin-s-app/locations/europe-west1/services/sendemailtoparent","resourceUri":"https://console.cloud.google.com/run/detail/europe-west1/sendemailtoparent?project=poppin-s-app","stateMessages":[{"severity":"INFO","type":"CloudRunServiceNewRevisionTrafficInfo","message":"A new revision will be deployed serving with 100% traffic."}]}],"sourceToken":"Clhwcm9qZWN0cy80MDI4MTI0Nzc2NjAvbG9jYXRpb25zL2V1cm9wZS13ZXN0MS9idWlsZHMvODY3N2E5NzktNjBkNy00YmZhLTk4MmUtYmM1MWRkZmZmZjk1EnRldXJvcGUtd2VzdDEtZG9ja2VyLnBrZy5kZXYvcG9wcGluLXMtYXBwL2djZi1hcnRpZmFjdHMvcG9wcGluLS1zLS1hcHBfX2V1cm9wZS0td2VzdDFfX3NlbmRfZW1haWxfdG9fcGFyZW50OnZlcnNpb25fMRjcwfrL3AsiSHByb2plY3RzL3BvcHBpbi1zLWFwcC9sb2NhdGlvbnMvZXVyb3BlLXdlc3QxL2Z1bmN0aW9ucy9zZW5kRW1haWxUb1BhcmVudCoMCMDN0MYGEJjK0+4CMghub2RlanMyMDp3CiNnY3IuaW8vZ2FlLXJ1bnRpbWVzL25vZGVqczIwOnN0YWJsZRJQZXVyb3BlLXdlc3QxLWRvY2tlci5wa2cuZGV2L3NlcnZlcmxlc3MtcnVudGltZXMvZ29vZ2xlLTIyLWZ1bGwvcnVudGltZXMvbm9kZWpzMjBAAQ==","operationType":"UPDATE_FUNCTION","buildName":"projects/402812477660/locations/europe-west1/builds/8677a979-60d7-4bfa-982e-bc51ddffff95"},"done":true,"response":{"@type":"type.googleapis.com/google.cloud.functions.v2.Function","name":"projects/poppin-s-app/locations/europe-west1/functions/sendEmailToParent","buildConfig":{"build":"projects/402812477660/locations/europe-west1/builds/8677a979-60d7-4bfa-982e-bc51ddffff95","runtime":"nodejs20","entryPoint":"sendEmailToParent","source":{"storageSource":{"bucket":"gcf-v2-sources-402812477660-europe-west1","object":"sendEmailToParent/function-source.zip","generation":"1758733973844644"}},"environmentVariables":{"GOOGLE_NODE_RUN_SCRIPTS":""},"dockerRepository":"projects/poppin-s-app/locations/europe-west1/repositories/gcf-artifacts","sourceProvenance":{"resolvedStorageSource":{"bucket":"gcf-v2-sources-402812477660-europe-west1","object":"sendEmailToParent/function-source.zip","generation":"1758733973844644"}},"dockerRegistry":"ARTIFACT_REGISTRY","serviceAccount":"projects/poppin-s-app/serviceAccounts/402812477660-compute@developer.gserviceaccount.com","automaticUpdatePolicy":{}},"serviceConfig":{"service":"projects/poppin-s-app/locations/europe-west1/services/sendemailtoparent","timeoutSeconds":60,"environmentVariables":{"EMAIL_USER":"votre_email@gmail.com","EMAIL_PASSWORD":"votre_mot_de_passe_securise","FIREBASE_CONFIG":"{\"projectId\":\"poppin-s-app\",\"storageBucket\":\"poppin-s-app.firebasestorage.app\"}","GCLOUD_PROJECT":"poppin-s-app","EVENTARC_CLOUD_EVENT_SOURCE":"projects/poppin-s-app/locations/europe-west1/services/sendEmailToParent","FUNCTION_TARGET":"sendEmailToParent","LOG_EXECUTION_ID":"true"},"maxInstanceCount":3,"ingressSettings":"ALLOW_ALL","uri":"https://sendemailtoparent-j3na7x5n2a-ew.a.run.app","serviceAccountEmail":"402812477660-compute@developer.gserviceaccount.com","availableMemory":"256Mi","allTrafficOnLatestRevision":true,"revision":"sendemailtoparent-00014-xuh","maxInstanceRequestConcurrency":80,"availableCpu":"1"},"state":"ACTIVE","updateTime":"2025-09-24T17:12:53.897028435Z","labels":{"deployment-tool":"cli-firebase","deployment-callable":"true","firebase-functions-hash":"ecbaa31c917c1fff03b9ad86e035ea77447bcf99"},"environment":"GEN_2","url":"https://europe-west1-poppin-s-app.cloudfunctions.net/sendEmailToParent","createTime":"2025-06-25T20:52:30.689153625Z","satisfiesPzi":true}}
[debug] [2025-09-24T17:13:50.308Z] Got source token Clhwcm9qZWN0cy80MDI4MTI0Nzc2NjAvbG9jYXRpb25zL2V1cm9wZS13ZXN0MS9idWlsZHMvODY3N2E5NzktNjBkNy00YmZhLTk4MmUtYmM1MWRkZmZmZjk1EnRldXJvcGUtd2VzdDEtZG9ja2VyLnBrZy5kZXYvcG9wcGluLXMtYXBwL2djZi1hcnRpZmFjdHMvcG9wcGluLS1zLS1hcHBfX2V1cm9wZS0td2VzdDFfX3NlbmRfZW1haWxfdG9fcGFyZW50OnZlcnNpb25fMRjcwfrL3AsiSHByb2plY3RzL3BvcHBpbi1zLWFwcC9sb2NhdGlvbnMvZXVyb3BlLXdlc3QxL2Z1bmN0aW9ucy9zZW5kRW1haWxUb1BhcmVudCoMCMDN0MYGEJjK0+4CMghub2RlanMyMDp3CiNnY3IuaW8vZ2FlLXJ1bnRpbWVzL25vZGVqczIwOnN0YWJsZRJQZXVyb3BlLXdlc3QxLWRvY2tlci5wa2cuZGV2L3NlcnZlcmxlc3MtcnVudGltZXMvZ29vZ2xlLTIyLWZ1bGwvcnVudGltZXMvbm9kZWpzMjBAAQ== for region europe-west1
[info] ✔  functions[sendEmailToParent(europe-west1)] Successful update operation. 
[debug] [2025-09-24T17:13:57.418Z] [update-default-europe-west1-testNotification] Retrying task index 0
[debug] [2025-09-24T17:13:57.419Z] Checked if tokens are valid: true, expires at: 1758736880538
[debug] [2025-09-24T17:13:57.419Z] Checked if tokens are valid: true, expires at: 1758736880538
[debug] [2025-09-24T17:13:57.419Z] >>> [apiv2][query] GET https://cloudfunctions.googleapis.com/v2/projects/poppin-s-app/locations/europe-west1/operations/operation-1758734020372-63f8f2c89e9e4-5f59e2bc-ae5bc96a [none]
[debug] [2025-09-24T17:13:57.504Z] [update-default-europe-west1-processEmailQueue] Retrying task index 0
[debug] [2025-09-24T17:13:57.505Z] Checked if tokens are valid: true, expires at: 1758736880538
[debug] [2025-09-24T17:13:57.505Z] Checked if tokens are valid: true, expires at: 1758736880538
[debug] [2025-09-24T17:13:57.505Z] >>> [apiv2][query] GET https://cloudfunctions.googleapis.com/v2/projects/poppin-s-app/locations/europe-west1/operations/operation-1758734020371-63f8f2c89e3b4-2530d91d-0da147f7 [none]
[debug] [2025-09-24T17:13:57.531Z] <<< [apiv2][status] GET https://cloudfunctions.googleapis.com/v2/projects/poppin-s-app/locations/europe-west1/operations/operation-1758734020372-63f8f2c89e9e4-5f59e2bc-ae5bc96a 200
[debug] [2025-09-24T17:13:57.532Z] <<< [apiv2][body] GET https://cloudfunctions.googleapis.com/v2/projects/poppin-s-app/locations/europe-west1/operations/operation-1758734020372-63f8f2c89e9e4-5f59e2bc-ae5bc96a {"name":"projects/poppin-s-app/locations/europe-west1/operations/operation-1758734020372-63f8f2c89e9e4-5f59e2bc-ae5bc96a","metadata":{"@type":"type.googleapis.com/google.cloud.functions.v2.OperationMetadata","createTime":"2025-09-24T17:13:41.579212179Z","endTime":"2025-09-24T17:13:51.053959401Z","target":"projects/poppin-s-app/locations/europe-west1/functions/testNotification","verb":"update","cancelRequested":false,"apiVersion":"v2","requestResource":{"@type":"type.googleapis.com/google.cloud.functions.v2.Function","name":"projects/poppin-s-app/locations/europe-west1/functions/testNotification","buildConfig":{"runtime":"nodejs20","entryPoint":"testNotification","source":{"storageSource":{"bucket":"gcf-v2-sources-402812477660-europe-west1","object":"testNotification/function-source.zip","generation":"1758734021532030"}},"environmentVariables":{"GOOGLE_NODE_RUN_SCRIPTS":""},"dockerRepository":"projects/poppin-s-app/locations/europe-west1/repositories/gcf-artifacts","sourceProvenance":{"resolvedStorageSource":{"bucket":"gcf-v2-sources-402812477660-europe-west1","object":"testNotification/function-source.zip","generation":"1758733376162763"}},"dockerRegistry":"ARTIFACT_REGISTRY","sourceToken":"Clhwcm9qZWN0cy80MDI4MTI0Nzc2NjAvbG9jYXRpb25zL2V1cm9wZS13ZXN0MS9idWlsZHMvODY3N2E5NzktNjBkNy00YmZhLTk4MmUtYmM1MWRkZmZmZjk1EnRldXJvcGUtd2VzdDEtZG9ja2VyLnBrZy5kZXYvcG9wcGluLXMtYXBwL2djZi1hcnRpZmFjdHMvcG9wcGluLS1zLS1hcHBfX2V1cm9wZS0td2VzdDFfX3NlbmRfZW1haWxfdG9fcGFyZW50OnZlcnNpb25fMRjcwfrL3AsiSHByb2plY3RzL3BvcHBpbi1zLWFwcC9sb2NhdGlvbnMvZXVyb3BlLXdlc3QxL2Z1bmN0aW9ucy9zZW5kRW1haWxUb1BhcmVudCoMCMDN0MYGEJjK0+4CMghub2RlanMyMDp3CiNnY3IuaW8vZ2FlLXJ1bnRpbWVzL25vZGVqczIwOnN0YWJsZRJQZXVyb3BlLXdlc3QxLWRvY2tlci5wa2cuZGV2L3NlcnZlcmxlc3MtcnVudGltZXMvZ29vZ2xlLTIyLWZ1bGwvcnVudGltZXMvbm9kZWpzMjBAAQ==","serviceAccount":"projects/poppin-s-app/serviceAccounts/402812477660-compute@developer.gserviceaccount.com","automaticUpdatePolicy":{}},"serviceConfig":{"service":"projects/poppin-s-app/locations/europe-west1/services/testnotification","timeoutSeconds":60,"environmentVariables":{"EMAIL_USER":"votre_email@gmail.com","EMAIL_PASSWORD":"votre_mot_de_passe_securise","FIREBASE_CONFIG":"{\"projectId\":\"poppin-s-app\",\"storageBucket\":\"poppin-s-app.firebasestorage.app\"}","GCLOUD_PROJECT":"poppin-s-app","EVENTARC_CLOUD_EVENT_SOURCE":"projects/poppin-s-app/locations/europe-west1/services/testNotification","FUNCTION_TARGET":"testNotification","LOG_EXECUTION_ID":"true","FUNCTION_SIGNATURE_TYPE":"http"},"ingressSettings":"ALLOW_ALL","uri":"https://testnotification-j3na7x5n2a-ew.a.run.app","serviceAccountEmail":"402812477660-compute@developer.gserviceaccount.com","availableMemory":"256Mi","allTrafficOnLatestRevision":true,"revision":"testnotification-00007-nuf","maxInstanceRequestConcurrency":80,"availableCpu":"1"},"state":"ACTIVE","labels":{"deployment-tool":"cli-firebase","deployment-callable":"true","firebase-functions-hash":"ecbaa31c917c1fff03b9ad86e035ea77447bcf99"},"environment":"GEN_2","url":"https://europe-west1-poppin-s-app.cloudfunctions.net/testNotification","satisfiesPzi":true},"stages":[{"name":"BUILD","message":"Reusing build","state":"COMPLETE","resource":"projects/402812477660/locations/europe-west1/builds/8677a979-60d7-4bfa-982e-bc51ddffff95"},{"name":"SERVICE","message":"Updating Cloud Run service","state":"COMPLETE","resource":"projects/poppin-s-app/locations/europe-west1/services/testnotification","resourceUri":"https://console.cloud.google.com/run/detail/europe-west1/testnotification?project=poppin-s-app","stateMessages":[{"severity":"INFO","type":"CloudRunServiceNewRevisionTrafficInfo","message":"A new revision will be deployed serving with 100% traffic."}]}],"sourceToken":"Clhwcm9qZWN0cy80MDI4MTI0Nzc2NjAvbG9jYXRpb25zL2V1cm9wZS13ZXN0MS9idWlsZHMvODY3N2E5NzktNjBkNy00YmZhLTk4MmUtYmM1MWRkZmZmZjk1EnRldXJvcGUtd2VzdDEtZG9ja2VyLnBrZy5kZXYvcG9wcGluLXMtYXBwL2djZi1hcnRpZmFjdHMvcG9wcGluLS1zLS1hcHBfX2V1cm9wZS0td2VzdDFfX3NlbmRfZW1haWxfdG9fcGFyZW50OnZlcnNpb25fMRjcwfrL3AsiSHByb2plY3RzL3BvcHBpbi1zLWFwcC9sb2NhdGlvbnMvZXVyb3BlLXdlc3QxL2Z1bmN0aW9ucy9zZW5kRW1haWxUb1BhcmVudCoMCMDN0MYGEJjK0+4CMghub2RlanMyMDp3CiNnY3IuaW8vZ2FlLXJ1bnRpbWVzL25vZGVqczIwOnN0YWJsZRJQZXVyb3BlLXdlc3QxLWRvY2tlci5wa2cuZGV2L3NlcnZlcmxlc3MtcnVudGltZXMvZ29vZ2xlLTIyLWZ1bGwvcnVudGltZXMvbm9kZWpzMjBAAQ==","operationType":"UPDATE_FUNCTION","buildName":"projects/402812477660/locations/europe-west1/builds/8677a979-60d7-4bfa-982e-bc51ddffff95"},"done":true,"response":{"@type":"type.googleapis.com/google.cloud.functions.v2.Function","name":"projects/poppin-s-app/locations/europe-west1/functions/testNotification","buildConfig":{"build":"projects/402812477660/locations/europe-west1/builds/8677a979-60d7-4bfa-982e-bc51ddffff95","runtime":"nodejs20","entryPoint":"testNotification","source":{"storageSource":{"bucket":"gcf-v2-sources-402812477660-europe-west1","object":"testNotification/function-source.zip","generation":"1758734021532030"}},"environmentVariables":{"GOOGLE_NODE_RUN_SCRIPTS":""},"dockerRepository":"projects/poppin-s-app/locations/europe-west1/repositories/gcf-artifacts","sourceProvenance":{"resolvedStorageSource":{"bucket":"gcf-v2-sources-402812477660-europe-west1","object":"testNotification/function-source.zip","generation":"1758734021532030"}},"dockerRegistry":"ARTIFACT_REGISTRY","serviceAccount":"projects/poppin-s-app/serviceAccounts/402812477660-compute@developer.gserviceaccount.com","automaticUpdatePolicy":{}},"serviceConfig":{"service":"projects/poppin-s-app/locations/europe-west1/services/testnotification","timeoutSeconds":60,"environmentVariables":{"EMAIL_USER":"votre_email@gmail.com","EMAIL_PASSWORD":"votre_mot_de_passe_securise","FIREBASE_CONFIG":"{\"projectId\":\"poppin-s-app\",\"storageBucket\":\"poppin-s-app.firebasestorage.app\"}","GCLOUD_PROJECT":"poppin-s-app","EVENTARC_CLOUD_EVENT_SOURCE":"projects/poppin-s-app/locations/europe-west1/services/testNotification","FUNCTION_TARGET":"testNotification","LOG_EXECUTION_ID":"true","FUNCTION_SIGNATURE_TYPE":"http"},"maxInstanceCount":3,"ingressSettings":"ALLOW_ALL","uri":"https://testnotification-j3na7x5n2a-ew.a.run.app","serviceAccountEmail":"402812477660-compute@developer.gserviceaccount.com","availableMemory":"256Mi","allTrafficOnLatestRevision":true,"revision":"testnotification-00008-dey","maxInstanceRequestConcurrency":80,"availableCpu":"1"},"state":"ACTIVE","updateTime":"2025-09-24T17:13:41.581971359Z","labels":{"firebase-functions-hash":"ecbaa31c917c1fff03b9ad86e035ea77447bcf99","deployment-tool":"cli-firebase","deployment-callable":"true"},"environment":"GEN_2","url":"https://europe-west1-poppin-s-app.cloudfunctions.net/testNotification","createTime":"2025-09-04T16:07:28.737038751Z","satisfiesPzi":true}}
[debug] [2025-09-24T17:13:57.532Z] Got source token Clhwcm9qZWN0cy80MDI4MTI0Nzc2NjAvbG9jYXRpb25zL2V1cm9wZS13ZXN0MS9idWlsZHMvODY3N2E5NzktNjBkNy00YmZhLTk4MmUtYmM1MWRkZmZmZjk1EnRldXJvcGUtd2VzdDEtZG9ja2VyLnBrZy5kZXYvcG9wcGluLXMtYXBwL2djZi1hcnRpZmFjdHMvcG9wcGluLS1zLS1hcHBfX2V1cm9wZS0td2VzdDFfX3NlbmRfZW1haWxfdG9fcGFyZW50OnZlcnNpb25fMRjcwfrL3AsiSHByb2plY3RzL3BvcHBpbi1zLWFwcC9sb2NhdGlvbnMvZXVyb3BlLXdlc3QxL2Z1bmN0aW9ucy9zZW5kRW1haWxUb1BhcmVudCoMCMDN0MYGEJjK0+4CMghub2RlanMyMDp3CiNnY3IuaW8vZ2FlLXJ1bnRpbWVzL25vZGVqczIwOnN0YWJsZRJQZXVyb3BlLXdlc3QxLWRvY2tlci5wa2cuZGV2L3NlcnZlcmxlc3MtcnVudGltZXMvZ29vZ2xlLTIyLWZ1bGwvcnVudGltZXMvbm9kZWpzMjBAAQ== for region europe-west1
[info] ✔  functions[testNotification(europe-west1)] Successful update operation. 
[debug] [2025-09-24T17:13:57.557Z] [update-default-europe-west1-cleanupOldNotifications] Retrying task index 0
[debug] [2025-09-24T17:13:57.557Z] Checked if tokens are valid: true, expires at: 1758736880538
[debug] [2025-09-24T17:13:57.558Z] Checked if tokens are valid: true, expires at: 1758736880538
[debug] [2025-09-24T17:13:57.558Z] >>> [apiv2][query] GET https://cloudfunctions.googleapis.com/v2/projects/poppin-s-app/locations/europe-west1/operations/operation-1758734020371-63f8f2c89e3e7-25009bb3-85f903c9 [none]
[debug] [2025-09-24T17:13:57.588Z] [update-default-europe-west1-retryFailedEmails] Retrying task index 0
[debug] [2025-09-24T17:13:57.589Z] Checked if tokens are valid: true, expires at: 1758736880538
[debug] [2025-09-24T17:13:57.589Z] Checked if tokens are valid: true, expires at: 1758736880538
[debug] [2025-09-24T17:13:57.589Z] >>> [apiv2][query] GET https://cloudfunctions.googleapis.com/v2/projects/poppin-s-app/locations/europe-west1/operations/operation-1758734020361-63f8f2c89bd41-3872ef92-9d395aea [none]
[debug] [2025-09-24T17:13:57.597Z] <<< [apiv2][status] GET https://cloudfunctions.googleapis.com/v2/projects/poppin-s-app/locations/europe-west1/operations/operation-1758734020371-63f8f2c89e3b4-2530d91d-0da147f7 200
[debug] [2025-09-24T17:13:57.597Z] <<< [apiv2][body] GET https://cloudfunctions.googleapis.com/v2/projects/poppin-s-app/locations/europe-west1/operations/operation-1758734020371-63f8f2c89e3b4-2530d91d-0da147f7 {"name":"projects/poppin-s-app/locations/europe-west1/operations/operation-1758734020371-63f8f2c89e3b4-2530d91d-0da147f7","metadata":{"@type":"type.googleapis.com/google.cloud.functions.v2.OperationMetadata","createTime":"2025-09-24T17:13:41.628159156Z","endTime":"2025-09-24T17:13:49.811502801Z","target":"projects/poppin-s-app/locations/europe-west1/functions/processEmailQueue","verb":"update","cancelRequested":false,"apiVersion":"v2","requestResource":{"@type":"type.googleapis.com/google.cloud.functions.v2.Function","name":"projects/poppin-s-app/locations/europe-west1/functions/processEmailQueue","buildConfig":{"runtime":"nodejs20","entryPoint":"processEmailQueue","source":{"storageSource":{"bucket":"gcf-v2-sources-402812477660-europe-west1","object":"processEmailQueue/function-source.zip","generation":"1758734021576919"}},"environmentVariables":{"GOOGLE_NODE_RUN_SCRIPTS":""},"dockerRepository":"projects/poppin-s-app/locations/europe-west1/repositories/gcf-artifacts","sourceProvenance":{"resolvedStorageSource":{"bucket":"gcf-v2-sources-402812477660-europe-west1","object":"processEmailQueue/function-source.zip","generation":"1758733376362802"}},"dockerRegistry":"ARTIFACT_REGISTRY","sourceToken":"Clhwcm9qZWN0cy80MDI4MTI0Nzc2NjAvbG9jYXRpb25zL2V1cm9wZS13ZXN0MS9idWlsZHMvODY3N2E5NzktNjBkNy00YmZhLTk4MmUtYmM1MWRkZmZmZjk1EnRldXJvcGUtd2VzdDEtZG9ja2VyLnBrZy5kZXYvcG9wcGluLXMtYXBwL2djZi1hcnRpZmFjdHMvcG9wcGluLS1zLS1hcHBfX2V1cm9wZS0td2VzdDFfX3NlbmRfZW1haWxfdG9fcGFyZW50OnZlcnNpb25fMRjcwfrL3AsiSHByb2plY3RzL3BvcHBpbi1zLWFwcC9sb2NhdGlvbnMvZXVyb3BlLXdlc3QxL2Z1bmN0aW9ucy9zZW5kRW1haWxUb1BhcmVudCoMCMDN0MYGEJjK0+4CMghub2RlanMyMDp3CiNnY3IuaW8vZ2FlLXJ1bnRpbWVzL25vZGVqczIwOnN0YWJsZRJQZXVyb3BlLXdlc3QxLWRvY2tlci5wa2cuZGV2L3NlcnZlcmxlc3MtcnVudGltZXMvZ29vZ2xlLTIyLWZ1bGwvcnVudGltZXMvbm9kZWpzMjBAAQ==","serviceAccount":"projects/poppin-s-app/serviceAccounts/402812477660-compute@developer.gserviceaccount.com","automaticUpdatePolicy":{}},"serviceConfig":{"service":"projects/poppin-s-app/locations/europe-west1/services/processemailqueue","timeoutSeconds":60,"environmentVariables":{"EMAIL_USER":"votre_email@gmail.com","EMAIL_PASSWORD":"votre_mot_de_passe_securise","FIREBASE_CONFIG":"{\"projectId\":\"poppin-s-app\",\"storageBucket\":\"poppin-s-app.firebasestorage.app\"}","GCLOUD_PROJECT":"poppin-s-app","EVENTARC_CLOUD_EVENT_SOURCE":"projects/poppin-s-app/locations/europe-west1/services/processEmailQueue","FUNCTION_SIGNATURE_TYPE":"cloudevent","FUNCTION_TARGET":"processEmailQueue","LOG_EXECUTION_ID":"true"},"ingressSettings":"ALLOW_ALL","uri":"https://processemailqueue-j3na7x5n2a-ew.a.run.app","serviceAccountEmail":"402812477660-compute@developer.gserviceaccount.com","availableMemory":"256Mi","allTrafficOnLatestRevision":true,"revision":"processemailqueue-00013-kub","maxInstanceRequestConcurrency":80,"availableCpu":"1"},"eventTrigger":{"trigger":"projects/poppin-s-app/locations/europe-west9/triggers/processemailqueue-666587","triggerRegion":"europe-west9","eventType":"google.cloud.firestore.document.v1.created","eventFilters":[{"attribute":"database","value":"(default)"},{"attribute":"namespace","value":"(default)"},{"attribute":"document","value":"emailQueue/{emailId}","operator":"match-path-pattern"}],"pubsubTopic":"projects/poppin-s-app/topics/eventarc-europe-west9-processemailqueue-666587-377","serviceAccountEmail":"402812477660-compute@developer.gserviceaccount.com","retryPolicy":"RETRY_POLICY_DO_NOT_RETRY"},"state":"ACTIVE","labels":{"deployment-tool":"cli-firebase","firebase-functions-hash":"ecbaa31c917c1fff03b9ad86e035ea77447bcf99"},"environment":"GEN_2","url":"https://europe-west1-poppin-s-app.cloudfunctions.net/processEmailQueue","satisfiesPzi":true},"stages":[{"name":"BUILD","message":"Reusing build","state":"COMPLETE","resource":"projects/402812477660/locations/europe-west1/builds/8677a979-60d7-4bfa-982e-bc51ddffff95"},{"name":"SERVICE","message":"Updating Cloud Run service","state":"COMPLETE","resource":"projects/poppin-s-app/locations/europe-west1/services/processemailqueue","resourceUri":"https://console.cloud.google.com/run/detail/europe-west1/processemailqueue?project=poppin-s-app","stateMessages":[{"severity":"INFO","type":"CloudRunServiceNewRevisionTrafficInfo","message":"A new revision will be deployed serving with 100% traffic."}]},{"name":"TRIGGER","state":"NOT_STARTED"}],"sourceToken":"Clhwcm9qZWN0cy80MDI4MTI0Nzc2NjAvbG9jYXRpb25zL2V1cm9wZS13ZXN0MS9idWlsZHMvODY3N2E5NzktNjBkNy00YmZhLTk4MmUtYmM1MWRkZmZmZjk1EnRldXJvcGUtd2VzdDEtZG9ja2VyLnBrZy5kZXYvcG9wcGluLXMtYXBwL2djZi1hcnRpZmFjdHMvcG9wcGluLS1zLS1hcHBfX2V1cm9wZS0td2VzdDFfX3NlbmRfZW1haWxfdG9fcGFyZW50OnZlcnNpb25fMRjcwfrL3AsiSHByb2plY3RzL3BvcHBpbi1zLWFwcC9sb2NhdGlvbnMvZXVyb3BlLXdlc3QxL2Z1bmN0aW9ucy9zZW5kRW1haWxUb1BhcmVudCoMCMDN0MYGEJjK0+4CMghub2RlanMyMDp3CiNnY3IuaW8vZ2FlLXJ1bnRpbWVzL25vZGVqczIwOnN0YWJsZRJQZXVyb3BlLXdlc3QxLWRvY2tlci5wa2cuZGV2L3NlcnZlcmxlc3MtcnVudGltZXMvZ29vZ2xlLTIyLWZ1bGwvcnVudGltZXMvbm9kZWpzMjBAAQ==","operationType":"UPDATE_FUNCTION","buildName":"projects/402812477660/locations/europe-west1/builds/8677a979-60d7-4bfa-982e-bc51ddffff95"},"done":true,"response":{"@type":"type.googleapis.com/google.cloud.functions.v2.Function","name":"projects/poppin-s-app/locations/europe-west1/functions/processEmailQueue","buildConfig":{"build":"projects/402812477660/locations/europe-west1/builds/8677a979-60d7-4bfa-982e-bc51ddffff95","runtime":"nodejs20","entryPoint":"processEmailQueue","source":{"storageSource":{"bucket":"gcf-v2-sources-402812477660-europe-west1","object":"processEmailQueue/function-source.zip","generation":"1758734021576919"}},"environmentVariables":{"GOOGLE_NODE_RUN_SCRIPTS":""},"dockerRepository":"projects/poppin-s-app/locations/europe-west1/repositories/gcf-artifacts","sourceProvenance":{"resolvedStorageSource":{"bucket":"gcf-v2-sources-402812477660-europe-west1","object":"processEmailQueue/function-source.zip","generation":"1758734021576919"}},"dockerRegistry":"ARTIFACT_REGISTRY","serviceAccount":"projects/poppin-s-app/serviceAccounts/402812477660-compute@developer.gserviceaccount.com","automaticUpdatePolicy":{}},"serviceConfig":{"service":"projects/poppin-s-app/locations/europe-west1/services/processemailqueue","timeoutSeconds":60,"environmentVariables":{"EMAIL_USER":"votre_email@gmail.com","EMAIL_PASSWORD":"votre_mot_de_passe_securise","FIREBASE_CONFIG":"{\"projectId\":\"poppin-s-app\",\"storageBucket\":\"poppin-s-app.firebasestorage.app\"}","GCLOUD_PROJECT":"poppin-s-app","EVENTARC_CLOUD_EVENT_SOURCE":"projects/poppin-s-app/locations/europe-west1/services/processEmailQueue","FUNCTION_SIGNATURE_TYPE":"cloudevent","FUNCTION_TARGET":"processEmailQueue","LOG_EXECUTION_ID":"true"},"maxInstanceCount":3,"ingressSettings":"ALLOW_ALL","uri":"https://processemailqueue-j3na7x5n2a-ew.a.run.app","serviceAccountEmail":"402812477660-compute@developer.gserviceaccount.com","availableMemory":"256Mi","allTrafficOnLatestRevision":true,"revision":"processemailqueue-00014-puv","maxInstanceRequestConcurrency":80,"availableCpu":"1"},"eventTrigger":{"trigger":"projects/poppin-s-app/locations/europe-west9/triggers/processemailqueue-666587","triggerRegion":"europe-west9","eventType":"google.cloud.firestore.document.v1.created","eventFilters":[{"attribute":"namespace","value":"(default)"},{"attribute":"document","value":"emailQueue/{emailId}","operator":"match-path-pattern"},{"attribute":"database","value":"(default)"}],"pubsubTopic":"projects/poppin-s-app/topics/eventarc-europe-west9-processemailqueue-666587-377","serviceAccountEmail":"402812477660-compute@developer.gserviceaccount.com","retryPolicy":"RETRY_POLICY_DO_NOT_RETRY"},"state":"ACTIVE","updateTime":"2025-09-24T17:13:41.630612316Z","labels":{"deployment-tool":"cli-firebase","firebase-functions-hash":"ecbaa31c917c1fff03b9ad86e035ea77447bcf99"},"environment":"GEN_2","url":"https://europe-west1-poppin-s-app.cloudfunctions.net/processEmailQueue","createTime":"2025-06-02T14:50:57.381214105Z","satisfiesPzi":true}}
[debug] [2025-09-24T17:13:57.597Z] Got source token Clhwcm9qZWN0cy80MDI4MTI0Nzc2NjAvbG9jYXRpb25zL2V1cm9wZS13ZXN0MS9idWlsZHMvODY3N2E5NzktNjBkNy00YmZhLTk4MmUtYmM1MWRkZmZmZjk1EnRldXJvcGUtd2VzdDEtZG9ja2VyLnBrZy5kZXYvcG9wcGluLXMtYXBwL2djZi1hcnRpZmFjdHMvcG9wcGluLS1zLS1hcHBfX2V1cm9wZS0td2VzdDFfX3NlbmRfZW1haWxfdG9fcGFyZW50OnZlcnNpb25fMRjcwfrL3AsiSHByb2plY3RzL3BvcHBpbi1zLWFwcC9sb2NhdGlvbnMvZXVyb3BlLXdlc3QxL2Z1bmN0aW9ucy9zZW5kRW1haWxUb1BhcmVudCoMCMDN0MYGEJjK0+4CMghub2RlanMyMDp3CiNnY3IuaW8vZ2FlLXJ1bnRpbWVzL25vZGVqczIwOnN0YWJsZRJQZXVyb3BlLXdlc3QxLWRvY2tlci5wa2cuZGV2L3NlcnZlcmxlc3MtcnVudGltZXMvZ29vZ2xlLTIyLWZ1bGwvcnVudGltZXMvbm9kZWpzMjBAAQ== for region europe-west1
[info] ✔  functions[processEmailQueue(europe-west1)] Successful update operation. 
[debug] [2025-09-24T17:13:57.610Z] <<< [apiv2][status] GET https://cloudfunctions.googleapis.com/v2/projects/poppin-s-app/locations/europe-west1/operations/operation-1758734020371-63f8f2c89e3e7-25009bb3-85f903c9 200
[debug] [2025-09-24T17:13:57.611Z] <<< [apiv2][body] GET https://cloudfunctions.googleapis.com/v2/projects/poppin-s-app/locations/europe-west1/operations/operation-1758734020371-63f8f2c89e3e7-25009bb3-85f903c9 {"name":"projects/poppin-s-app/locations/europe-west1/operations/operation-1758734020371-63f8f2c89e3e7-25009bb3-85f903c9","metadata":{"@type":"type.googleapis.com/google.cloud.functions.v2.OperationMetadata","createTime":"2025-09-24T17:13:41.684799604Z","endTime":"2025-09-24T17:13:49.829430040Z","target":"projects/poppin-s-app/locations/europe-west1/functions/cleanupOldNotifications","verb":"update","cancelRequested":false,"apiVersion":"v2","requestResource":{"@type":"type.googleapis.com/google.cloud.functions.v2.Function","name":"projects/poppin-s-app/locations/europe-west1/functions/cleanupOldNotifications","buildConfig":{"runtime":"nodejs20","entryPoint":"cleanupOldNotifications","source":{"storageSource":{"bucket":"gcf-v2-sources-402812477660-europe-west1","object":"cleanupOldNotifications/function-source.zip","generation":"1758734021645404"}},"environmentVariables":{"GOOGLE_NODE_RUN_SCRIPTS":""},"dockerRepository":"projects/poppin-s-app/locations/europe-west1/repositories/gcf-artifacts","sourceProvenance":{"resolvedStorageSource":{"bucket":"gcf-v2-sources-402812477660-europe-west1","object":"cleanupOldNotifications/function-source.zip","generation":"1758733376222472"}},"dockerRegistry":"ARTIFACT_REGISTRY","sourceToken":"Clhwcm9qZWN0cy80MDI4MTI0Nzc2NjAvbG9jYXRpb25zL2V1cm9wZS13ZXN0MS9idWlsZHMvODY3N2E5NzktNjBkNy00YmZhLTk4MmUtYmM1MWRkZmZmZjk1EnRldXJvcGUtd2VzdDEtZG9ja2VyLnBrZy5kZXYvcG9wcGluLXMtYXBwL2djZi1hcnRpZmFjdHMvcG9wcGluLS1zLS1hcHBfX2V1cm9wZS0td2VzdDFfX3NlbmRfZW1haWxfdG9fcGFyZW50OnZlcnNpb25fMRjcwfrL3AsiSHByb2plY3RzL3BvcHBpbi1zLWFwcC9sb2NhdGlvbnMvZXVyb3BlLXdlc3QxL2Z1bmN0aW9ucy9zZW5kRW1haWxUb1BhcmVudCoMCMDN0MYGEJjK0+4CMghub2RlanMyMDp3CiNnY3IuaW8vZ2FlLXJ1bnRpbWVzL25vZGVqczIwOnN0YWJsZRJQZXVyb3BlLXdlc3QxLWRvY2tlci5wa2cuZGV2L3NlcnZlcmxlc3MtcnVudGltZXMvZ29vZ2xlLTIyLWZ1bGwvcnVudGltZXMvbm9kZWpzMjBAAQ==","serviceAccount":"projects/poppin-s-app/serviceAccounts/402812477660-compute@developer.gserviceaccount.com","automaticUpdatePolicy":{}},"serviceConfig":{"service":"projects/poppin-s-app/locations/europe-west1/services/cleanupoldnotifications","timeoutSeconds":60,"environmentVariables":{"EMAIL_USER":"votre_email@gmail.com","EMAIL_PASSWORD":"votre_mot_de_passe_securise","FIREBASE_CONFIG":"{\"projectId\":\"poppin-s-app\",\"storageBucket\":\"poppin-s-app.firebasestorage.app\"}","GCLOUD_PROJECT":"poppin-s-app","EVENTARC_CLOUD_EVENT_SOURCE":"projects/poppin-s-app/locations/europe-west1/services/cleanupOldNotifications","FUNCTION_TARGET":"cleanupOldNotifications","LOG_EXECUTION_ID":"true","FUNCTION_SIGNATURE_TYPE":"http"},"ingressSettings":"ALLOW_ALL","uri":"https://cleanupoldnotifications-j3na7x5n2a-ew.a.run.app","serviceAccountEmail":"402812477660-compute@developer.gserviceaccount.com","availableMemory":"256Mi","allTrafficOnLatestRevision":true,"revision":"cleanupoldnotifications-00007-qus","maxInstanceRequestConcurrency":80,"availableCpu":"1"},"state":"ACTIVE","labels":{"deployment-tool":"cli-firebase","deployment-scheduled":"true","firebase-functions-hash":"ecbaa31c917c1fff03b9ad86e035ea77447bcf99"},"environment":"GEN_2","url":"https://europe-west1-poppin-s-app.cloudfunctions.net/cleanupOldNotifications","satisfiesPzi":true},"stages":[{"name":"BUILD","message":"Reusing build","state":"COMPLETE","resource":"projects/402812477660/locations/europe-west1/builds/8677a979-60d7-4bfa-982e-bc51ddffff95"},{"name":"SERVICE","message":"Updating Cloud Run service","state":"COMPLETE","resource":"projects/poppin-s-app/locations/europe-west1/services/cleanupoldnotifications","resourceUri":"https://console.cloud.google.com/run/detail/europe-west1/cleanupoldnotifications?project=poppin-s-app","stateMessages":[{"severity":"INFO","type":"CloudRunServiceNewRevisionTrafficInfo","message":"A new revision will be deployed serving with 100% traffic."}]}],"sourceToken":"Clhwcm9qZWN0cy80MDI4MTI0Nzc2NjAvbG9jYXRpb25zL2V1cm9wZS13ZXN0MS9idWlsZHMvODY3N2E5NzktNjBkNy00YmZhLTk4MmUtYmM1MWRkZmZmZjk1EnRldXJvcGUtd2VzdDEtZG9ja2VyLnBrZy5kZXYvcG9wcGluLXMtYXBwL2djZi1hcnRpZmFjdHMvcG9wcGluLS1zLS1hcHBfX2V1cm9wZS0td2VzdDFfX3NlbmRfZW1haWxfdG9fcGFyZW50OnZlcnNpb25fMRjcwfrL3AsiSHByb2plY3RzL3BvcHBpbi1zLWFwcC9sb2NhdGlvbnMvZXVyb3BlLXdlc3QxL2Z1bmN0aW9ucy9zZW5kRW1haWxUb1BhcmVudCoMCMDN0MYGEJjK0+4CMghub2RlanMyMDp3CiNnY3IuaW8vZ2FlLXJ1bnRpbWVzL25vZGVqczIwOnN0YWJsZRJQZXVyb3BlLXdlc3QxLWRvY2tlci5wa2cuZGV2L3NlcnZlcmxlc3MtcnVudGltZXMvZ29vZ2xlLTIyLWZ1bGwvcnVudGltZXMvbm9kZWpzMjBAAQ==","operationType":"UPDATE_FUNCTION","buildName":"projects/402812477660/locations/europe-west1/builds/8677a979-60d7-4bfa-982e-bc51ddffff95"},"done":true,"response":{"@type":"type.googleapis.com/google.cloud.functions.v2.Function","name":"projects/poppin-s-app/locations/europe-west1/functions/cleanupOldNotifications","buildConfig":{"build":"projects/402812477660/locations/europe-west1/builds/8677a979-60d7-4bfa-982e-bc51ddffff95","runtime":"nodejs20","entryPoint":"cleanupOldNotifications","source":{"storageSource":{"bucket":"gcf-v2-sources-402812477660-europe-west1","object":"cleanupOldNotifications/function-source.zip","generation":"1758734021645404"}},"environmentVariables":{"GOOGLE_NODE_RUN_SCRIPTS":""},"dockerRepository":"projects/poppin-s-app/locations/europe-west1/repositories/gcf-artifacts","sourceProvenance":{"resolvedStorageSource":{"bucket":"gcf-v2-sources-402812477660-europe-west1","object":"cleanupOldNotifications/function-source.zip","generation":"1758734021645404"}},"dockerRegistry":"ARTIFACT_REGISTRY","serviceAccount":"projects/poppin-s-app/serviceAccounts/402812477660-compute@developer.gserviceaccount.com","automaticUpdatePolicy":{}},"serviceConfig":{"service":"projects/poppin-s-app/locations/europe-west1/services/cleanupoldnotifications","timeoutSeconds":60,"environmentVariables":{"EMAIL_USER":"votre_email@gmail.com","EMAIL_PASSWORD":"votre_mot_de_passe_securise","FIREBASE_CONFIG":"{\"projectId\":\"poppin-s-app\",\"storageBucket\":\"poppin-s-app.firebasestorage.app\"}","GCLOUD_PROJECT":"poppin-s-app","EVENTARC_CLOUD_EVENT_SOURCE":"projects/poppin-s-app/locations/europe-west1/services/cleanupOldNotifications","FUNCTION_TARGET":"cleanupOldNotifications","LOG_EXECUTION_ID":"true","FUNCTION_SIGNATURE_TYPE":"http"},"maxInstanceCount":3,"ingressSettings":"ALLOW_ALL","uri":"https://cleanupoldnotifications-j3na7x5n2a-ew.a.run.app","serviceAccountEmail":"402812477660-compute@developer.gserviceaccount.com","availableMemory":"256Mi","allTrafficOnLatestRevision":true,"revision":"cleanupoldnotifications-00008-rec","maxInstanceRequestConcurrency":80,"availableCpu":"1"},"state":"ACTIVE","updateTime":"2025-09-24T17:13:41.686633294Z","labels":{"deployment-tool":"cli-firebase","deployment-scheduled":"true","firebase-functions-hash":"ecbaa31c917c1fff03b9ad86e035ea77447bcf99"},"environment":"GEN_2","url":"https://europe-west1-poppin-s-app.cloudfunctions.net/cleanupOldNotifications","createTime":"2025-09-04T16:07:28.778530291Z","satisfiesPzi":true}}
[debug] [2025-09-24T17:13:57.611Z] Got source token Clhwcm9qZWN0cy80MDI4MTI0Nzc2NjAvbG9jYXRpb25zL2V1cm9wZS13ZXN0MS9idWlsZHMvODY3N2E5NzktNjBkNy00YmZhLTk4MmUtYmM1MWRkZmZmZjk1EnRldXJvcGUtd2VzdDEtZG9ja2VyLnBrZy5kZXYvcG9wcGluLXMtYXBwL2djZi1hcnRpZmFjdHMvcG9wcGluLS1zLS1hcHBfX2V1cm9wZS0td2VzdDFfX3NlbmRfZW1haWxfdG9fcGFyZW50OnZlcnNpb25fMRjcwfrL3AsiSHByb2plY3RzL3BvcHBpbi1zLWFwcC9sb2NhdGlvbnMvZXVyb3BlLXdlc3QxL2Z1bmN0aW9ucy9zZW5kRW1haWxUb1BhcmVudCoMCMDN0MYGEJjK0+4CMghub2RlanMyMDp3CiNnY3IuaW8vZ2FlLXJ1bnRpbWVzL25vZGVqczIwOnN0YWJsZRJQZXVyb3BlLXdlc3QxLWRvY2tlci5wa2cuZGV2L3NlcnZlcmxlc3MtcnVudGltZXMvZ29vZ2xlLTIyLWZ1bGwvcnVudGltZXMvbm9kZWpzMjBAAQ== for region europe-west1
[debug] [2025-09-24T17:13:57.612Z] Checked if tokens are valid: true, expires at: 1758736880538
[debug] [2025-09-24T17:13:57.612Z] Checked if tokens are valid: true, expires at: 1758736880538
[debug] [2025-09-24T17:13:57.612Z] >>> [apiv2][query] GET https://compute.googleapis.com/compute/v1/projects/402812477660 [none]
[debug] [2025-09-24T17:13:57.734Z] <<< [apiv2][status] GET https://cloudfunctions.googleapis.com/v2/projects/poppin-s-app/locations/europe-west1/operations/operation-1758734020361-63f8f2c89bd41-3872ef92-9d395aea 200
[debug] [2025-09-24T17:13:57.735Z] <<< [apiv2][body] GET https://cloudfunctions.googleapis.com/v2/projects/poppin-s-app/locations/europe-west1/operations/operation-1758734020361-63f8f2c89bd41-3872ef92-9d395aea {"name":"projects/poppin-s-app/locations/europe-west1/operations/operation-1758734020361-63f8f2c89bd41-3872ef92-9d395aea","metadata":{"@type":"type.googleapis.com/google.cloud.functions.v2.OperationMetadata","createTime":"2025-09-24T17:13:41.783549715Z","endTime":"2025-09-24T17:13:50.087667593Z","target":"projects/poppin-s-app/locations/europe-west1/functions/retryFailedEmails","verb":"update","cancelRequested":false,"apiVersion":"v2","requestResource":{"@type":"type.googleapis.com/google.cloud.functions.v2.Function","name":"projects/poppin-s-app/locations/europe-west1/functions/retryFailedEmails","buildConfig":{"runtime":"nodejs20","entryPoint":"retryFailedEmails","source":{"storageSource":{"bucket":"gcf-v2-sources-402812477660-europe-west1","object":"retryFailedEmails/function-source.zip","generation":"1758734021741000"}},"environmentVariables":{"GOOGLE_NODE_RUN_SCRIPTS":""},"dockerRepository":"projects/poppin-s-app/locations/europe-west1/repositories/gcf-artifacts","sourceProvenance":{"resolvedStorageSource":{"bucket":"gcf-v2-sources-402812477660-europe-west1","object":"retryFailedEmails/function-source.zip","generation":"1758733376031637"}},"dockerRegistry":"ARTIFACT_REGISTRY","sourceToken":"Clhwcm9qZWN0cy80MDI4MTI0Nzc2NjAvbG9jYXRpb25zL2V1cm9wZS13ZXN0MS9idWlsZHMvODY3N2E5NzktNjBkNy00YmZhLTk4MmUtYmM1MWRkZmZmZjk1EnRldXJvcGUtd2VzdDEtZG9ja2VyLnBrZy5kZXYvcG9wcGluLXMtYXBwL2djZi1hcnRpZmFjdHMvcG9wcGluLS1zLS1hcHBfX2V1cm9wZS0td2VzdDFfX3NlbmRfZW1haWxfdG9fcGFyZW50OnZlcnNpb25fMRjcwfrL3AsiSHByb2plY3RzL3BvcHBpbi1zLWFwcC9sb2NhdGlvbnMvZXVyb3BlLXdlc3QxL2Z1bmN0aW9ucy9zZW5kRW1haWxUb1BhcmVudCoMCMDN0MYGEJjK0+4CMghub2RlanMyMDp3CiNnY3IuaW8vZ2FlLXJ1bnRpbWVzL25vZGVqczIwOnN0YWJsZRJQZXVyb3BlLXdlc3QxLWRvY2tlci5wa2cuZGV2L3NlcnZlcmxlc3MtcnVudGltZXMvZ29vZ2xlLTIyLWZ1bGwvcnVudGltZXMvbm9kZWpzMjBAAQ==","serviceAccount":"projects/poppin-s-app/serviceAccounts/402812477660-compute@developer.gserviceaccount.com","automaticUpdatePolicy":{}},"serviceConfig":{"service":"projects/poppin-s-app/locations/europe-west1/services/retryfailedemails","timeoutSeconds":60,"environmentVariables":{"EMAIL_USER":"votre_email@gmail.com","EMAIL_PASSWORD":"votre_mot_de_passe_securise","FIREBASE_CONFIG":"{\"projectId\":\"poppin-s-app\",\"storageBucket\":\"poppin-s-app.firebasestorage.app\"}","GCLOUD_PROJECT":"poppin-s-app","EVENTARC_CLOUD_EVENT_SOURCE":"projects/poppin-s-app/locations/europe-west1/services/retryFailedEmails","FUNCTION_TARGET":"retryFailedEmails","LOG_EXECUTION_ID":"true","FUNCTION_SIGNATURE_TYPE":"http"},"ingressSettings":"ALLOW_ALL","uri":"https://retryfailedemails-j3na7x5n2a-ew.a.run.app","serviceAccountEmail":"402812477660-compute@developer.gserviceaccount.com","availableMemory":"256Mi","allTrafficOnLatestRevision":true,"revision":"retryfailedemails-00013-tip","maxInstanceRequestConcurrency":80,"availableCpu":"1"},"state":"ACTIVE","labels":{"deployment-tool":"cli-firebase","deployment-scheduled":"true","firebase-functions-hash":"ecbaa31c917c1fff03b9ad86e035ea77447bcf99"},"environment":"GEN_2","url":"https://europe-west1-poppin-s-app.cloudfunctions.net/retryFailedEmails","satisfiesPzi":true},"stages":[{"name":"BUILD","message":"Reusing build","state":"COMPLETE","resource":"projects/402812477660/locations/europe-west1/builds/8677a979-60d7-4bfa-982e-bc51ddffff95"},{"name":"SERVICE","message":"Updating Cloud Run service","state":"COMPLETE","resource":"projects/poppin-s-app/locations/europe-west1/services/retryfailedemails","resourceUri":"https://console.cloud.google.com/run/detail/europe-west1/retryfailedemails?project=poppin-s-app","stateMessages":[{"severity":"INFO","type":"CloudRunServiceNewRevisionTrafficInfo","message":"A new revision will be deployed serving with 100% traffic."}]}],"sourceToken":"Clhwcm9qZWN0cy80MDI4MTI0Nzc2NjAvbG9jYXRpb25zL2V1cm9wZS13ZXN0MS9idWlsZHMvODY3N2E5NzktNjBkNy00YmZhLTk4MmUtYmM1MWRkZmZmZjk1EnRldXJvcGUtd2VzdDEtZG9ja2VyLnBrZy5kZXYvcG9wcGluLXMtYXBwL2djZi1hcnRpZmFjdHMvcG9wcGluLS1zLS1hcHBfX2V1cm9wZS0td2VzdDFfX3NlbmRfZW1haWxfdG9fcGFyZW50OnZlcnNpb25fMRjcwfrL3AsiSHByb2plY3RzL3BvcHBpbi1zLWFwcC9sb2NhdGlvbnMvZXVyb3BlLXdlc3QxL2Z1bmN0aW9ucy9zZW5kRW1haWxUb1BhcmVudCoMCMDN0MYGEJjK0+4CMghub2RlanMyMDp3CiNnY3IuaW8vZ2FlLXJ1bnRpbWVzL25vZGVqczIwOnN0YWJsZRJQZXVyb3BlLXdlc3QxLWRvY2tlci5wa2cuZGV2L3NlcnZlcmxlc3MtcnVudGltZXMvZ29vZ2xlLTIyLWZ1bGwvcnVudGltZXMvbm9kZWpzMjBAAQ==","operationType":"UPDATE_FUNCTION","buildName":"projects/402812477660/locations/europe-west1/builds/8677a979-60d7-4bfa-982e-bc51ddffff95"},"done":true,"response":{"@type":"type.googleapis.com/google.cloud.functions.v2.Function","name":"projects/poppin-s-app/locations/europe-west1/functions/retryFailedEmails","buildConfig":{"build":"projects/402812477660/locations/europe-west1/builds/8677a979-60d7-4bfa-982e-bc51ddffff95","runtime":"nodejs20","entryPoint":"retryFailedEmails","source":{"storageSource":{"bucket":"gcf-v2-sources-402812477660-europe-west1","object":"retryFailedEmails/function-source.zip","generation":"1758734021741000"}},"environmentVariables":{"GOOGLE_NODE_RUN_SCRIPTS":""},"dockerRepository":"projects/poppin-s-app/locations/europe-west1/repositories/gcf-artifacts","sourceProvenance":{"resolvedStorageSource":{"bucket":"gcf-v2-sources-402812477660-europe-west1","object":"retryFailedEmails/function-source.zip","generation":"1758734021741000"}},"dockerRegistry":"ARTIFACT_REGISTRY","serviceAccount":"projects/poppin-s-app/serviceAccounts/402812477660-compute@developer.gserviceaccount.com","automaticUpdatePolicy":{}},"serviceConfig":{"service":"projects/poppin-s-app/locations/europe-west1/services/retryfailedemails","timeoutSeconds":60,"environmentVariables":{"EMAIL_USER":"votre_email@gmail.com","EMAIL_PASSWORD":"votre_mot_de_passe_securise","FIREBASE_CONFIG":"{\"projectId\":\"poppin-s-app\",\"storageBucket\":\"poppin-s-app.firebasestorage.app\"}","GCLOUD_PROJECT":"poppin-s-app","EVENTARC_CLOUD_EVENT_SOURCE":"projects/poppin-s-app/locations/europe-west1/services/retryFailedEmails","FUNCTION_TARGET":"retryFailedEmails","LOG_EXECUTION_ID":"true","FUNCTION_SIGNATURE_TYPE":"http"},"maxInstanceCount":3,"ingressSettings":"ALLOW_ALL","uri":"https://retryfailedemails-j3na7x5n2a-ew.a.run.app","serviceAccountEmail":"402812477660-compute@developer.gserviceaccount.com","availableMemory":"256Mi","allTrafficOnLatestRevision":true,"revision":"retryfailedemails-00014-nuw","maxInstanceRequestConcurrency":80,"availableCpu":"1"},"state":"ACTIVE","updateTime":"2025-09-24T17:13:41.785237125Z","labels":{"deployment-tool":"cli-firebase","deployment-scheduled":"true","firebase-functions-hash":"ecbaa31c917c1fff03b9ad86e035ea77447bcf99"},"environment":"GEN_2","url":"https://europe-west1-poppin-s-app.cloudfunctions.net/retryFailedEmails","createTime":"2025-06-02T14:51:54.376421419Z","satisfiesPzi":true}}
[debug] [2025-09-24T17:13:57.735Z] Got source token Clhwcm9qZWN0cy80MDI4MTI0Nzc2NjAvbG9jYXRpb25zL2V1cm9wZS13ZXN0MS9idWlsZHMvODY3N2E5NzktNjBkNy00YmZhLTk4MmUtYmM1MWRkZmZmZjk1EnRldXJvcGUtd2VzdDEtZG9ja2VyLnBrZy5kZXYvcG9wcGluLXMtYXBwL2djZi1hcnRpZmFjdHMvcG9wcGluLS1zLS1hcHBfX2V1cm9wZS0td2VzdDFfX3NlbmRfZW1haWxfdG9fcGFyZW50OnZlcnNpb25fMRjcwfrL3AsiSHByb2plY3RzL3BvcHBpbi1zLWFwcC9sb2NhdGlvbnMvZXVyb3BlLXdlc3QxL2Z1bmN0aW9ucy9zZW5kRW1haWxUb1BhcmVudCoMCMDN0MYGEJjK0+4CMghub2RlanMyMDp3CiNnY3IuaW8vZ2FlLXJ1bnRpbWVzL25vZGVqczIwOnN0YWJsZRJQZXVyb3BlLXdlc3QxLWRvY2tlci5wa2cuZGV2L3NlcnZlcmxlc3MtcnVudGltZXMvZ29vZ2xlLTIyLWZ1bGwvcnVudGltZXMvbm9kZWpzMjBAAQ== for region europe-west1
[debug] [2025-09-24T17:13:57.736Z] Checked if tokens are valid: true, expires at: 1758736880538
[debug] [2025-09-24T17:13:57.736Z] Checked if tokens are valid: true, expires at: 1758736880538
[debug] [2025-09-24T17:13:57.736Z] >>> [apiv2][query] GET https://compute.googleapis.com/compute/v1/projects/402812477660 [none]
[debug] [2025-09-24T17:13:57.739Z] [update-default-europe-west1-onDelegationCreated] Retrying task index 0
[debug] [2025-09-24T17:13:57.739Z] Checked if tokens are valid: true, expires at: 1758736880538
[debug] [2025-09-24T17:13:57.739Z] Checked if tokens are valid: true, expires at: 1758736880538
[debug] [2025-09-24T17:13:57.739Z] >>> [apiv2][query] GET https://cloudfunctions.googleapis.com/v2/projects/poppin-s-app/locations/europe-west1/operations/operation-1758734020365-63f8f2c89cb81-055d6225-33c66182 [none]
[debug] [2025-09-24T17:13:57.799Z] <<< [apiv2][status] GET https://compute.googleapis.com/compute/v1/projects/402812477660 403
[debug] [2025-09-24T17:13:57.800Z] <<< [apiv2][body] GET https://compute.googleapis.com/compute/v1/projects/402812477660 {"error":{"code":403,"message":"Compute Engine API has not been used in project 402812477660 before or it is disabled. Enable it by visiting https://console.developers.google.com/apis/api/compute.googleapis.com/overview?project=402812477660 then retry. If you enabled this API recently, wait a few minutes for the action to propagate to our systems and retry.","errors":[{"message":"Compute Engine API has not been used in project 402812477660 before or it is disabled. Enable it by visiting https://console.developers.google.com/apis/api/compute.googleapis.com/overview?project=402812477660 then retry. If you enabled this API recently, wait a few minutes for the action to propagate to our systems and retry.","domain":"usageLimits","reason":"accessNotConfigured","extendedHelp":"https://console.developers.google.com"}],"status":"PERMISSION_DENIED","details":[{"@type":"type.googleapis.com/google.rpc.ErrorInfo","reason":"SERVICE_DISABLED","domain":"googleapis.com","metadata":{"containerInfo":"402812477660","consumer":"projects/402812477660","service":"compute.googleapis.com","activationUrl":"https://console.developers.google.com/apis/api/compute.googleapis.com/overview?project=402812477660","serviceTitle":"Compute Engine API"}},{"@type":"type.googleapis.com/google.rpc.LocalizedMessage","locale":"en-US","message":"Compute Engine API has not been used in project 402812477660 before or it is disabled. Enable it by visiting https://console.developers.google.com/apis/api/compute.googleapis.com/overview?project=402812477660 then retry. If you enabled this API recently, wait a few minutes for the action to propagate to our systems and retry."},{"@type":"type.googleapis.com/google.rpc.Help","links":[{"description":"Google developers console API activation","url":"https://console.developers.google.com/apis/api/compute.googleapis.com/overview?project=402812477660"}]}]}}
[debug] [2025-09-24T17:13:57.800Z] unable to look up default compute service account. Falling back to 402812477660-compute@developer.gserviceaccount.com. Error: {"name":"FirebaseError","children":[],"context":{"body":{"error":{"code":403,"message":"Compute Engine API has not been used in project 402812477660 before or it is disabled. Enable it by visiting https://console.developers.google.com/apis/api/compute.googleapis.com/overview?project=402812477660 then retry. If you enabled this API recently, wait a few minutes for the action to propagate to our systems and retry.","errors":[{"message":"Compute Engine API has not been used in project 402812477660 before or it is disabled. Enable it by visiting https://console.developers.google.com/apis/api/compute.googleapis.com/overview?project=402812477660 then retry. If you enabled this API recently, wait a few minutes for the action to propagate to our systems and retry.","domain":"usageLimits","reason":"accessNotConfigured","extendedHelp":"https://console.developers.google.com"}],"status":"PERMISSION_DENIED","details":[{"@type":"type.googleapis.com/google.rpc.ErrorInfo","reason":"SERVICE_DISABLED","domain":"googleapis.com","metadata":{"containerInfo":"402812477660","consumer":"projects/402812477660","service":"compute.googleapis.com","activationUrl":"https://console.developers.google.com/apis/api/compute.googleapis.com/overview?project=402812477660","serviceTitle":"Compute Engine API"}},{"@type":"type.googleapis.com/google.rpc.LocalizedMessage","locale":"en-US","message":"Compute Engine API has not been used in project 402812477660 before or it is disabled. Enable it by visiting https://console.developers.google.com/apis/api/compute.googleapis.com/overview?project=402812477660 then retry. If you enabled this API recently, wait a few minutes for the action to propagate to our systems and retry."},{"@type":"type.googleapis.com/google.rpc.Help","links":[{"description":"Google developers console API activation","url":"https://console.developers.google.com/apis/api/compute.googleapis.com/overview?project=402812477660"}]}]}},"response":{"statusCode":403}},"exit":1,"message":"Request to https://compute.googleapis.com/compute/v1/projects/402812477660 had HTTP Error: 403, Compute Engine API has not been used in project 402812477660 before or it is disabled. Enable it by visiting https://console.developers.google.com/apis/api/compute.googleapis.com/overview?project=402812477660 then retry. If you enabled this API recently, wait a few minutes for the action to propagate to our systems and retry.","status":403}
[debug] [2025-09-24T17:13:57.804Z] Checked if tokens are valid: true, expires at: 1758736880538
[debug] [2025-09-24T17:13:57.806Z] Checked if tokens are valid: true, expires at: 1758736880538
[debug] [2025-09-24T17:13:57.806Z] >>> [apiv2][query] GET https://run.googleapis.com/v1/projects/poppin-s-app/locations/europe-west1/services/cleanupoldnotifications:getIamPolicy [none]
[debug] [2025-09-24T17:13:57.813Z] <<< [apiv2][status] GET https://cloudfunctions.googleapis.com/v2/projects/poppin-s-app/locations/europe-west1/operations/operation-1758734020365-63f8f2c89cb81-055d6225-33c66182 200
[debug] [2025-09-24T17:13:57.813Z] <<< [apiv2][body] GET https://cloudfunctions.googleapis.com/v2/projects/poppin-s-app/locations/europe-west1/operations/operation-1758734020365-63f8f2c89cb81-055d6225-33c66182 {"name":"projects/poppin-s-app/locations/europe-west1/operations/operation-1758734020365-63f8f2c89cb81-055d6225-33c66182","metadata":{"@type":"type.googleapis.com/google.cloud.functions.v2.OperationMetadata","createTime":"2025-09-24T17:13:41.943695149Z","endTime":"2025-09-24T17:13:49.772821181Z","target":"projects/poppin-s-app/locations/europe-west1/functions/onDelegationCreated","verb":"update","cancelRequested":false,"apiVersion":"v2","requestResource":{"@type":"type.googleapis.com/google.cloud.functions.v2.Function","name":"projects/poppin-s-app/locations/europe-west1/functions/onDelegationCreated","buildConfig":{"runtime":"nodejs20","entryPoint":"onDelegationCreated","source":{"storageSource":{"bucket":"gcf-v2-sources-402812477660-europe-west1","object":"onDelegationCreated/function-source.zip","generation":"1758734021899379"}},"environmentVariables":{"GOOGLE_NODE_RUN_SCRIPTS":""},"dockerRepository":"projects/poppin-s-app/locations/europe-west1/repositories/gcf-artifacts","sourceProvenance":{"resolvedStorageSource":{"bucket":"gcf-v2-sources-402812477660-europe-west1","object":"onDelegationCreated/function-source.zip","generation":"1758733376459632"}},"dockerRegistry":"ARTIFACT_REGISTRY","sourceToken":"Clhwcm9qZWN0cy80MDI4MTI0Nzc2NjAvbG9jYXRpb25zL2V1cm9wZS13ZXN0MS9idWlsZHMvODY3N2E5NzktNjBkNy00YmZhLTk4MmUtYmM1MWRkZmZmZjk1EnRldXJvcGUtd2VzdDEtZG9ja2VyLnBrZy5kZXYvcG9wcGluLXMtYXBwL2djZi1hcnRpZmFjdHMvcG9wcGluLS1zLS1hcHBfX2V1cm9wZS0td2VzdDFfX3NlbmRfZW1haWxfdG9fcGFyZW50OnZlcnNpb25fMRjcwfrL3AsiSHByb2plY3RzL3BvcHBpbi1zLWFwcC9sb2NhdGlvbnMvZXVyb3BlLXdlc3QxL2Z1bmN0aW9ucy9zZW5kRW1haWxUb1BhcmVudCoMCMDN0MYGEJjK0+4CMghub2RlanMyMDp3CiNnY3IuaW8vZ2FlLXJ1bnRpbWVzL25vZGVqczIwOnN0YWJsZRJQZXVyb3BlLXdlc3QxLWRvY2tlci5wa2cuZGV2L3NlcnZlcmxlc3MtcnVudGltZXMvZ29vZ2xlLTIyLWZ1bGwvcnVudGltZXMvbm9kZWpzMjBAAQ==","serviceAccount":"projects/poppin-s-app/serviceAccounts/402812477660-compute@developer.gserviceaccount.com","automaticUpdatePolicy":{}},"serviceConfig":{"service":"projects/poppin-s-app/locations/europe-west1/services/ondelegationcreated","timeoutSeconds":60,"environmentVariables":{"EMAIL_USER":"votre_email@gmail.com","EMAIL_PASSWORD":"votre_mot_de_passe_securise","FIREBASE_CONFIG":"{\"projectId\":\"poppin-s-app\",\"storageBucket\":\"poppin-s-app.firebasestorage.app\"}","GCLOUD_PROJECT":"poppin-s-app","EVENTARC_CLOUD_EVENT_SOURCE":"projects/poppin-s-app/locations/europe-west1/services/onDelegationCreated","FUNCTION_SIGNATURE_TYPE":"cloudevent","FUNCTION_TARGET":"onDelegationCreated","LOG_EXECUTION_ID":"true"},"ingressSettings":"ALLOW_ALL","uri":"https://ondelegationcreated-j3na7x5n2a-ew.a.run.app","serviceAccountEmail":"402812477660-compute@developer.gserviceaccount.com","availableMemory":"256Mi","allTrafficOnLatestRevision":true,"revision":"ondelegationcreated-00003-zeg","maxInstanceRequestConcurrency":80,"availableCpu":"1"},"eventTrigger":{"trigger":"projects/poppin-s-app/locations/europe-west9/triggers/ondelegationcreated-613746","triggerRegion":"europe-west9","eventType":"google.cloud.firestore.document.v1.created","eventFilters":[{"attribute":"database","value":"(default)"},{"attribute":"namespace","value":"(default)"},{"attribute":"document","value":"structures/{structureId}/delegations/{delegationId}","operator":"match-path-pattern"}],"pubsubTopic":"projects/poppin-s-app/topics/eventarc-europe-west9-ondelegationcreated-613746-417","serviceAccountEmail":"402812477660-compute@developer.gserviceaccount.com","retryPolicy":"RETRY_POLICY_DO_NOT_RETRY"},"state":"ACTIVE","labels":{"deployment-tool":"cli-firebase","firebase-functions-hash":"ecbaa31c917c1fff03b9ad86e035ea77447bcf99"},"environment":"GEN_2","url":"https://europe-west1-poppin-s-app.cloudfunctions.net/onDelegationCreated","satisfiesPzi":true},"stages":[{"name":"BUILD","message":"Reusing build","state":"COMPLETE","resource":"projects/402812477660/locations/europe-west1/builds/8677a979-60d7-4bfa-982e-bc51ddffff95"},{"name":"SERVICE","message":"Updating Cloud Run service","state":"COMPLETE","resource":"projects/poppin-s-app/locations/europe-west1/services/ondelegationcreated","resourceUri":"https://console.cloud.google.com/run/detail/europe-west1/ondelegationcreated?project=poppin-s-app","stateMessages":[{"severity":"INFO","type":"CloudRunServiceNewRevisionTrafficInfo","message":"A new revision will be deployed serving with 100% traffic."}]},{"name":"TRIGGER","state":"NOT_STARTED"}],"sourceToken":"Clhwcm9qZWN0cy80MDI4MTI0Nzc2NjAvbG9jYXRpb25zL2V1cm9wZS13ZXN0MS9idWlsZHMvODY3N2E5NzktNjBkNy00YmZhLTk4MmUtYmM1MWRkZmZmZjk1EnRldXJvcGUtd2VzdDEtZG9ja2VyLnBrZy5kZXYvcG9wcGluLXMtYXBwL2djZi1hcnRpZmFjdHMvcG9wcGluLS1zLS1hcHBfX2V1cm9wZS0td2VzdDFfX3NlbmRfZW1haWxfdG9fcGFyZW50OnZlcnNpb25fMRjcwfrL3AsiSHByb2plY3RzL3BvcHBpbi1zLWFwcC9sb2NhdGlvbnMvZXVyb3BlLXdlc3QxL2Z1bmN0aW9ucy9zZW5kRW1haWxUb1BhcmVudCoMCMDN0MYGEJjK0+4CMghub2RlanMyMDp3CiNnY3IuaW8vZ2FlLXJ1bnRpbWVzL25vZGVqczIwOnN0YWJsZRJQZXVyb3BlLXdlc3QxLWRvY2tlci5wa2cuZGV2L3NlcnZlcmxlc3MtcnVudGltZXMvZ29vZ2xlLTIyLWZ1bGwvcnVudGltZXMvbm9kZWpzMjBAAQ==","operationType":"UPDATE_FUNCTION","buildName":"projects/402812477660/locations/europe-west1/builds/8677a979-60d7-4bfa-982e-bc51ddffff95"},"done":true,"response":{"@type":"type.googleapis.com/google.cloud.functions.v2.Function","name":"projects/poppin-s-app/locations/europe-west1/functions/onDelegationCreated","buildConfig":{"build":"projects/402812477660/locations/europe-west1/builds/8677a979-60d7-4bfa-982e-bc51ddffff95","runtime":"nodejs20","entryPoint":"onDelegationCreated","source":{"storageSource":{"bucket":"gcf-v2-sources-402812477660-europe-west1","object":"onDelegationCreated/function-source.zip","generation":"1758734021899379"}},"environmentVariables":{"GOOGLE_NODE_RUN_SCRIPTS":""},"dockerRepository":"projects/poppin-s-app/locations/europe-west1/repositories/gcf-artifacts","sourceProvenance":{"resolvedStorageSource":{"bucket":"gcf-v2-sources-402812477660-europe-west1","object":"onDelegationCreated/function-source.zip","generation":"1758734021899379"}},"dockerRegistry":"ARTIFACT_REGISTRY","serviceAccount":"projects/poppin-s-app/serviceAccounts/402812477660-compute@developer.gserviceaccount.com","automaticUpdatePolicy":{}},"serviceConfig":{"service":"projects/poppin-s-app/locations/europe-west1/services/ondelegationcreated","timeoutSeconds":60,"environmentVariables":{"EMAIL_USER":"votre_email@gmail.com","EMAIL_PASSWORD":"votre_mot_de_passe_securise","FIREBASE_CONFIG":"{\"projectId\":\"poppin-s-app\",\"storageBucket\":\"poppin-s-app.firebasestorage.app\"}","GCLOUD_PROJECT":"poppin-s-app","EVENTARC_CLOUD_EVENT_SOURCE":"projects/poppin-s-app/locations/europe-west1/services/onDelegationCreated","FUNCTION_SIGNATURE_TYPE":"cloudevent","FUNCTION_TARGET":"onDelegationCreated","LOG_EXECUTION_ID":"true"},"maxInstanceCount":3,"ingressSettings":"ALLOW_ALL","uri":"https://ondelegationcreated-j3na7x5n2a-ew.a.run.app","serviceAccountEmail":"402812477660-compute@developer.gserviceaccount.com","availableMemory":"256Mi","allTrafficOnLatestRevision":true,"revision":"ondelegationcreated-00004-gax","maxInstanceRequestConcurrency":80,"availableCpu":"1"},"eventTrigger":{"trigger":"projects/poppin-s-app/locations/europe-west9/triggers/ondelegationcreated-613746","triggerRegion":"europe-west9","eventType":"google.cloud.firestore.document.v1.created","eventFilters":[{"attribute":"database","value":"(default)"},{"attribute":"namespace","value":"(default)"},{"attribute":"document","value":"structures/{structureId}/delegations/{delegationId}","operator":"match-path-pattern"}],"pubsubTopic":"projects/poppin-s-app/topics/eventarc-europe-west9-ondelegationcreated-613746-417","serviceAccountEmail":"402812477660-compute@developer.gserviceaccount.com","retryPolicy":"RETRY_POLICY_DO_NOT_RETRY"},"state":"ACTIVE","updateTime":"2025-09-24T17:13:41.946079687Z","labels":{"deployment-tool":"cli-firebase","firebase-functions-hash":"ecbaa31c917c1fff03b9ad86e035ea77447bcf99"},"environment":"GEN_2","url":"https://europe-west1-poppin-s-app.cloudfunctions.net/onDelegationCreated","createTime":"2025-09-13T21:07:19.405396745Z","satisfiesPzi":true}}
[debug] [2025-09-24T17:13:57.813Z] Got source token Clhwcm9qZWN0cy80MDI4MTI0Nzc2NjAvbG9jYXRpb25zL2V1cm9wZS13ZXN0MS9idWlsZHMvODY3N2E5NzktNjBkNy00YmZhLTk4MmUtYmM1MWRkZmZmZjk1EnRldXJvcGUtd2VzdDEtZG9ja2VyLnBrZy5kZXYvcG9wcGluLXMtYXBwL2djZi1hcnRpZmFjdHMvcG9wcGluLS1zLS1hcHBfX2V1cm9wZS0td2VzdDFfX3NlbmRfZW1haWxfdG9fcGFyZW50OnZlcnNpb25fMRjcwfrL3AsiSHByb2plY3RzL3BvcHBpbi1zLWFwcC9sb2NhdGlvbnMvZXVyb3BlLXdlc3QxL2Z1bmN0aW9ucy9zZW5kRW1haWxUb1BhcmVudCoMCMDN0MYGEJjK0+4CMghub2RlanMyMDp3CiNnY3IuaW8vZ2FlLXJ1bnRpbWVzL25vZGVqczIwOnN0YWJsZRJQZXVyb3BlLXdlc3QxLWRvY2tlci5wa2cuZGV2L3NlcnZlcmxlc3MtcnVudGltZXMvZ29vZ2xlLTIyLWZ1bGwvcnVudGltZXMvbm9kZWpzMjBAAQ== for region europe-west1
[info] ✔  functions[onDelegationCreated(europe-west1)] Successful update operation. 
[debug] [2025-09-24T17:13:57.932Z] <<< [apiv2][status] GET https://compute.googleapis.com/compute/v1/projects/402812477660 403
[debug] [2025-09-24T17:13:57.932Z] <<< [apiv2][body] GET https://compute.googleapis.com/compute/v1/projects/402812477660 {"error":{"code":403,"message":"Compute Engine API has not been used in project 402812477660 before or it is disabled. Enable it by visiting https://console.developers.google.com/apis/api/compute.googleapis.com/overview?project=402812477660 then retry. If you enabled this API recently, wait a few minutes for the action to propagate to our systems and retry.","errors":[{"message":"Compute Engine API has not been used in project 402812477660 before or it is disabled. Enable it by visiting https://console.developers.google.com/apis/api/compute.googleapis.com/overview?project=402812477660 then retry. If you enabled this API recently, wait a few minutes for the action to propagate to our systems and retry.","domain":"usageLimits","reason":"accessNotConfigured","extendedHelp":"https://console.developers.google.com"}],"status":"PERMISSION_DENIED","details":[{"@type":"type.googleapis.com/google.rpc.ErrorInfo","reason":"SERVICE_DISABLED","domain":"googleapis.com","metadata":{"consumer":"projects/402812477660","serviceTitle":"Compute Engine API","activationUrl":"https://console.developers.google.com/apis/api/compute.googleapis.com/overview?project=402812477660","service":"compute.googleapis.com","containerInfo":"402812477660"}},{"@type":"type.googleapis.com/google.rpc.LocalizedMessage","locale":"en-US","message":"Compute Engine API has not been used in project 402812477660 before or it is disabled. Enable it by visiting https://console.developers.google.com/apis/api/compute.googleapis.com/overview?project=402812477660 then retry. If you enabled this API recently, wait a few minutes for the action to propagate to our systems and retry."},{"@type":"type.googleapis.com/google.rpc.Help","links":[{"description":"Google developers console API activation","url":"https://console.developers.google.com/apis/api/compute.googleapis.com/overview?project=402812477660"}]}]}}
[debug] [2025-09-24T17:13:57.933Z] unable to look up default compute service account. Falling back to 402812477660-compute@developer.gserviceaccount.com. Error: {"name":"FirebaseError","children":[],"context":{"body":{"error":{"code":403,"message":"Compute Engine API has not been used in project 402812477660 before or it is disabled. Enable it by visiting https://console.developers.google.com/apis/api/compute.googleapis.com/overview?project=402812477660 then retry. If you enabled this API recently, wait a few minutes for the action to propagate to our systems and retry.","errors":[{"message":"Compute Engine API has not been used in project 402812477660 before or it is disabled. Enable it by visiting https://console.developers.google.com/apis/api/compute.googleapis.com/overview?project=402812477660 then retry. If you enabled this API recently, wait a few minutes for the action to propagate to our systems and retry.","domain":"usageLimits","reason":"accessNotConfigured","extendedHelp":"https://console.developers.google.com"}],"status":"PERMISSION_DENIED","details":[{"@type":"type.googleapis.com/google.rpc.ErrorInfo","reason":"SERVICE_DISABLED","domain":"googleapis.com","metadata":{"consumer":"projects/402812477660","serviceTitle":"Compute Engine API","activationUrl":"https://console.developers.google.com/apis/api/compute.googleapis.com/overview?project=402812477660","service":"compute.googleapis.com","containerInfo":"402812477660"}},{"@type":"type.googleapis.com/google.rpc.LocalizedMessage","locale":"en-US","message":"Compute Engine API has not been used in project 402812477660 before or it is disabled. Enable it by visiting https://console.developers.google.com/apis/api/compute.googleapis.com/overview?project=402812477660 then retry. If you enabled this API recently, wait a few minutes for the action to propagate to our systems and retry."},{"@type":"type.googleapis.com/google.rpc.Help","links":[{"description":"Google developers console API activation","url":"https://console.developers.google.com/apis/api/compute.googleapis.com/overview?project=402812477660"}]}]}},"response":{"statusCode":403}},"exit":1,"message":"Request to https://compute.googleapis.com/compute/v1/projects/402812477660 had HTTP Error: 403, Compute Engine API has not been used in project 402812477660 before or it is disabled. Enable it by visiting https://console.developers.google.com/apis/api/compute.googleapis.com/overview?project=402812477660 then retry. If you enabled this API recently, wait a few minutes for the action to propagate to our systems and retry.","status":403}
[debug] [2025-09-24T17:13:57.933Z] Checked if tokens are valid: true, expires at: 1758736880538
[debug] [2025-09-24T17:13:57.933Z] Checked if tokens are valid: true, expires at: 1758736880538
[debug] [2025-09-24T17:13:57.933Z] >>> [apiv2][query] GET https://run.googleapis.com/v1/projects/poppin-s-app/locations/europe-west1/services/retryfailedemails:getIamPolicy [none]
[debug] [2025-09-24T17:13:58.313Z] <<< [apiv2][status] GET https://run.googleapis.com/v1/projects/poppin-s-app/locations/europe-west1/services/cleanupoldnotifications:getIamPolicy 200
[debug] [2025-09-24T17:13:58.313Z] <<< [apiv2][body] GET https://run.googleapis.com/v1/projects/poppin-s-app/locations/europe-west1/services/cleanupoldnotifications:getIamPolicy {"version":1,"etag":"BwY9++v8aMQ=","bindings":[{"role":"roles/run.invoker","members":["serviceAccount:402812477660-compute@developer.gserviceaccount.com"]}]}
[debug] [2025-09-24T17:13:58.315Z] Checked if tokens are valid: true, expires at: 1758736880538
[debug] [2025-09-24T17:13:58.315Z] Checked if tokens are valid: true, expires at: 1758736880538
[debug] [2025-09-24T17:13:58.315Z] >>> [apiv2][query] GET https://compute.googleapis.com/compute/v1/projects/402812477660 [none]
[debug] [2025-09-24T17:13:58.316Z] <<< [apiv2][status] GET https://run.googleapis.com/v1/projects/poppin-s-app/locations/europe-west1/services/retryfailedemails:getIamPolicy 200
[debug] [2025-09-24T17:13:58.316Z] <<< [apiv2][body] GET https://run.googleapis.com/v1/projects/poppin-s-app/locations/europe-west1/services/retryfailedemails:getIamPolicy {"version":1,"etag":"BwY2l+glnws=","bindings":[{"role":"roles/run.invoker","members":["serviceAccount:402812477660-compute@developer.gserviceaccount.com"]}]}
[debug] [2025-09-24T17:13:58.317Z] Checked if tokens are valid: true, expires at: 1758736880538
[debug] [2025-09-24T17:13:58.317Z] Checked if tokens are valid: true, expires at: 1758736880538
[debug] [2025-09-24T17:13:58.317Z] >>> [apiv2][query] GET https://compute.googleapis.com/compute/v1/projects/402812477660 [none]
[debug] [2025-09-24T17:13:58.455Z] <<< [apiv2][status] GET https://compute.googleapis.com/compute/v1/projects/402812477660 403
[debug] [2025-09-24T17:13:58.456Z] <<< [apiv2][body] GET https://compute.googleapis.com/compute/v1/projects/402812477660 {"error":{"code":403,"message":"Compute Engine API has not been used in project 402812477660 before or it is disabled. Enable it by visiting https://console.developers.google.com/apis/api/compute.googleapis.com/overview?project=402812477660 then retry. If you enabled this API recently, wait a few minutes for the action to propagate to our systems and retry.","errors":[{"message":"Compute Engine API has not been used in project 402812477660 before or it is disabled. Enable it by visiting https://console.developers.google.com/apis/api/compute.googleapis.com/overview?project=402812477660 then retry. If you enabled this API recently, wait a few minutes for the action to propagate to our systems and retry.","domain":"usageLimits","reason":"accessNotConfigured","extendedHelp":"https://console.developers.google.com"}],"status":"PERMISSION_DENIED","details":[{"@type":"type.googleapis.com/google.rpc.ErrorInfo","reason":"SERVICE_DISABLED","domain":"googleapis.com","metadata":{"activationUrl":"https://console.developers.google.com/apis/api/compute.googleapis.com/overview?project=402812477660","containerInfo":"402812477660","consumer":"projects/402812477660","service":"compute.googleapis.com","serviceTitle":"Compute Engine API"}},{"@type":"type.googleapis.com/google.rpc.LocalizedMessage","locale":"en-US","message":"Compute Engine API has not been used in project 402812477660 before or it is disabled. Enable it by visiting https://console.developers.google.com/apis/api/compute.googleapis.com/overview?project=402812477660 then retry. If you enabled this API recently, wait a few minutes for the action to propagate to our systems and retry."},{"@type":"type.googleapis.com/google.rpc.Help","links":[{"description":"Google developers console API activation","url":"https://console.developers.google.com/apis/api/compute.googleapis.com/overview?project=402812477660"}]}]}}
[debug] [2025-09-24T17:13:58.456Z] unable to look up default compute service account. Falling back to 402812477660-compute@developer.gserviceaccount.com. Error: {"name":"FirebaseError","children":[],"context":{"body":{"error":{"code":403,"message":"Compute Engine API has not been used in project 402812477660 before or it is disabled. Enable it by visiting https://console.developers.google.com/apis/api/compute.googleapis.com/overview?project=402812477660 then retry. If you enabled this API recently, wait a few minutes for the action to propagate to our systems and retry.","errors":[{"message":"Compute Engine API has not been used in project 402812477660 before or it is disabled. Enable it by visiting https://console.developers.google.com/apis/api/compute.googleapis.com/overview?project=402812477660 then retry. If you enabled this API recently, wait a few minutes for the action to propagate to our systems and retry.","domain":"usageLimits","reason":"accessNotConfigured","extendedHelp":"https://console.developers.google.com"}],"status":"PERMISSION_DENIED","details":[{"@type":"type.googleapis.com/google.rpc.ErrorInfo","reason":"SERVICE_DISABLED","domain":"googleapis.com","metadata":{"activationUrl":"https://console.developers.google.com/apis/api/compute.googleapis.com/overview?project=402812477660","containerInfo":"402812477660","consumer":"projects/402812477660","service":"compute.googleapis.com","serviceTitle":"Compute Engine API"}},{"@type":"type.googleapis.com/google.rpc.LocalizedMessage","locale":"en-US","message":"Compute Engine API has not been used in project 402812477660 before or it is disabled. Enable it by visiting https://console.developers.google.com/apis/api/compute.googleapis.com/overview?project=402812477660 then retry. If you enabled this API recently, wait a few minutes for the action to propagate to our systems and retry."},{"@type":"type.googleapis.com/google.rpc.Help","links":[{"description":"Google developers console API activation","url":"https://console.developers.google.com/apis/api/compute.googleapis.com/overview?project=402812477660"}]}]}},"response":{"statusCode":403}},"exit":1,"message":"Request to https://compute.googleapis.com/compute/v1/projects/402812477660 had HTTP Error: 403, Compute Engine API has not been used in project 402812477660 before or it is disabled. Enable it by visiting https://console.developers.google.com/apis/api/compute.googleapis.com/overview?project=402812477660 then retry. If you enabled this API recently, wait a few minutes for the action to propagate to our systems and retry.","status":403}
[debug] [2025-09-24T17:13:58.457Z] Checked if tokens are valid: true, expires at: 1758736880538
[debug] [2025-09-24T17:13:58.457Z] Checked if tokens are valid: true, expires at: 1758736880538
[debug] [2025-09-24T17:13:58.457Z] >>> [apiv2][query] GET https://cloudscheduler.googleapis.com/v1/projects/poppin-s-app/locations/europe-west1/jobs/firebase-schedule-retryFailedEmails-europe-west1 [none]
[debug] [2025-09-24T17:13:58.460Z] <<< [apiv2][status] GET https://compute.googleapis.com/compute/v1/projects/402812477660 403
[debug] [2025-09-24T17:13:58.460Z] <<< [apiv2][body] GET https://compute.googleapis.com/compute/v1/projects/402812477660 {"error":{"code":403,"message":"Compute Engine API has not been used in project 402812477660 before or it is disabled. Enable it by visiting https://console.developers.google.com/apis/api/compute.googleapis.com/overview?project=402812477660 then retry. If you enabled this API recently, wait a few minutes for the action to propagate to our systems and retry.","errors":[{"message":"Compute Engine API has not been used in project 402812477660 before or it is disabled. Enable it by visiting https://console.developers.google.com/apis/api/compute.googleapis.com/overview?project=402812477660 then retry. If you enabled this API recently, wait a few minutes for the action to propagate to our systems and retry.","domain":"usageLimits","reason":"accessNotConfigured","extendedHelp":"https://console.developers.google.com"}],"status":"PERMISSION_DENIED","details":[{"@type":"type.googleapis.com/google.rpc.ErrorInfo","reason":"SERVICE_DISABLED","domain":"googleapis.com","metadata":{"serviceTitle":"Compute Engine API","containerInfo":"402812477660","service":"compute.googleapis.com","consumer":"projects/402812477660","activationUrl":"https://console.developers.google.com/apis/api/compute.googleapis.com/overview?project=402812477660"}},{"@type":"type.googleapis.com/google.rpc.LocalizedMessage","locale":"en-US","message":"Compute Engine API has not been used in project 402812477660 before or it is disabled. Enable it by visiting https://console.developers.google.com/apis/api/compute.googleapis.com/overview?project=402812477660 then retry. If you enabled this API recently, wait a few minutes for the action to propagate to our systems and retry."},{"@type":"type.googleapis.com/google.rpc.Help","links":[{"description":"Google developers console API activation","url":"https://console.developers.google.com/apis/api/compute.googleapis.com/overview?project=402812477660"}]}]}}
[debug] [2025-09-24T17:13:58.460Z] unable to look up default compute service account. Falling back to 402812477660-compute@developer.gserviceaccount.com. Error: {"name":"FirebaseError","children":[],"context":{"body":{"error":{"code":403,"message":"Compute Engine API has not been used in project 402812477660 before or it is disabled. Enable it by visiting https://console.developers.google.com/apis/api/compute.googleapis.com/overview?project=402812477660 then retry. If you enabled this API recently, wait a few minutes for the action to propagate to our systems and retry.","errors":[{"message":"Compute Engine API has not been used in project 402812477660 before or it is disabled. Enable it by visiting https://console.developers.google.com/apis/api/compute.googleapis.com/overview?project=402812477660 then retry. If you enabled this API recently, wait a few minutes for the action to propagate to our systems and retry.","domain":"usageLimits","reason":"accessNotConfigured","extendedHelp":"https://console.developers.google.com"}],"status":"PERMISSION_DENIED","details":[{"@type":"type.googleapis.com/google.rpc.ErrorInfo","reason":"SERVICE_DISABLED","domain":"googleapis.com","metadata":{"serviceTitle":"Compute Engine API","containerInfo":"402812477660","service":"compute.googleapis.com","consumer":"projects/402812477660","activationUrl":"https://console.developers.google.com/apis/api/compute.googleapis.com/overview?project=402812477660"}},{"@type":"type.googleapis.com/google.rpc.LocalizedMessage","locale":"en-US","message":"Compute Engine API has not been used in project 402812477660 before or it is disabled. Enable it by visiting https://console.developers.google.com/apis/api/compute.googleapis.com/overview?project=402812477660 then retry. If you enabled this API recently, wait a few minutes for the action to propagate to our systems and retry."},{"@type":"type.googleapis.com/google.rpc.Help","links":[{"description":"Google developers console API activation","url":"https://console.developers.google.com/apis/api/compute.googleapis.com/overview?project=402812477660"}]}]}},"response":{"statusCode":403}},"exit":1,"message":"Request to https://compute.googleapis.com/compute/v1/projects/402812477660 had HTTP Error: 403, Compute Engine API has not been used in project 402812477660 before or it is disabled. Enable it by visiting https://console.developers.google.com/apis/api/compute.googleapis.com/overview?project=402812477660 then retry. If you enabled this API recently, wait a few minutes for the action to propagate to our systems and retry.","status":403}
[debug] [2025-09-24T17:13:58.461Z] Checked if tokens are valid: true, expires at: 1758736880538
[debug] [2025-09-24T17:13:58.461Z] Checked if tokens are valid: true, expires at: 1758736880538
[debug] [2025-09-24T17:13:58.461Z] >>> [apiv2][query] GET https://cloudscheduler.googleapis.com/v1/projects/poppin-s-app/locations/europe-west1/jobs/firebase-schedule-cleanupOldNotifications-europe-west1 [none]
[debug] [2025-09-24T17:13:58.612Z] <<< [apiv2][status] GET https://cloudscheduler.googleapis.com/v1/projects/poppin-s-app/locations/europe-west1/jobs/firebase-schedule-retryFailedEmails-europe-west1 200
[debug] [2025-09-24T17:13:58.613Z] <<< [apiv2][body] GET https://cloudscheduler.googleapis.com/v1/projects/poppin-s-app/locations/europe-west1/jobs/firebase-schedule-retryFailedEmails-europe-west1 {"name":"projects/poppin-s-app/locations/europe-west1/jobs/firebase-schedule-retryFailedEmails-europe-west1","httpTarget":{"uri":"https://europe-west1-poppin-s-app.cloudfunctions.net/retryFailedEmails","httpMethod":"POST","headers":{"User-Agent":"Google-Cloud-Scheduler"},"oidcToken":{"serviceAccountEmail":"402812477660-compute@developer.gserviceaccount.com","audience":"https://europe-west1-poppin-s-app.cloudfunctions.net/retryFailedEmails"}},"userUpdateTime":"2025-06-02T14:52:04Z","state":"ENABLED","status":{},"scheduleTime":"2025-09-24T18:52:00.784541Z","lastAttemptTime":"2025-09-24T16:52:00.100286Z","schedule":"every 2 hours","timeZone":"UTC","attemptDeadline":"180s"}
[debug] [2025-09-24T17:13:58.613Z] scheduler job firebase-schedule-retryFailedEmails-europe-west1 is up to date, no changes required
[info] ✔  functions[retryFailedEmails(europe-west1)] Successful update operation. 
[debug] [2025-09-24T17:13:58.619Z] <<< [apiv2][status] GET https://cloudscheduler.googleapis.com/v1/projects/poppin-s-app/locations/europe-west1/jobs/firebase-schedule-cleanupOldNotifications-europe-west1 200
[debug] [2025-09-24T17:13:58.619Z] <<< [apiv2][body] GET https://cloudscheduler.googleapis.com/v1/projects/poppin-s-app/locations/europe-west1/jobs/firebase-schedule-cleanupOldNotifications-europe-west1 {"name":"projects/poppin-s-app/locations/europe-west1/jobs/firebase-schedule-cleanupOldNotifications-europe-west1","httpTarget":{"uri":"https://europe-west1-poppin-s-app.cloudfunctions.net/cleanupOldNotifications","httpMethod":"POST","headers":{"User-Agent":"Google-Cloud-Scheduler"},"oidcToken":{"serviceAccountEmail":"402812477660-compute@developer.gserviceaccount.com","audience":"https://europe-west1-poppin-s-app.cloudfunctions.net/cleanupOldNotifications"}},"userUpdateTime":"2025-09-04T16:07:46Z","state":"ENABLED","status":{},"scheduleTime":"2025-09-25T16:07:00.642184Z","lastAttemptTime":"2025-09-24T16:07:01.000333Z","schedule":"every 24 hours","timeZone":"UTC","attemptDeadline":"180s"}
[debug] [2025-09-24T17:13:58.619Z] scheduler job firebase-schedule-cleanupOldNotifications-europe-west1 is up to date, no changes required
[info] ✔  functions[cleanupOldNotifications(europe-west1)] Successful update operation. 
[debug] [2025-09-24T17:13:58.641Z] Total Function Deployment time: 65728
[debug] [2025-09-24T17:13:58.641Z] 12 Functions Deployed
[debug] [2025-09-24T17:13:58.641Z] 3 Functions Errored
[debug] [2025-09-24T17:13:58.641Z] 0 Function Deployments Aborted
[debug] [2025-09-24T17:13:58.641Z] Average Function Deployment time: 60337.916666666664
[info] 
[info] Functions deploy had errors with the following functions:
	acceptDelegation(europe-west1)
	cancelDelegation(europe-west1)
	sendNotification(europe-west1)
[debug] [2025-09-24T17:13:58.749Z] Checked if tokens are valid: true, expires at: 1758736880538
[debug] [2025-09-24T17:13:58.749Z] Checked if tokens are valid: true, expires at: 1758736880538
[debug] [2025-09-24T17:13:58.749Z] >>> [apiv2][query] GET https://artifactregistry.googleapis.com/v1/projects/poppin-s-app/locations/europe-west1/repositories/gcf-artifacts [none]
[debug] [2025-09-24T17:13:58.893Z] <<< [apiv2][status] GET https://artifactregistry.googleapis.com/v1/projects/poppin-s-app/locations/europe-west1/repositories/gcf-artifacts 200
[debug] [2025-09-24T17:13:58.893Z] <<< [apiv2][body] GET https://artifactregistry.googleapis.com/v1/projects/poppin-s-app/locations/europe-west1/repositories/gcf-artifacts {"name":"projects/poppin-s-app/locations/europe-west1/repositories/gcf-artifacts","format":"DOCKER","description":"This repository is created and used by Cloud Functions for storing function docker images.","labels":{"goog-managed-by":"cloudfunctions"},"createTime":"2025-03-09T17:16:30.979463Z","updateTime":"2025-09-24T17:13:31.516802Z","mode":"STANDARD_REPOSITORY","cleanupPolicies":{"firebase-functions-cleanup":{"id":"firebase-functions-cleanup","action":"DELETE","condition":{"tagState":"ANY","olderThan":"86400s"}}},"sizeBytes":"110254934","vulnerabilityScanningConfig":{"lastEnableTime":"2025-03-09T17:16:22.419895745Z","enablementState":"SCANNING_DISABLED","enablementStateReason":"API containerscanning.googleapis.com is not enabled."},"satisfiesPzi":true,"registryUri":"europe-west1-docker.pkg.dev/poppin-s-app/gcf-artifacts"}
[debug] [2025-09-24T17:13:58.894Z] Functions deploy failed.
[debug] [2025-09-24T17:13:58.894Z] {
  "endpoint": {
    "id": "cancelDelegation",
    "project": "poppin-s-app",
    "region": "europe-west1",
    "entryPoint": "cancelDelegation",
    "platform": "gcfv2",
    "runtime": "nodejs20",
    "callableTrigger": {},
    "labels": {
      "deployment-tool": "cli-firebase"
    },
    "serviceAccount": null,
    "ingressSettings": null,
    "availableMemoryMb": null,
    "timeoutSeconds": null,
    "maxInstances": null,
    "minInstances": null,
    "concurrency": 80,
    "vpc": null,
    "environmentVariables": {
      "EMAIL_USER": "votre_email@gmail.com",
      "EMAIL_PASSWORD": "votre_mot_de_passe_securise",
      "FIREBASE_CONFIG": "{\"projectId\":\"poppin-s-app\",\"storageBucket\":\"poppin-s-app.firebasestorage.app\"}",
      "GCLOUD_PROJECT": "poppin-s-app",
      "EVENTARC_CLOUD_EVENT_SOURCE": "projects/poppin-s-app/locations/europe-west1/services/cancelDelegation"
    },
    "codebase": "default",
    "runServiceId": "canceldelegation",
    "cpu": 1,
    "securityLevel": "SECURE_ALWAYS",
    "targetedByOnly": false,
    "hash": "ecbaa31c917c1fff03b9ad86e035ea77447bcf99"
  },
  "op": "update",
  "original": {
    "name": "FirebaseError",
    "children": [],
    "exit": 1,
    "message": "Could not create or update Cloud Run service canceldelegation, Container Healthcheck failed. Revision 'canceldelegation-00005-bev' is not ready and cannot serve traffic. Quota exceeded for total allowable CPU per project per region.\n\nLogs URL: https://console.cloud.google.com/logs/viewer?project=poppin-s-app&resource=cloud_run_revision/service_name/canceldelegation/revision_name/canceldelegation-00005-bev&advancedFilter=resource.type%3D%22cloud_run_revision%22%0Aresource.labels.service_name%3D%22canceldelegation%22%0Aresource.labels.revision_name%3D%22canceldelegation-00005-bev%22 \nFor more troubleshooting guidance, see https://cloud.google.com/run/docs/troubleshooting#container-failed-to-start",
    "original": {
      "code": 3,
      "message": "Could not create or update Cloud Run service canceldelegation, Container Healthcheck failed. Revision 'canceldelegation-00005-bev' is not ready and cannot serve traffic. Quota exceeded for total allowable CPU per project per region.\n\nLogs URL: https://console.cloud.google.com/logs/viewer?project=poppin-s-app&resource=cloud_run_revision/service_name/canceldelegation/revision_name/canceldelegation-00005-bev&advancedFilter=resource.type%3D%22cloud_run_revision%22%0Aresource.labels.service_name%3D%22canceldelegation%22%0Aresource.labels.revision_name%3D%22canceldelegation-00005-bev%22 \nFor more troubleshooting guidance, see https://cloud.google.com/run/docs/troubleshooting#container-failed-to-start"
    },
    "status": 3,
    "code": 3
  }
}
[debug] [2025-09-24T17:13:58.894Z] {
  "endpoint": {
    "id": "acceptDelegation",
    "project": "poppin-s-app",
    "region": "europe-west1",
    "entryPoint": "acceptDelegation",
    "platform": "gcfv2",
    "runtime": "nodejs20",
    "callableTrigger": {},
    "labels": {
      "deployment-tool": "cli-firebase"
    },
    "serviceAccount": null,
    "ingressSettings": null,
    "availableMemoryMb": null,
    "timeoutSeconds": null,
    "maxInstances": null,
    "minInstances": null,
    "concurrency": 80,
    "vpc": null,
    "environmentVariables": {
      "EMAIL_USER": "votre_email@gmail.com",
      "EMAIL_PASSWORD": "votre_mot_de_passe_securise",
      "FIREBASE_CONFIG": "{\"projectId\":\"poppin-s-app\",\"storageBucket\":\"poppin-s-app.firebasestorage.app\"}",
      "GCLOUD_PROJECT": "poppin-s-app",
      "EVENTARC_CLOUD_EVENT_SOURCE": "projects/poppin-s-app/locations/europe-west1/services/acceptDelegation"
    },
    "codebase": "default",
    "runServiceId": "acceptdelegation",
    "cpu": 1,
    "securityLevel": "SECURE_ALWAYS",
    "targetedByOnly": false,
    "hash": "ecbaa31c917c1fff03b9ad86e035ea77447bcf99"
  },
  "op": "update",
  "original": {
    "name": "FirebaseError",
    "children": [],
    "exit": 1,
    "message": "Could not create or update Cloud Run service acceptdelegation, Container Healthcheck failed. Revision 'acceptdelegation-00005-rag' is not ready and cannot serve traffic. Quota exceeded for total allowable CPU per project per region.\n\nLogs URL: https://console.cloud.google.com/logs/viewer?project=poppin-s-app&resource=cloud_run_revision/service_name/acceptdelegation/revision_name/acceptdelegation-00005-rag&advancedFilter=resource.type%3D%22cloud_run_revision%22%0Aresource.labels.service_name%3D%22acceptdelegation%22%0Aresource.labels.revision_name%3D%22acceptdelegation-00005-rag%22 \nFor more troubleshooting guidance, see https://cloud.google.com/run/docs/troubleshooting#container-failed-to-start",
    "original": {
      "code": 3,
      "message": "Could not create or update Cloud Run service acceptdelegation, Container Healthcheck failed. Revision 'acceptdelegation-00005-rag' is not ready and cannot serve traffic. Quota exceeded for total allowable CPU per project per region.\n\nLogs URL: https://console.cloud.google.com/logs/viewer?project=poppin-s-app&resource=cloud_run_revision/service_name/acceptdelegation/revision_name/acceptdelegation-00005-rag&advancedFilter=resource.type%3D%22cloud_run_revision%22%0Aresource.labels.service_name%3D%22acceptdelegation%22%0Aresource.labels.revision_name%3D%22acceptdelegation-00005-rag%22 \nFor more troubleshooting guidance, see https://cloud.google.com/run/docs/troubleshooting#container-failed-to-start"
    },
    "status": 3,
    "code": 3
  }
}
[debug] [2025-09-24T17:13:58.894Z] {
  "endpoint": {
    "id": "sendNotification",
    "project": "poppin-s-app",
    "region": "europe-west1",
    "entryPoint": "sendNotification",
    "platform": "gcfv2",
    "runtime": "nodejs20",
    "eventTrigger": {
      "eventType": "google.cloud.firestore.document.v1.created",
      "retry": false,
      "eventFilters": {
        "database": "(default)",
        "namespace": "(default)"
      },
      "eventFilterPathPatterns": {
        "document": "notifications/{notificationId}"
      },
      "region": "europe-west9"
    },
    "labels": {
      "deployment-tool": "cli-firebase"
    },
    "serviceAccount": null,
    "ingressSettings": null,
    "availableMemoryMb": null,
    "timeoutSeconds": null,
    "maxInstances": null,
    "minInstances": null,
    "concurrency": 80,
    "vpc": null,
    "environmentVariables": {
      "EMAIL_USER": "votre_email@gmail.com",
      "EMAIL_PASSWORD": "votre_mot_de_passe_securise",
      "FIREBASE_CONFIG": "{\"projectId\":\"poppin-s-app\",\"storageBucket\":\"poppin-s-app.firebasestorage.app\"}",
      "GCLOUD_PROJECT": "poppin-s-app",
      "EVENTARC_CLOUD_EVENT_SOURCE": "projects/poppin-s-app/locations/europe-west1/services/sendNotification"
    },
    "codebase": "default",
    "runServiceId": "sendnotification",
    "cpu": 1,
    "securityLevel": "SECURE_ALWAYS",
    "targetedByOnly": false,
    "hash": "ecbaa31c917c1fff03b9ad86e035ea77447bcf99"
  },
  "op": "update",
  "original": {
    "name": "FirebaseError",
    "children": [],
    "exit": 1,
    "message": "Could not create or update Cloud Run service sendnotification, Container Healthcheck failed. Revision 'sendnotification-00008-rip' is not ready and cannot serve traffic. Quota exceeded for total allowable CPU per project per region.\n\nLogs URL: https://console.cloud.google.com/logs/viewer?project=poppin-s-app&resource=cloud_run_revision/service_name/sendnotification/revision_name/sendnotification-00008-rip&advancedFilter=resource.type%3D%22cloud_run_revision%22%0Aresource.labels.service_name%3D%22sendnotification%22%0Aresource.labels.revision_name%3D%22sendnotification-00008-rip%22 \nFor more troubleshooting guidance, see https://cloud.google.com/run/docs/troubleshooting#container-failed-to-start",
    "original": {
      "code": 3,
      "message": "Could not create or update Cloud Run service sendnotification, Container Healthcheck failed. Revision 'sendnotification-00008-rip' is not ready and cannot serve traffic. Quota exceeded for total allowable CPU per project per region.\n\nLogs URL: https://console.cloud.google.com/logs/viewer?project=poppin-s-app&resource=cloud_run_revision/service_name/sendnotification/revision_name/sendnotification-00008-rip&advancedFilter=resource.type%3D%22cloud_run_revision%22%0Aresource.labels.service_name%3D%22sendnotification%22%0Aresource.labels.revision_name%3D%22sendnotification-00008-rip%22 \nFor more troubleshooting guidance, see https://cloud.google.com/run/docs/troubleshooting#container-failed-to-start"
    },
    "status": 3,
    "code": 3
  }
}
[error] Error: There was an error deploying functions:
[error] - Error Failed to update function cancelDelegation in region europe-west1
[error] - Error Failed to update function acceptDelegation in region europe-west1
[error] - Error Failed to update function sendNotification in region europe-west1
